zip_file,status,audio_found,audio_made_smaller,before_bytes,after_bytes,before_mib,after_mib,saved_bytes,saved_percent,output_file
LIDO_drawshape0001.zip,compressed,1,1,27355,25581,0.03,0.02,1774,6.49,/home/santhosh/Desktop/audio-compressed-zips/LIDO_drawshape0001.zip
LIDO_drawshape0006.zip,compressed,1,1,24656,23406,0.02,0.02,1250,5.07,/home/santhosh/Desktop/audio-compressed-zips/LIDO_drawshape0006.zip
LIDO_drawshape0008.zip,compressed,1,1,27920,25595,0.03,0.02,2325,8.33,/home/santhosh/Desktop/audio-compressed-zips/LIDO_drawshape0008.zip
LIDO_drawshape0005.zip,compressed,1,1,33580,32083,0.03,0.03,1497,4.46,/home/santhosh/Desktop/audio-compressed-zips/LIDO_drawshape0005.zip
LIDO_drawshape0010.zip,compressed,1,1,37492,35333,0.04,0.03,2159,5.76,/home/santhosh/Desktop/audio-compressed-zips/LIDO_drawshape0010.zip
LIDO_drawshape0015.zip,compressed,1,1,34288,33208,0.03,0.03,1080,3.15,/home/santhosh/Desktop/audio-compressed-zips/LIDO_drawshape0015.zip
LIDO_matchingcard0005.zip,unchanged (compression gave no saving),0,0,33572,33572,0.03,0.03,0,0,/home/santhosh/Desktop/audio-compressed-zips/LIDO_matchingcard0005.zip
LIDO_maths1509_en.zip,unchanged (compression gave no saving),0,0,33096,33096,0.03,0.03,0,0,/home/santhosh/Desktop/audio-compressed-zips/LIDO_maths1509_en.zip
LIDO_maths1509_hi.zip,unchanged (compression gave no saving),0,0,33094,33094,0.03,0.03,0,0,/home/santhosh/Desktop/audio-compressed-zips/LIDO_maths1509_hi.zip
LIDO_maths1509_kn.zip,unchanged (compression gave no saving),0,0,33098,33098,0.03,0.03,0,0,/home/santhosh/Desktop/audio-compressed-zips/LIDO_maths1509_kn.zip
LIDO_maths1510_en.zip,unchanged (compression gave no saving),0,0,33137,33137,0.03,0.03,0,0,/home/santhosh/Desktop/audio-compressed-zips/LIDO_maths1510_en.zip
LIDO_maths1510_hi.zip,unchanged (compression gave no saving),0,0,33139,33139,0.03,0.03,0,0,/home/santhosh/Desktop/audio-compressed-zips/LIDO_maths1510_hi.zip
LIDO_maths1510_kn.zip,unchanged (compression gave no saving),0,0,33108,33108,0.03,0.03,0,0,/home/santhosh/Desktop/audio-compressed-zips/LIDO_maths1510_kn.zip
LIDO_maths1511_en.zip,unchanged (compression gave no saving),0,0,33123,33123,0.03,0.03,0,0,/home/santhosh/Desktop/audio-compressed-zips/LIDO_maths1511_en.zip
LIDO_maths1511_hi.zip,unchanged (compression gave no saving),0,0,33150,33150,0.03,0.03,0,0,/home/santhosh/Desktop/audio-compressed-zips/LIDO_maths1511_hi.zip
LIDO_maths1511_kn.zip,unchanged (compression gave no saving),0,0,33123,33123,0.03,0.03,0,0,/home/santhosh/Desktop/audio-compressed-zips/LIDO_maths1511_kn.zip
LIDO_maths1512_en.zip,unchanged (compression gave no saving),0,0,33147,33147,0.03,0.03,0,0,/home/santhosh/Desktop/audio-compressed-zips/LIDO_maths1512_en.zip
LIDO_maths1512_hi.zip,unchanged (compression gave no saving),0,0,33131,33131,0.03,0.03,0,0,/home/santhosh/Desktop/audio-compressed-zips/LIDO_maths1512_hi.zip
LIDO_maths1512_kn.zip,unchanged (compression gave no saving),0,0,33133,33133,0.03,0.03,0,0,/home/santhosh/Desktop/audio-compressed-zips/LIDO_maths1512_kn.zip
LIDO_maths1513_en.zip,unchanged (compression gave no saving),0,0,32961,32961,0.03,0.03,0,0,/home/santhosh/Desktop/audio-compressed-zips/LIDO_maths1513_en.zip
LIDO_maths1513_hi.zip,unchanged (compression gave no saving),0,0,33145,33145,0.03,0.03,0,0,/home/santhosh/Desktop/audio-compressed-zips/LIDO_maths1513_hi.zip
LIDO_maths1513_kn.zip,unchanged (compression gave no saving),0,0,33139,33139,0.03,0.03,0,0,/home/santhosh/Desktop/audio-compressed-zips/LIDO_maths1513_kn.zip
LIDO_drawshape0000.zip,compressed,1,1,44033,42437,0.04,0.04,1596,3.62,/home/santhosh/Desktop/audio-compressed-zips/LIDO_drawshape0000.zip
LIDO_drawshape0002.zip,compressed,1,1,42306,41191,0.04,0.04,1115,2.64,/home/santhosh/Desktop/audio-compressed-zips/LIDO_drawshape0002.zip
LIDO_drawshape0003.zip,compressed,1,1,47354,45733,0.05,0.04,1621,3.42,/home/santhosh/Desktop/audio-compressed-zips/LIDO_drawshape0003.zip
LIDO_drawshape0004.zip,compressed,1,1,45344,43766,0.04,0.04,1578,3.48,/home/santhosh/Desktop/audio-compressed-zips/LIDO_drawshape0004.zip
LIDO_drawshape0007.zip,compressed,1,1,47705,46808,0.05,0.04,897,1.88,/home/santhosh/Desktop/audio-compressed-zips/LIDO_drawshape0007.zip
LIDO_drawshape0009.zip,compressed,1,1,42487,41070,0.04,0.04,1417,3.34,/home/santhosh/Desktop/audio-compressed-zips/LIDO_drawshape0009.zip
LIDO_drawshape0011.zip,compressed,1,1,87590,42848,0.08,0.04,44742,51.08,/home/santhosh/Desktop/audio-compressed-zips/LIDO_drawshape0011.zip
LIDO_drawshape0014.zip,compressed,1,1,47930,46247,0.05,0.04,1683,3.51,/home/santhosh/Desktop/audio-compressed-zips/LIDO_drawshape0014.zip
LIDO_kn2_1106.zip,compressed,9,9,95621,38208,0.09,0.04,57413,60.04,/home/santhosh/Desktop/audio-compressed-zips/LIDO_kn2_1106.zip
LIDO_kn4818.zip,compressed,9,9,107145,43905,0.1,0.04,63240,59.02,/home/santhosh/Desktop/audio-compressed-zips/LIDO_kn4818.zip
LIDO_maths0901_en.zip,compressed,12,12,56924,43248,0.05,0.04,13676,24.03,/home/santhosh/Desktop/audio-compressed-zips/LIDO_maths0901_en.zip
LIDO_maths0901_hi.zip,compressed,12,12,56676,44137,0.05,0.04,12539,22.12,/home/santhosh/Desktop/audio-compressed-zips/LIDO_maths0901_hi.zip
LIDO_maths0902_kn.zip,compressed,12,12,60432,45663,0.06,0.04,14769,24.44,/home/santhosh/Desktop/audio-compressed-zips/LIDO_maths0902_kn.zip
LIDO_maths2705_kn.zip,unchanged (compression gave no saving),0,0,38020,38020,0.04,0.04,0,0,/home/santhosh/Desktop/audio-compressed-zips/LIDO_maths2705_kn.zip
LIDO_maths2706_kn.zip,unchanged (compression gave no saving),0,0,38365,38365,0.04,0.04,0,0,/home/santhosh/Desktop/audio-compressed-zips/LIDO_maths2706_kn.zip
LIDO_maths2707_kn.zip,unchanged (compression gave no saving),0,0,38388,38388,0.04,0.04,0,0,/home/santhosh/Desktop/audio-compressed-zips/LIDO_maths2707_kn.zip
LIDO_maths2708_kn.zip,unchanged (compression gave no saving),0,0,38386,38386,0.04,0.04,0,0,/home/santhosh/Desktop/audio-compressed-zips/LIDO_maths2708_kn.zip
LIDO_puzzle0100.zip,compressed,1,1,56070,38684,0.05,0.04,17386,31.01,/home/santhosh/Desktop/audio-compressed-zips/LIDO_puzzle0100.zip
LIDO_puzzle0101.zip,compressed,1,1,56174,38788,0.05,0.04,17386,30.95,/home/santhosh/Desktop/audio-compressed-zips/LIDO_puzzle0101.zip
LIDO_puzzle0102.zip,compressed,1,1,56067,38681,0.05,0.04,17386,31.01,/home/santhosh/Desktop/audio-compressed-zips/LIDO_puzzle0102.zip
LIDO_puzzle0103.zip,compressed,1,1,56189,38803,0.05,0.04,17386,30.94,/home/santhosh/Desktop/audio-compressed-zips/LIDO_puzzle0103.zip
LIDO_puzzle0104.zip,compressed,1,1,56067,38681,0.05,0.04,17386,31.01,/home/santhosh/Desktop/audio-compressed-zips/LIDO_puzzle0104.zip
LIDO_drawshape0012.zip,compressed,1,1,50241,48861,0.05,0.05,1380,2.75,/home/santhosh/Desktop/audio-compressed-zips/LIDO_drawshape0012.zip
LIDO_drawshape0013.zip,compressed,1,1,50931,49504,0.05,0.05,1427,2.8,/home/santhosh/Desktop/audio-compressed-zips/LIDO_drawshape0013.zip
LIDO_matchingcard0006.zip,unchanged (compression gave no saving),0,0,54951,54951,0.05,0.05,0,0,/home/santhosh/Desktop/audio-compressed-zips/LIDO_matchingcard0006.zip
LIDO_maths0205_en.zip,compressed,12,12,69126,56791,0.07,0.05,12335,17.84,/home/santhosh/Desktop/audio-compressed-zips/LIDO_maths0205_en.zip
LIDO_maths0307_en.zip,compressed,10,10,68091,57478,0.06,0.05,10613,15.59,/home/santhosh/Desktop/audio-compressed-zips/LIDO_maths0307_en.zip
LIDO_maths0308_en.zip,compressed,10,10,67696,57083,0.06,0.05,10613,15.68,/home/santhosh/Desktop/audio-compressed-zips/LIDO_maths0308_en.zip
LIDO_maths_quiz03_en.zip,compressed,10,10,58737,48124,0.06,0.05,10613,18.07,/home/santhosh/Desktop/audio-compressed-zips/LIDO_maths_quiz03_en.zip
LIDO_maths_quiz03_hi.zip,compressed,10,10,58577,49011,0.06,0.05,9566,16.33,/home/santhosh/Desktop/audio-compressed-zips/LIDO_maths_quiz03_hi.zip
LIDO_maths_quiz03_kn.zip,compressed,10,10,63242,50969,0.06,0.05,12273,19.41,/home/santhosh/Desktop/audio-compressed-zips/LIDO_maths_quiz03_kn.zip
host0001.zip,compressed,25,25,236802,56556,0.23,0.05,180246,76.12,/home/santhosh/Desktop/audio-compressed-zips/host0001.zip
LIDO_en0402.zip,compressed,6,6,67528,60119,0.06,0.06,7409,10.97,/home/santhosh/Desktop/audio-compressed-zips/LIDO_en0402.zip
LIDO_kn2_0403.zip,compressed,21,21,154206,63977,0.15,0.06,90229,58.51,/home/santhosh/Desktop/audio-compressed-zips/LIDO_kn2_0403.zip
LIDO_kn4817.zip,compressed,18,18,92304,62071,0.09,0.06,30233,32.75,/home/santhosh/Desktop/audio-compressed-zips/LIDO_kn4817.zip
LIDO_maths0102_en.zip,compressed,11,11,87285,67744,0.08,0.06,19541,22.39,/home/santhosh/Desktop/audio-compressed-zips/LIDO_maths0102_en.zip
LIDO_maths0102_hi.zip,compressed,11,11,81418,66861,0.08,0.06,14557,17.88,/home/santhosh/Desktop/audio-compressed-zips/LIDO_maths0102_hi.zip
LIDO_maths0102_kn.zip,compressed,11,11,84828,66799,0.08,0.06,18029,21.25,/home/santhosh/Desktop/audio-compressed-zips/LIDO_maths0102_kn.zip
LIDO_maths0205_hi.zip,compressed,14,14,76683,62350,0.07,0.06,14333,18.69,/home/santhosh/Desktop/audio-compressed-zips/LIDO_maths0205_hi.zip
LIDO_maths0205_kn.zip,compressed,13,13,80080,63391,0.08,0.06,16689,20.84,/home/santhosh/Desktop/audio-compressed-zips/LIDO_maths0205_kn.zip
LIDO_maths0307_hi.zip,compressed,10,10,67899,58333,0.06,0.06,9566,14.09,/home/santhosh/Desktop/audio-compressed-zips/LIDO_maths0307_hi.zip
LIDO_maths0307_kn.zip,compressed,10,10,72293,60020,0.07,0.06,12273,16.98,/home/santhosh/Desktop/audio-compressed-zips/LIDO_maths0307_kn.zip
LIDO_maths0308_hi.zip,compressed,10,10,67713,58147,0.06,0.06,9566,14.13,/home/santhosh/Desktop/audio-compressed-zips/LIDO_maths0308_hi.zip
LIDO_maths0308_kn.zip,compressed,10,10,72414,60141,0.07,0.06,12273,16.95,/home/santhosh/Desktop/audio-compressed-zips/LIDO_maths0308_kn.zip
LIDO_maths0310_en.zip,compressed,11,11,73655,62284,0.07,0.06,11371,15.44,/home/santhosh/Desktop/audio-compressed-zips/LIDO_maths0310_en.zip
LIDO_maths0310_hi.zip,compressed,11,11,74394,63739,0.07,0.06,10655,14.32,/home/santhosh/Desktop/audio-compressed-zips/LIDO_maths0310_hi.zip
LIDO_maths0310_kn.zip,compressed,11,11,79140,65659,0.08,0.06,13481,17.03,/home/santhosh/Desktop/audio-compressed-zips/LIDO_maths0310_kn.zip
LIDO_maths0701_en.zip,compressed,10,10,74185,58658,0.07,0.06,15527,20.93,/home/santhosh/Desktop/audio-compressed-zips/LIDO_maths0701_en.zip
LIDO_maths0701_hi.zip,compressed,10,10,76046,59514,0.07,0.06,16532,21.74,/home/santhosh/Desktop/audio-compressed-zips/LIDO_maths0701_hi.zip
LIDO_maths0701_kn.zip,compressed,10,10,81426,62655,0.08,0.06,18771,23.05,/home/santhosh/Desktop/audio-compressed-zips/LIDO_maths0701_kn.zip
LIDO_maths0703_en.zip,compressed,10,10,75604,59178,0.07,0.06,16426,21.73,/home/santhosh/Desktop/audio-compressed-zips/LIDO_maths0703_en.zip
LIDO_maths0703_hi.zip,compressed,10,10,72908,58171,0.07,0.06,14737,20.21,/home/santhosh/Desktop/audio-compressed-zips/LIDO_maths0703_hi.zip
LIDO_maths0703_kn.zip,compressed,10,10,83058,63355,0.08,0.06,19703,23.72,/home/santhosh/Desktop/audio-compressed-zips/LIDO_maths0703_kn.zip
LIDO_maths0705_en.zip,compressed,10,10,75132,58822,0.07,0.06,16310,21.71,/home/santhosh/Desktop/audio-compressed-zips/LIDO_maths0705_en.zip
LIDO_maths0705_hi.zip,compressed,10,10,79781,61256,0.08,0.06,18525,23.22,/home/santhosh/Desktop/audio-compressed-zips/LIDO_maths0705_hi.zip
LIDO_maths0705_kn.zip,compressed,10,10,83976,64084,0.08,0.06,19892,23.69,/home/santhosh/Desktop/audio-compressed-zips/LIDO_maths0705_kn.zip
LIDO_maths0707_en.zip,compressed,10,10,76569,59771,0.07,0.06,16798,21.94,/home/santhosh/Desktop/audio-compressed-zips/LIDO_maths0707_en.zip
LIDO_maths0707_hi.zip,compressed,10,10,75468,59381,0.07,0.06,16087,21.32,/home/santhosh/Desktop/audio-compressed-zips/LIDO_maths0707_hi.zip
LIDO_maths0707_kn.zip,compressed,10,10,82076,62951,0.08,0.06,19125,23.3,/home/santhosh/Desktop/audio-compressed-zips/LIDO_maths0707_kn.zip
LIDO_maths0709_en.zip,compressed,10,10,78141,60398,0.07,0.06,17743,22.71,/home/santhosh/Desktop/audio-compressed-zips/LIDO_maths0709_en.zip
LIDO_maths0709_hi.zip,compressed,10,10,72585,58722,0.07,0.06,13863,19.1,/home/santhosh/Desktop/audio-compressed-zips/LIDO_maths0709_hi.zip
LIDO_maths0709_kn.zip,compressed,10,10,82385,62929,0.08,0.06,19456,23.62,/home/santhosh/Desktop/audio-compressed-zips/LIDO_maths0709_kn.zip
LIDO_maths0711_en.zip,compressed,10,10,77498,60194,0.07,0.06,17304,22.33,/home/santhosh/Desktop/audio-compressed-zips/LIDO_maths0711_en.zip
LIDO_maths0711_hi.zip,compressed,10,10,77972,61509,0.07,0.06,16463,21.11,/home/santhosh/Desktop/audio-compressed-zips/LIDO_maths0711_hi.zip
LIDO_maths0711_kn.zip,compressed,10,10,81652,62552,0.08,0.06,19100,23.39,/home/santhosh/Desktop/audio-compressed-zips/LIDO_maths0711_kn.zip
LIDO_maths0713_en.zip,compressed,10,10,73841,58142,0.07,0.06,15699,21.26,/home/santhosh/Desktop/audio-compressed-zips/LIDO_maths0713_en.zip
LIDO_maths0713_hi.zip,compressed,10,10,74079,59119,0.07,0.06,14960,20.19,/home/santhosh/Desktop/audio-compressed-zips/LIDO_maths0713_hi.zip
LIDO_maths0713_kn.zip,compressed,10,10,82724,63117,0.08,0.06,19607,23.7,/home/santhosh/Desktop/audio-compressed-zips/LIDO_maths0713_kn.zip
LIDO_maths0715_en.zip,compressed,10,10,74161,58640,0.07,0.06,15521,20.93,/home/santhosh/Desktop/audio-compressed-zips/LIDO_maths0715_en.zip
LIDO_maths0715_hi.zip,compressed,10,10,81994,62484,0.08,0.06,19510,23.79,/home/santhosh/Desktop/audio-compressed-zips/LIDO_maths0715_hi.zip
LIDO_maths0715_kn.zip,compressed,10,10,82541,62965,0.08,0.06,19576,23.72,/home/santhosh/Desktop/audio-compressed-zips/LIDO_maths0715_kn.zip
LIDO_maths0716_en.zip,compressed,10,10,73952,58431,0.07,0.06,15521,20.99,/home/santhosh/Desktop/audio-compressed-zips/LIDO_maths0716_en.zip
LIDO_maths0716_hi.zip,compressed,11,11,85320,64519,0.08,0.06,20801,24.38,/home/santhosh/Desktop/audio-compressed-zips/LIDO_maths0716_hi.zip
LIDO_maths0716_kn.zip,compressed,10,10,82545,62969,0.08,0.06,19576,23.72,/home/santhosh/Desktop/audio-compressed-zips/LIDO_maths0716_kn.zip
LIDO_maths0805_en.zip,compressed,10,10,76065,65452,0.07,0.06,10613,13.95,/home/santhosh/Desktop/audio-compressed-zips/LIDO_maths0805_en.zip
LIDO_maths0805_hi.zip,compressed,10,10,75871,66305,0.07,0.06,9566,12.61,/home/santhosh/Desktop/audio-compressed-zips/LIDO_maths0805_hi.zip
LIDO_maths0900_en.zip,compressed,12,12,80869,67193,0.08,0.06,13676,16.91,/home/santhosh/Desktop/audio-compressed-zips/LIDO_maths0900_en.zip
LIDO_maths0902_en.zip,compressed,12,12,81042,67366,0.08,0.06,13676,16.88,/home/santhosh/Desktop/audio-compressed-zips/LIDO_maths0902_en.zip
LIDO_maths0902_hi.zip,compressed,12,12,80648,68109,0.08,0.06,12539,15.55,/home/santhosh/Desktop/audio-compressed-zips/LIDO_maths0902_hi.zip
LIDO_maths1000_en.zip,compressed,12,12,80880,67164,0.08,0.06,13716,16.96,/home/santhosh/Desktop/audio-compressed-zips/LIDO_maths1000_en.zip
LIDO_maths1001_en.zip,compressed,12,12,81027,67311,0.08,0.06,13716,16.93,/home/santhosh/Desktop/audio-compressed-zips/LIDO_maths1001_en.zip
LIDO_maths1002_en.zip,compressed,12,12,80746,67030,0.08,0.06,13716,16.99,/home/santhosh/Desktop/audio-compressed-zips/LIDO_maths1002_en.zip
LIDO_maths1200_en.zip,compressed,16,16,83822,65559,0.08,0.06,18263,21.79,/home/santhosh/Desktop/audio-compressed-zips/LIDO_maths1200_en.zip
LIDO_maths1200_hi.zip,compressed,16,16,85337,67600,0.08,0.06,17737,20.78,/home/santhosh/Desktop/audio-compressed-zips/LIDO_maths1200_hi.zip
LIDO_maths1400_en.zip,compressed,12,12,81089,67413,0.08,0.06,13676,16.87,/home/santhosh/Desktop/audio-compressed-zips/LIDO_maths1400_en.zip
LIDO_maths1401_en.zip,compressed,12,12,81079,67403,0.08,0.06,13676,16.87,/home/santhosh/Desktop/audio-compressed-zips/LIDO_maths1401_en.zip
LIDO_maths1500_en.zip,compressed,12,12,81228,67512,0.08,0.06,13716,16.89,/home/santhosh/Desktop/audio-compressed-zips/LIDO_maths1500_en.zip
LIDO_maths1501_en.zip,compressed,12,12,81214,67498,0.08,0.06,13716,16.89,/home/santhosh/Desktop/audio-compressed-zips/LIDO_maths1501_en.zip
LIDO_maths2001_en.zip,compressed,16,16,81775,63423,0.08,0.06,18352,22.44,/home/santhosh/Desktop/audio-compressed-zips/LIDO_maths2001_en.zip
LIDO_maths2001_hi.zip,compressed,16,16,83119,65501,0.08,0.06,17618,21.2,/home/santhosh/Desktop/audio-compressed-zips/LIDO_maths2001_hi.zip
LIDO_maths2001_kn.zip,compressed,16,16,88641,67576,0.08,0.06,21065,23.76,/home/santhosh/Desktop/audio-compressed-zips/LIDO_maths2001_kn.zip
LIDO_maths2003_en.zip,compressed,15,15,83266,66435,0.08,0.06,16831,20.21,/home/santhosh/Desktop/audio-compressed-zips/LIDO_maths2003_en.zip
LIDO_maths2004_en.zip,compressed,17,17,87525,66819,0.08,0.06,20706,23.66,/home/santhosh/Desktop/audio-compressed-zips/LIDO_maths2004_en.zip
LIDO_maths2510_en.zip,compressed,17,17,87524,66818,0.08,0.06,20706,23.66,/home/santhosh/Desktop/audio-compressed-zips/LIDO_maths2510_en.zip
Letter_Identification.zip,compressed,19,19,89999,58949,0.09,0.06,31050,34.5,/home/santhosh/Desktop/audio-compressed-zips/Letter_Identification.zip
LIDO_en0400.zip,compressed,6,6,82608,71263,0.08,0.07,11345,13.73,/home/santhosh/Desktop/audio-compressed-zips/LIDO_en0400.zip
LIDO_en0605.zip,compressed,26,26,111443,75221,0.11,0.07,36222,32.5,/home/santhosh/Desktop/audio-compressed-zips/LIDO_en0605.zip
LIDO_kn0004.zip,compressed,5,5,79178,75926,0.08,0.07,3252,4.11,/home/santhosh/Desktop/audio-compressed-zips/LIDO_kn0004.zip
LIDO_kn1600.zip,compressed,6,6,82454,78007,0.08,0.07,4447,5.39,/home/santhosh/Desktop/audio-compressed-zips/LIDO_kn1600.zip
LIDO_kn4808.zip,compressed,5,5,87943,74631,0.08,0.07,13312,15.14,/home/santhosh/Desktop/audio-compressed-zips/LIDO_kn4808.zip
LIDO_kn4809.zip,compressed,5,5,87083,75207,0.08,0.07,11876,13.64,/home/santhosh/Desktop/audio-compressed-zips/LIDO_kn4809.zip
LIDO_kn4810.zip,compressed,5,5,95042,76472,0.09,0.07,18570,19.54,/home/santhosh/Desktop/audio-compressed-zips/LIDO_kn4810.zip
LIDO_kn4811.zip,compressed,5,5,83214,72637,0.08,0.07,10577,12.71,/home/santhosh/Desktop/audio-compressed-zips/LIDO_kn4811.zip
LIDO_kn4812.zip,compressed,5,5,89866,72884,0.09,0.07,16982,18.9,/home/santhosh/Desktop/audio-compressed-zips/LIDO_kn4812.zip
LIDO_kn4813.zip,compressed,5,5,80144,73094,0.08,0.07,7050,8.8,/home/santhosh/Desktop/audio-compressed-zips/LIDO_kn4813.zip
LIDO_matchingcard0003.zip,unchanged (compression gave no saving),0,0,71421,71421,0.07,0.07,0,0,/home/santhosh/Desktop/audio-compressed-zips/LIDO_matchingcard0003.zip
LIDO_maths0101_en.zip,compressed,5,5,81603,76652,0.08,0.07,4951,6.07,/home/santhosh/Desktop/audio-compressed-zips/LIDO_maths0101_en.zip
LIDO_maths0101_hi.zip,compressed,5,5,81595,77406,0.08,0.07,4189,5.13,/home/santhosh/Desktop/audio-compressed-zips/LIDO_maths0101_hi.zip
LIDO_maths0101_kn.zip,compressed,5,5,84842,78614,0.08,0.07,6228,7.34,/home/santhosh/Desktop/audio-compressed-zips/LIDO_maths0101_kn.zip
LIDO_maths0304_en.zip,compressed,7,7,78705,71474,0.08,0.07,7231,9.19,/home/santhosh/Desktop/audio-compressed-zips/LIDO_maths0304_en.zip
LIDO_maths0304_hi.zip,compressed,8,8,81517,73916,0.08,0.07,7601,9.32,/home/santhosh/Desktop/audio-compressed-zips/LIDO_maths0304_hi.zip
LIDO_maths0304_kn.zip,compressed,8,8,85453,75489,0.08,0.07,9964,11.66,/home/santhosh/Desktop/audio-compressed-zips/LIDO_maths0304_kn.zip
LIDO_maths0309_en.zip,compressed,12,12,89299,69000,0.09,0.07,20299,22.73,/home/santhosh/Desktop/audio-compressed-zips/LIDO_maths0309_en.zip
LIDO_maths0309_hi.zip,compressed,12,12,84349,68703,0.08,0.07,15646,18.55,/home/santhosh/Desktop/audio-compressed-zips/LIDO_maths0309_hi.zip
LIDO_maths0309_kn.zip,compressed,12,12,88219,68982,0.08,0.07,19237,21.81,/home/santhosh/Desktop/audio-compressed-zips/LIDO_maths0309_kn.zip
LIDO_maths0603_en.zip,compressed,20,20,101240,76834,0.1,0.07,24406,24.11,/home/santhosh/Desktop/audio-compressed-zips/LIDO_maths0603_en.zip
LIDO_maths0604_en.zip,compressed,18,18,95182,73079,0.09,0.07,22103,23.22,/home/santhosh/Desktop/audio-compressed-zips/LIDO_maths0604_en.zip
LIDO_maths0604_hi.zip,compressed,18,18,95854,74964,0.09,0.07,20890,21.79,/home/santhosh/Desktop/audio-compressed-zips/LIDO_maths0604_hi.zip
LIDO_maths0604_kn.zip,compressed,18,18,104054,78533,0.1,0.07,25521,24.53,/home/santhosh/Desktop/audio-compressed-zips/LIDO_maths0604_kn.zip
LIDO_maths0805_kn.zip,compressed,10,10,80574,68301,0.08,0.07,12273,15.23,/home/santhosh/Desktop/audio-compressed-zips/LIDO_maths0805_kn.zip
LIDO_maths0806_hi.zip,compressed,5,5,92500,69867,0.09,0.07,22633,24.47,/home/santhosh/Desktop/audio-compressed-zips/LIDO_maths0806_hi.zip
LIDO_maths0806_kn.zip,compressed,5,5,95251,70935,0.09,0.07,24316,25.53,/home/santhosh/Desktop/audio-compressed-zips/LIDO_maths0806_kn.zip
LIDO_maths0900_hi.zip,compressed,12,12,80715,68176,0.08,0.07,12539,15.53,/home/santhosh/Desktop/audio-compressed-zips/LIDO_maths0900_hi.zip
LIDO_maths0900_kn.zip,compressed,12,12,84484,69715,0.08,0.07,14769,17.48,/home/santhosh/Desktop/audio-compressed-zips/LIDO_maths0900_kn.zip
LIDO_maths0901_kn.zip,compressed,12,12,84438,69669,0.08,0.07,14769,17.49,/home/santhosh/Desktop/audio-compressed-zips/LIDO_maths0901_kn.zip
LIDO_maths1000_hi.zip,compressed,12,12,81163,68413,0.08,0.07,12750,15.71,/home/santhosh/Desktop/audio-compressed-zips/LIDO_maths1000_hi.zip
LIDO_maths1000_kn.zip,compressed,12,12,84129,69461,0.08,0.07,14668,17.44,/home/santhosh/Desktop/audio-compressed-zips/LIDO_maths1000_kn.zip
LIDO_maths1001_hi.zip,compressed,12,12,81103,68353,0.08,0.07,12750,15.72,/home/santhosh/Desktop/audio-compressed-zips/LIDO_maths1001_hi.zip
LIDO_maths1001_kn.zip,compressed,12,12,84107,69439,0.08,0.07,14668,17.44,/home/santhosh/Desktop/audio-compressed-zips/LIDO_maths1001_kn.zip
LIDO_maths1002_hi.zip,compressed,12,12,81107,68357,0.08,0.07,12750,15.72,/home/santhosh/Desktop/audio-compressed-zips/LIDO_maths1002_hi.zip
LIDO_maths1002_kn.zip,compressed,12,12,83865,69197,0.08,0.07,14668,17.49,/home/santhosh/Desktop/audio-compressed-zips/LIDO_maths1002_kn.zip
LIDO_maths1201_en.zip,compressed,20,20,102995,76855,0.1,0.07,26140,25.38,/home/santhosh/Desktop/audio-compressed-zips/LIDO_maths1201_en.zip
LIDO_maths1201_hi.zip,compressed,20,20,104502,78404,0.1,0.07,26098,24.97,/home/santhosh/Desktop/audio-compressed-zips/LIDO_maths1201_hi.zip
LIDO_maths1202_en.zip,compressed,20,20,104393,77354,0.1,0.07,27039,25.9,/home/santhosh/Desktop/audio-compressed-zips/LIDO_maths1202_en.zip
LIDO_maths1202_hi.zip,compressed,20,20,101349,77046,0.1,0.07,24303,23.98,/home/santhosh/Desktop/audio-compressed-zips/LIDO_maths1202_hi.zip
LIDO_maths1203_en.zip,compressed,20,20,104108,77185,0.1,0.07,26923,25.86,/home/santhosh/Desktop/audio-compressed-zips/LIDO_maths1203_en.zip
LIDO_maths1204_en.zip,compressed,20,20,105390,77979,0.1,0.07,27411,26.01,/home/santhosh/Desktop/audio-compressed-zips/LIDO_maths1204_en.zip
LIDO_maths1204_hi.zip,compressed,20,20,103944,78291,0.1,0.07,25653,24.68,/home/santhosh/Desktop/audio-compressed-zips/LIDO_maths1204_hi.zip
LIDO_maths1205_en.zip,compressed,20,20,106977,78621,0.1,0.07,28356,26.51,/home/santhosh/Desktop/audio-compressed-zips/LIDO_maths1205_en.zip
LIDO_maths1205_hi.zip,compressed,20,20,101056,77627,0.1,0.07,23429,23.18,/home/santhosh/Desktop/audio-compressed-zips/LIDO_maths1205_hi.zip
LIDO_maths1206_en.zip,compressed,20,20,106322,78405,0.1,0.07,27917,26.26,/home/santhosh/Desktop/audio-compressed-zips/LIDO_maths1206_en.zip
LIDO_maths1207_en.zip,compressed,20,20,102657,76345,0.1,0.07,26312,25.63,/home/santhosh/Desktop/audio-compressed-zips/LIDO_maths1207_en.zip
LIDO_maths1207_hi.zip,compressed,20,20,102557,78031,0.1,0.07,24526,23.91,/home/santhosh/Desktop/audio-compressed-zips/LIDO_maths1207_hi.zip
LIDO_maths1208_en.zip,compressed,20,20,102972,76838,0.1,0.07,26134,25.38,/home/santhosh/Desktop/audio-compressed-zips/LIDO_maths1208_en.zip
LIDO_maths1301_en.zip,compressed,18,18,99177,75684,0.09,0.07,23493,23.69,/home/santhosh/Desktop/audio-compressed-zips/LIDO_maths1301_en.zip
LIDO_maths1301_hi.zip,compressed,18,18,99309,76571,0.09,0.07,22738,22.9,/home/santhosh/Desktop/audio-compressed-zips/LIDO_maths1301_hi.zip
LIDO_maths1304_en.zip,compressed,18,18,99164,75671,0.09,0.07,23493,23.69,/home/santhosh/Desktop/audio-compressed-zips/LIDO_maths1304_en.zip
LIDO_maths1304_hi.zip,compressed,18,18,99306,76568,0.09,0.07,22738,22.9,/home/santhosh/Desktop/audio-compressed-zips/LIDO_maths1304_hi.zip
LIDO_maths1308_en.zip,compressed,20,20,101463,77671,0.1,0.07,23792,23.45,/home/santhosh/Desktop/audio-compressed-zips/LIDO_maths1308_en.zip
LIDO_maths1400_hi.zip,compressed,12,12,80729,68190,0.08,0.07,12539,15.53,/home/santhosh/Desktop/audio-compressed-zips/LIDO_maths1400_hi.zip
LIDO_maths1400_kn.zip,compressed,12,12,84221,69452,0.08,0.07,14769,17.54,/home/santhosh/Desktop/audio-compressed-zips/LIDO_maths1400_kn.zip
LIDO_maths1401_hi.zip,compressed,12,12,80721,68182,0.08,0.07,12539,15.53,/home/santhosh/Desktop/audio-compressed-zips/LIDO_maths1401_hi.zip
LIDO_maths1401_kn.zip,compressed,12,12,84509,69740,0.08,0.07,14769,17.48,/home/santhosh/Desktop/audio-compressed-zips/LIDO_maths1401_kn.zip
LIDO_maths1500_hi.zip,compressed,12,12,81296,68546,0.08,0.07,12750,15.68,/home/santhosh/Desktop/audio-compressed-zips/LIDO_maths1500_hi.zip
LIDO_maths1500_kn.zip,compressed,12,12,84272,69604,0.08,0.07,14668,17.41,/home/santhosh/Desktop/audio-compressed-zips/LIDO_maths1500_kn.zip
LIDO_maths1501_hi.zip,compressed,12,12,81292,68542,0.08,0.07,12750,15.68,/home/santhosh/Desktop/audio-compressed-zips/LIDO_maths1501_hi.zip
LIDO_maths1501_kn.zip,compressed,12,12,84297,69629,0.08,0.07,14668,17.4,/home/santhosh/Desktop/audio-compressed-zips/LIDO_maths1501_kn.zip
LIDO_maths1502_en.zip,compressed,13,13,83281,68807,0.08,0.07,14474,17.38,/home/santhosh/Desktop/audio-compressed-zips/LIDO_maths1502_en.zip
LIDO_maths1502_hi.zip,compressed,13,13,84267,70428,0.08,0.07,13839,16.42,/home/santhosh/Desktop/audio-compressed-zips/LIDO_maths1502_hi.zip
LIDO_maths1502_kn.zip,compressed,13,13,87248,71372,0.08,0.07,15876,18.2,/home/santhosh/Desktop/audio-compressed-zips/LIDO_maths1502_kn.zip
LIDO_maths1602_en.zip,compressed,18,18,96683,74240,0.09,0.07,22443,23.21,/home/santhosh/Desktop/audio-compressed-zips/LIDO_maths1602_en.zip
LIDO_maths1602_hi.zip,compressed,18,18,95130,74592,0.09,0.07,20538,21.59,/home/santhosh/Desktop/audio-compressed-zips/LIDO_maths1602_hi.zip
LIDO_maths1603_en.zip,compressed,19,19,97633,75260,0.09,0.07,22373,22.92,/home/santhosh/Desktop/audio-compressed-zips/LIDO_maths1603_en.zip
LIDO_maths1603_hi.zip,compressed,19,19,97504,76400,0.09,0.07,21104,21.64,/home/santhosh/Desktop/audio-compressed-zips/LIDO_maths1603_hi.zip
LIDO_maths1604_en.zip,compressed,19,19,97262,74889,0.09,0.07,22373,23,/home/santhosh/Desktop/audio-compressed-zips/LIDO_maths1604_en.zip
LIDO_maths1604_hi.zip,compressed,19,19,97512,76408,0.09,0.07,21104,21.64,/home/santhosh/Desktop/audio-compressed-zips/LIDO_maths1604_hi.zip
LIDO_maths1806_en.zip,compressed,18,18,99149,75656,0.09,0.07,23493,23.69,/home/santhosh/Desktop/audio-compressed-zips/LIDO_maths1806_en.zip
LIDO_maths1806_hi.zip,compressed,18,18,99297,76559,0.09,0.07,22738,22.9,/home/santhosh/Desktop/audio-compressed-zips/LIDO_maths1806_hi.zip
LIDO_maths2003_hi.zip,compressed,15,15,84520,68351,0.08,0.07,16169,19.13,/home/santhosh/Desktop/audio-compressed-zips/LIDO_maths2003_hi.zip
LIDO_maths2003_kn.zip,compressed,15,15,91152,71039,0.09,0.07,20113,22.07,/home/santhosh/Desktop/audio-compressed-zips/LIDO_maths2003_kn.zip
LIDO_maths2004_hi.zip,compressed,17,17,89386,68877,0.09,0.07,20509,22.94,/home/santhosh/Desktop/audio-compressed-zips/LIDO_maths2004_hi.zip
LIDO_maths2004_kn.zip,compressed,17,17,95669,71615,0.09,0.07,24054,25.14,/home/santhosh/Desktop/audio-compressed-zips/LIDO_maths2004_kn.zip
LIDO_maths2310_en.zip,compressed,13,13,217342,74958,0.21,0.07,142384,65.51,/home/santhosh/Desktop/audio-compressed-zips/LIDO_maths2310_en.zip
LIDO_maths2401_en.zip,compressed,15,15,146436,77031,0.14,0.07,69405,47.4,/home/santhosh/Desktop/audio-compressed-zips/LIDO_maths2401_en.zip
LIDO_maths2500_en.zip,compressed,13,13,84603,69486,0.08,0.07,15117,17.87,/home/santhosh/Desktop/audio-compressed-zips/LIDO_maths2500_en.zip
LIDO_maths2500_hi.zip,compressed,13,13,84229,70315,0.08,0.07,13914,16.52,/home/santhosh/Desktop/audio-compressed-zips/LIDO_maths2500_hi.zip
LIDO_maths2500_kn.zip,compressed,13,13,87673,71435,0.08,0.07,16238,18.52,/home/santhosh/Desktop/audio-compressed-zips/LIDO_maths2500_kn.zip
LIDO_maths2501_en.zip,compressed,13,13,84415,69298,0.08,0.07,15117,17.91,/home/santhosh/Desktop/audio-compressed-zips/LIDO_maths2501_en.zip
LIDO_maths2501_hi.zip,compressed,13,13,84173,70259,0.08,0.07,13914,16.53,/home/santhosh/Desktop/audio-compressed-zips/LIDO_maths2501_hi.zip
LIDO_maths2501_kn.zip,compressed,13,13,87918,71680,0.08,0.07,16238,18.47,/home/santhosh/Desktop/audio-compressed-zips/LIDO_maths2501_kn.zip
LIDO_maths2502_en.zip,compressed,13,13,84642,69525,0.08,0.07,15117,17.86,/home/santhosh/Desktop/audio-compressed-zips/LIDO_maths2502_en.zip
LIDO_maths2502_hi.zip,compressed,13,13,84271,70357,0.08,0.07,13914,16.51,/home/santhosh/Desktop/audio-compressed-zips/LIDO_maths2502_hi.zip
LIDO_maths2502_kn.zip,compressed,13,13,87774,71536,0.08,0.07,16238,18.5,/home/santhosh/Desktop/audio-compressed-zips/LIDO_maths2502_kn.zip
LIDO_maths2503_en.zip,compressed,13,13,84711,69594,0.08,0.07,15117,17.85,/home/santhosh/Desktop/audio-compressed-zips/LIDO_maths2503_en.zip
LIDO_maths2503_hi.zip,compressed,13,13,84291,70377,0.08,0.07,13914,16.51,/home/santhosh/Desktop/audio-compressed-zips/LIDO_maths2503_hi.zip
LIDO_maths2503_kn.zip,compressed,13,13,88043,71805,0.08,0.07,16238,18.44,/home/santhosh/Desktop/audio-compressed-zips/LIDO_maths2503_kn.zip
LIDO_maths2510_hi.zip,compressed,17,17,89392,68883,0.09,0.07,20509,22.94,/home/santhosh/Desktop/audio-compressed-zips/LIDO_maths2510_hi.zip
LIDO_maths2510_kn.zip,compressed,17,17,95298,71244,0.09,0.07,24054,25.24,/home/santhosh/Desktop/audio-compressed-zips/LIDO_maths2510_kn.zip
LIDO_maths2511_en.zip,compressed,18,18,90778,68654,0.09,0.07,22124,24.37,/home/santhosh/Desktop/audio-compressed-zips/LIDO_maths2511_en.zip
LIDO_maths2511_hi.zip,compressed,18,18,90862,69811,0.09,0.07,21051,23.17,/home/santhosh/Desktop/audio-compressed-zips/LIDO_maths2511_hi.zip
LIDO_maths2511_kn.zip,compressed,18,18,99502,73406,0.09,0.07,26096,26.23,/home/santhosh/Desktop/audio-compressed-zips/LIDO_maths2511_kn.zip
LIDO_maths2803_en.zip,compressed,19,19,94936,70972,0.09,0.07,23964,25.24,/home/santhosh/Desktop/audio-compressed-zips/LIDO_maths2803_en.zip
LIDO_maths2803_hi.zip,compressed,19,19,93823,71836,0.09,0.07,21987,23.43,/home/santhosh/Desktop/audio-compressed-zips/LIDO_maths2803_hi.zip
LIDO_maths2803_kn.zip,compressed,19,19,102008,75134,0.1,0.07,26874,26.34,/home/santhosh/Desktop/audio-compressed-zips/LIDO_maths2803_kn.zip
LIDO_maths2804_en.zip,compressed,19,19,93977,70647,0.09,0.07,23330,24.83,/home/santhosh/Desktop/audio-compressed-zips/LIDO_maths2804_en.zip
LIDO_maths2804_hi.zip,compressed,19,19,95013,72305,0.09,0.07,22708,23.9,/home/santhosh/Desktop/audio-compressed-zips/LIDO_maths2804_hi.zip
LIDO_maths2804_kn.zip,compressed,19,19,105176,76910,0.1,0.07,28266,26.87,/home/santhosh/Desktop/audio-compressed-zips/LIDO_maths2804_kn.zip
LIDO_maths2805_en.zip,compressed,19,19,96956,72035,0.09,0.07,24921,25.7,/home/santhosh/Desktop/audio-compressed-zips/LIDO_maths2805_en.zip
LIDO_maths2805_hi.zip,compressed,19,19,96462,73066,0.09,0.07,23396,24.25,/home/santhosh/Desktop/audio-compressed-zips/LIDO_maths2805_hi.zip
LIDO_maths2805_kn.zip,compressed,19,19,107215,78181,0.1,0.07,29034,27.08,/home/santhosh/Desktop/audio-compressed-zips/LIDO_maths2805_kn.zip
LIDO_maths2806_en.zip,compressed,19,19,98873,73161,0.09,0.07,25712,26.01,/home/santhosh/Desktop/audio-compressed-zips/LIDO_maths2806_en.zip
LIDO_maths2806_hi.zip,compressed,19,19,96805,73239,0.09,0.07,23566,24.34,/home/santhosh/Desktop/audio-compressed-zips/LIDO_maths2806_hi.zip
LIDO_maths2806_kn.zip,compressed,19,19,106217,77262,0.1,0.07,28955,27.26,/home/santhosh/Desktop/audio-compressed-zips/LIDO_maths2806_kn.zip
LIDO_maths2807_en.zip,compressed,19,19,98839,73042,0.09,0.07,25797,26.1,/home/santhosh/Desktop/audio-compressed-zips/LIDO_maths2807_en.zip
LIDO_maths2807_hi.zip,compressed,19,19,97716,73826,0.09,0.07,23890,24.45,/home/santhosh/Desktop/audio-compressed-zips/LIDO_maths2807_hi.zip
LIDO_maths2807_kn.zip,compressed,19,19,106270,77747,0.1,0.07,28523,26.84,/home/santhosh/Desktop/audio-compressed-zips/LIDO_maths2807_kn.zip
LIDO_maths2900_en.zip,compressed,19,19,94790,71203,0.09,0.07,23587,24.88,/home/santhosh/Desktop/audio-compressed-zips/LIDO_maths2900_en.zip
LIDO_maths2900_hi.zip,compressed,19,19,96037,72946,0.09,0.07,23091,24.04,/home/santhosh/Desktop/audio-compressed-zips/LIDO_maths2900_hi.zip
LIDO_maths2900_kn.zip,compressed,19,19,104240,76253,0.1,0.07,27987,26.85,/home/santhosh/Desktop/audio-compressed-zips/LIDO_maths2900_kn.zip
LIDO_maths_quiz00_en.zip,compressed,20,20,104373,74533,0.1,0.07,29840,28.59,/home/santhosh/Desktop/audio-compressed-zips/LIDO_maths_quiz00_en.zip
LIDO_maths_quiz00_kn.zip,compressed,18,18,103428,74418,0.1,0.07,29010,28.05,/home/santhosh/Desktop/audio-compressed-zips/LIDO_maths_quiz00_kn.zip
LIDO_maths_quiz02_en.zip,compressed,18,18,129538,75317,0.12,0.07,54221,41.86,/home/santhosh/Desktop/audio-compressed-zips/LIDO_maths_quiz02_en.zip
LIDO_maths_quiz02_hi.zip,compressed,18,18,130364,77604,0.12,0.07,52760,40.47,/home/santhosh/Desktop/audio-compressed-zips/LIDO_maths_quiz02_hi.zip
LIDO_maths_quiz02_kn.zip,compressed,18,18,133532,78129,0.13,0.07,55403,41.49,/home/santhosh/Desktop/audio-compressed-zips/LIDO_maths_quiz02_kn.zip
LIDO_hi0915.zip,compressed,7,7,118986,80743,0.11,0.08,38243,32.14,/home/santhosh/Desktop/audio-compressed-zips/LIDO_hi0915.zip
LIDO_hi_5200.zip,compressed,8,8,109221,85331,0.1,0.08,23890,21.87,/home/santhosh/Desktop/audio-compressed-zips/LIDO_hi_5200.zip
LIDO_hi_5201.zip,compressed,8,8,109734,85679,0.1,0.08,24055,21.92,/home/santhosh/Desktop/audio-compressed-zips/LIDO_hi_5201.zip
LIDO_kn0104.zip,compressed,10,10,89778,82796,0.09,0.08,6982,7.78,/home/santhosh/Desktop/audio-compressed-zips/LIDO_kn0104.zip
LIDO_kn0204.zip,compressed,14,14,98360,88348,0.09,0.08,10012,10.18,/home/santhosh/Desktop/audio-compressed-zips/LIDO_kn0204.zip
LIDO_kn2200.zip,compressed,13,13,98662,88953,0.09,0.08,9709,9.84,/home/santhosh/Desktop/audio-compressed-zips/LIDO_kn2200.zip
LIDO_kn2705.zip,compressed,12,12,95915,87067,0.09,0.08,8848,9.22,/home/santhosh/Desktop/audio-compressed-zips/LIDO_kn2705.zip
LIDO_kn2706.zip,compressed,11,11,94905,86299,0.09,0.08,8606,9.07,/home/santhosh/Desktop/audio-compressed-zips/LIDO_kn2706.zip
LIDO_kn2_0506.zip,compressed,8,8,93588,86861,0.09,0.08,6727,7.19,/home/santhosh/Desktop/audio-compressed-zips/LIDO_kn2_0506.zip
LIDO_kn2_0606.zip,compressed,7,7,91307,85282,0.09,0.08,6025,6.6,/home/santhosh/Desktop/audio-compressed-zips/LIDO_kn2_0606.zip
LIDO_kn2_0607.zip,compressed,8,8,93843,87061,0.09,0.08,6782,7.23,/home/santhosh/Desktop/audio-compressed-zips/LIDO_kn2_0607.zip
LIDO_kn2_0706.zip,compressed,6,6,121080,85509,0.12,0.08,35571,29.38,/home/santhosh/Desktop/audio-compressed-zips/LIDO_kn2_0706.zip
LIDO_kn2_0906.zip,compressed,7,7,108402,83722,0.1,0.08,24680,22.77,/home/santhosh/Desktop/audio-compressed-zips/LIDO_kn2_0906.zip
LIDO_kn2_1104.zip,compressed,7,7,114992,84942,0.11,0.08,30050,26.13,/home/santhosh/Desktop/audio-compressed-zips/LIDO_kn2_1104.zip
LIDO_kn2_1107.zip,compressed,8,8,98306,83151,0.09,0.08,15155,15.42,/home/santhosh/Desktop/audio-compressed-zips/LIDO_kn2_1107.zip
LIDO_kn2_1203.zip,compressed,6,6,119026,84192,0.11,0.08,34834,29.27,/home/santhosh/Desktop/audio-compressed-zips/LIDO_kn2_1203.zip
LIDO_kn2_1301.zip,compressed,8,8,98028,86676,0.09,0.08,11352,11.58,/home/santhosh/Desktop/audio-compressed-zips/LIDO_kn2_1301.zip
LIDO_kn2_1303.zip,compressed,8,8,99634,87463,0.1,0.08,12171,12.22,/home/santhosh/Desktop/audio-compressed-zips/LIDO_kn2_1303.zip
LIDO_kn2_1400.zip,compressed,8,8,93852,84428,0.09,0.08,9424,10.04,/home/santhosh/Desktop/audio-compressed-zips/LIDO_kn2_1400.zip
LIDO_kn2_1401.zip,compressed,7,7,90657,82723,0.09,0.08,7934,8.75,/home/santhosh/Desktop/audio-compressed-zips/LIDO_kn2_1401.zip
LIDO_kn2_1501.zip,compressed,8,8,99816,87747,0.1,0.08,12069,12.09,/home/santhosh/Desktop/audio-compressed-zips/LIDO_kn2_1501.zip
LIDO_kn2_1502.zip,compressed,8,8,101117,87958,0.1,0.08,13159,13.01,/home/santhosh/Desktop/audio-compressed-zips/LIDO_kn2_1502.zip
LIDO_kn2_1600.zip,compressed,7,7,96297,85357,0.09,0.08,10940,11.36,/home/santhosh/Desktop/audio-compressed-zips/LIDO_kn2_1600.zip
LIDO_kn2_1601.zip,compressed,8,8,99733,87828,0.1,0.08,11905,11.94,/home/santhosh/Desktop/audio-compressed-zips/LIDO_kn2_1601.zip
LIDO_kn2_1602.zip,compressed,7,7,101268,88203,0.1,0.08,13065,12.9,/home/santhosh/Desktop/audio-compressed-zips/LIDO_kn2_1602.zip
LIDO_kn2_1800.zip,compressed,8,8,99239,87380,0.09,0.08,11859,11.95,/home/santhosh/Desktop/audio-compressed-zips/LIDO_kn2_1800.zip
LIDO_kn2_1801.zip,compressed,8,8,98675,86844,0.09,0.08,11831,11.99,/home/santhosh/Desktop/audio-compressed-zips/LIDO_kn2_1801.zip
LIDO_kn2_1803.zip,compressed,9,9,101394,88547,0.1,0.08,12847,12.67,/home/santhosh/Desktop/audio-compressed-zips/LIDO_kn2_1803.zip
LIDO_kn2_1804.zip,compressed,8,8,99162,87275,0.09,0.08,11887,11.99,/home/santhosh/Desktop/audio-compressed-zips/LIDO_kn2_1804.zip
LIDO_kn2_2001.zip,compressed,8,8,98057,86868,0.09,0.08,11189,11.41,/home/santhosh/Desktop/audio-compressed-zips/LIDO_kn2_2001.zip
LIDO_kn2_2002.zip,compressed,8,8,97961,86745,0.09,0.08,11216,11.45,/home/santhosh/Desktop/audio-compressed-zips/LIDO_kn2_2002.zip
LIDO_kn2_2003.zip,compressed,6,6,113825,83927,0.11,0.08,29898,26.27,/home/santhosh/Desktop/audio-compressed-zips/LIDO_kn2_2003.zip
LIDO_kn4807.zip,compressed,5,5,92724,80854,0.09,0.08,11870,12.8,/home/santhosh/Desktop/audio-compressed-zips/LIDO_kn4807.zip
LIDO_maths0303_en.zip,compressed,9,9,91733,82492,0.09,0.08,9241,10.07,/home/santhosh/Desktop/audio-compressed-zips/LIDO_maths0303_en.zip
LIDO_maths0303_hi.zip,compressed,8,8,89484,81883,0.09,0.08,7601,8.49,/home/santhosh/Desktop/audio-compressed-zips/LIDO_maths0303_hi.zip
LIDO_maths0303_kn.zip,compressed,9,9,96079,84959,0.09,0.08,11120,11.57,/home/santhosh/Desktop/audio-compressed-zips/LIDO_maths0303_kn.zip
LIDO_maths0400_en.zip,compressed,7,7,113130,87176,0.11,0.08,25954,22.94,/home/santhosh/Desktop/audio-compressed-zips/LIDO_maths0400_en.zip
LIDO_maths0400_kn.zip,compressed,7,7,105832,83495,0.1,0.08,22337,21.11,/home/santhosh/Desktop/audio-compressed-zips/LIDO_maths0400_kn.zip
LIDO_maths0601_en.zip,compressed,21,21,107343,82179,0.1,0.08,25164,23.44,/home/santhosh/Desktop/audio-compressed-zips/LIDO_maths0601_en.zip
LIDO_maths0601_hi.zip,compressed,21,21,110275,85455,0.11,0.08,24820,22.51,/home/santhosh/Desktop/audio-compressed-zips/LIDO_maths0601_hi.zip
LIDO_maths0602_en.zip,compressed,21,21,107036,81872,0.1,0.08,25164,23.51,/home/santhosh/Desktop/audio-compressed-zips/LIDO_maths0602_en.zip
LIDO_maths0602_hi.zip,compressed,21,21,109393,84573,0.1,0.08,24820,22.69,/home/santhosh/Desktop/audio-compressed-zips/LIDO_maths0602_hi.zip
LIDO_maths0602_kn.zip,compressed,21,21,118561,88743,0.11,0.08,29818,25.15,/home/santhosh/Desktop/audio-compressed-zips/LIDO_maths0602_kn.zip
LIDO_maths0603_hi.zip,compressed,20,20,102707,78976,0.1,0.08,23731,23.11,/home/santhosh/Desktop/audio-compressed-zips/LIDO_maths0603_hi.zip
LIDO_maths0603_kn.zip,compressed,20,20,111807,83197,0.11,0.08,28610,25.59,/home/santhosh/Desktop/audio-compressed-zips/LIDO_maths0603_kn.zip
LIDO_maths0802_en.zip,compressed,11,11,131390,88145,0.13,0.08,43245,32.91,/home/santhosh/Desktop/audio-compressed-zips/LIDO_maths0802_en.zip
LIDO_maths0804_kn.zip,compressed,9,9,117308,82227,0.11,0.08,35081,29.91,/home/santhosh/Desktop/audio-compressed-zips/LIDO_maths0804_kn.zip
LIDO_maths0806_en.zip,compressed,5,5,118093,82435,0.11,0.08,35658,30.19,/home/santhosh/Desktop/audio-compressed-zips/LIDO_maths0806_en.zip
LIDO_maths1201_kn.zip,compressed,20,20,114636,83592,0.11,0.08,31044,27.08,/home/santhosh/Desktop/audio-compressed-zips/LIDO_maths1201_kn.zip
LIDO_maths1202_kn.zip,compressed,20,20,116218,84242,0.11,0.08,31976,27.51,/home/santhosh/Desktop/audio-compressed-zips/LIDO_maths1202_kn.zip
LIDO_maths1203_hi.zip,compressed,20,20,108277,80186,0.1,0.08,28091,25.94,/home/santhosh/Desktop/audio-compressed-zips/LIDO_maths1203_hi.zip
LIDO_maths1203_kn.zip,compressed,20,20,117171,85006,0.11,0.08,32165,27.45,/home/santhosh/Desktop/audio-compressed-zips/LIDO_maths1203_kn.zip
LIDO_maths1204_kn.zip,compressed,20,20,115278,83880,0.11,0.08,31398,27.24,/home/santhosh/Desktop/audio-compressed-zips/LIDO_maths1204_kn.zip
LIDO_maths1205_kn.zip,compressed,20,20,115580,83851,0.11,0.08,31729,27.45,/home/santhosh/Desktop/audio-compressed-zips/LIDO_maths1205_kn.zip
LIDO_maths1206_hi.zip,compressed,20,20,106441,80412,0.1,0.08,26029,24.45,/home/santhosh/Desktop/audio-compressed-zips/LIDO_maths1206_hi.zip
LIDO_maths1206_kn.zip,compressed,20,20,114843,83470,0.11,0.08,31373,27.32,/home/santhosh/Desktop/audio-compressed-zips/LIDO_maths1206_kn.zip
LIDO_maths1207_kn.zip,compressed,20,20,115919,84039,0.11,0.08,31880,27.5,/home/santhosh/Desktop/audio-compressed-zips/LIDO_maths1207_kn.zip
LIDO_maths1208_hi.zip,compressed,20,20,110505,81429,0.11,0.08,29076,26.31,/home/santhosh/Desktop/audio-compressed-zips/LIDO_maths1208_hi.zip
LIDO_maths1208_kn.zip,compressed,20,20,115765,83916,0.11,0.08,31849,27.51,/home/santhosh/Desktop/audio-compressed-zips/LIDO_maths1208_kn.zip
LIDO_maths1209_en.zip,compressed,21,21,107399,79338,0.1,0.08,28061,26.13,/home/santhosh/Desktop/audio-compressed-zips/LIDO_maths1209_en.zip
LIDO_maths1209_hi.zip,compressed,21,21,105533,79648,0.1,0.08,25885,24.53,/home/santhosh/Desktop/audio-compressed-zips/LIDO_maths1209_hi.zip
LIDO_maths1209_kn.zip,compressed,21,21,118301,85464,0.11,0.08,32837,27.76,/home/santhosh/Desktop/audio-compressed-zips/LIDO_maths1209_kn.zip
LIDO_maths1210_en.zip,compressed,17,17,197504,85500,0.19,0.08,112004,56.71,/home/santhosh/Desktop/audio-compressed-zips/LIDO_maths1210_en.zip
LIDO_maths1210_hi.zip,compressed,17,17,177027,82355,0.17,0.08,94672,53.48,/home/santhosh/Desktop/audio-compressed-zips/LIDO_maths1210_hi.zip
LIDO_maths1301_kn.zip,compressed,18,18,106596,80141,0.1,0.08,26455,24.82,/home/santhosh/Desktop/audio-compressed-zips/LIDO_maths1301_kn.zip
LIDO_maths1304_kn.zip,compressed,18,18,106259,79804,0.1,0.08,26455,24.9,/home/santhosh/Desktop/audio-compressed-zips/LIDO_maths1304_kn.zip
LIDO_maths1305_en.zip,compressed,16,16,174739,84294,0.17,0.08,90445,51.76,/home/santhosh/Desktop/audio-compressed-zips/LIDO_maths1305_en.zip
LIDO_maths1305_hi.zip,compressed,16,16,159831,82420,0.15,0.08,77411,48.43,/home/santhosh/Desktop/audio-compressed-zips/LIDO_maths1305_hi.zip
LIDO_maths1306_en.zip,compressed,15,15,160972,81367,0.15,0.08,79605,49.45,/home/santhosh/Desktop/audio-compressed-zips/LIDO_maths1306_en.zip
LIDO_maths1306_hi.zip,compressed,15,15,161935,83611,0.15,0.08,78324,48.37,/home/santhosh/Desktop/audio-compressed-zips/LIDO_maths1306_hi.zip
LIDO_maths1308_hi.zip,compressed,20,20,104111,80479,0.1,0.08,23632,22.7,/home/santhosh/Desktop/audio-compressed-zips/LIDO_maths1308_hi.zip
LIDO_maths1308_kn.zip,compressed,20,20,112617,83952,0.11,0.08,28665,25.45,/home/santhosh/Desktop/audio-compressed-zips/LIDO_maths1308_kn.zip
LIDO_maths1602_kn.zip,compressed,18,18,104746,78824,0.1,0.08,25922,24.75,/home/santhosh/Desktop/audio-compressed-zips/LIDO_maths1602_kn.zip
LIDO_maths1603_kn.zip,compressed,19,19,104553,79332,0.1,0.08,25221,24.12,/home/santhosh/Desktop/audio-compressed-zips/LIDO_maths1603_kn.zip
LIDO_maths1604_kn.zip,compressed,19,19,104547,79326,0.1,0.08,25221,24.12,/home/santhosh/Desktop/audio-compressed-zips/LIDO_maths1604_kn.zip
LIDO_maths1806_kn.zip,compressed,18,18,106242,79787,0.1,0.08,26455,24.9,/home/santhosh/Desktop/audio-compressed-zips/LIDO_maths1806_kn.zip
LIDO_maths1900_en.zip,compressed,24,24,120851,88117,0.12,0.08,32734,27.09,/home/santhosh/Desktop/audio-compressed-zips/LIDO_maths1900_en.zip
LIDO_maths2103_en.zip,compressed,6,6,207693,86686,0.2,0.08,121007,58.26,/home/santhosh/Desktop/audio-compressed-zips/LIDO_maths2103_en.zip
LIDO_maths2303_hi.zip,compressed,5,5,210026,85764,0.2,0.08,124262,59.17,/home/santhosh/Desktop/audio-compressed-zips/LIDO_maths2303_hi.zip
LIDO_maths2400_hi.zip,compressed,17,17,176051,88159,0.17,0.08,87892,49.92,/home/santhosh/Desktop/audio-compressed-zips/LIDO_maths2400_hi.zip
LIDO_maths2401_hi.zip,compressed,15,15,156299,81682,0.15,0.08,74617,47.74,/home/santhosh/Desktop/audio-compressed-zips/LIDO_maths2401_hi.zip
LIDO_maths2403_en.zip,compressed,16,16,181912,86305,0.17,0.08,95607,52.56,/home/santhosh/Desktop/audio-compressed-zips/LIDO_maths2403_en.zip
LIDO_maths2403_hi.zip,compressed,16,16,179434,88755,0.17,0.08,90679,50.54,/home/santhosh/Desktop/audio-compressed-zips/LIDO_maths2403_hi.zip
LIDO_maths2404_en.zip,compressed,16,16,176433,85195,0.17,0.08,91238,51.71,/home/santhosh/Desktop/audio-compressed-zips/LIDO_maths2404_en.zip
LIDO_maths2404_hi.zip,compressed,16,16,174408,86698,0.17,0.08,87710,50.29,/home/santhosh/Desktop/audio-compressed-zips/LIDO_maths2404_hi.zip
LIDO_maths2406_en.zip,compressed,15,15,159655,80434,0.15,0.08,79221,49.62,/home/santhosh/Desktop/audio-compressed-zips/LIDO_maths2406_en.zip
LIDO_maths2406_hi.zip,compressed,15,15,161856,82951,0.15,0.08,78905,48.75,/home/santhosh/Desktop/audio-compressed-zips/LIDO_maths2406_hi.zip
LIDO_maths2407_en.zip,compressed,15,15,168121,82574,0.16,0.08,85547,50.88,/home/santhosh/Desktop/audio-compressed-zips/LIDO_maths2407_en.zip
LIDO_maths2407_hi.zip,compressed,15,15,162720,82985,0.16,0.08,79735,49,/home/santhosh/Desktop/audio-compressed-zips/LIDO_maths2407_hi.zip
LIDO_maths2408_en.zip,compressed,17,17,186351,86773,0.18,0.08,99578,53.44,/home/santhosh/Desktop/audio-compressed-zips/LIDO_maths2408_en.zip
LIDO_maths2619_kn.zip,compressed,5,5,218529,88042,0.21,0.08,130487,59.71,/home/santhosh/Desktop/audio-compressed-zips/LIDO_maths2619_kn.zip
LIDO_maths2704_hi.zip,compressed,6,6,223619,89020,0.21,0.08,134599,60.19,/home/santhosh/Desktop/audio-compressed-zips/LIDO_maths2704_hi.zip
LIDO_maths2704_kn.zip,compressed,6,6,206739,84177,0.2,0.08,122562,59.28,/home/santhosh/Desktop/audio-compressed-zips/LIDO_maths2704_kn.zip
LIDO_maths2706_hi.zip,compressed,5,5,197077,83332,0.19,0.08,113745,57.72,/home/santhosh/Desktop/audio-compressed-zips/LIDO_maths2706_hi.zip
LIDO_maths_quiz00_hi.zip,compressed,20,20,108433,79235,0.1,0.08,29198,26.93,/home/santhosh/Desktop/audio-compressed-zips/LIDO_maths_quiz00_hi.zip
LIDO_en0404.zip,compressed,7,7,104787,97235,0.1,0.09,7552,7.21,/home/santhosh/Desktop/audio-compressed-zips/LIDO_en0404.zip
LIDO_en0406.zip,compressed,7,7,100635,90719,0.1,0.09,9916,9.85,/home/santhosh/Desktop/audio-compressed-zips/LIDO_en0406.zip
LIDO_en0409.zip,compressed,9,9,107437,92345,0.1,0.09,15092,14.05,/home/santhosh/Desktop/audio-compressed-zips/LIDO_en0409.zip
LIDO_en2803.zip,compressed,7,7,112554,93644,0.11,0.09,18910,16.8,/home/santhosh/Desktop/audio-compressed-zips/LIDO_en2803.zip
LIDO_en_quiz0000.zip,compressed,21,21,122696,97211,0.12,0.09,25485,20.77,/home/santhosh/Desktop/audio-compressed-zips/LIDO_en_quiz0000.zip
LIDO_hi0205.zip,compressed,20,20,216236,96423,0.21,0.09,119813,55.41,/home/santhosh/Desktop/audio-compressed-zips/LIDO_hi0205.zip
LIDO_hi0500.zip,compressed,17,17,240991,98208,0.23,0.09,142783,59.25,/home/santhosh/Desktop/audio-compressed-zips/LIDO_hi0500.zip
LIDO_hi0600.zip,compressed,17,17,222448,99163,0.21,0.09,123285,55.42,/home/santhosh/Desktop/audio-compressed-zips/LIDO_hi0600.zip
LIDO_hi0700.zip,compressed,17,17,209537,97306,0.2,0.09,112231,53.56,/home/santhosh/Desktop/audio-compressed-zips/LIDO_hi0700.zip
LIDO_hi0800.zip,compressed,15,15,192611,95944,0.18,0.09,96667,50.19,/home/santhosh/Desktop/audio-compressed-zips/LIDO_hi0800.zip
LIDO_hi_5202.zip,compressed,13,13,177362,94082,0.17,0.09,83280,46.95,/home/santhosh/Desktop/audio-compressed-zips/LIDO_hi_5202.zip
LIDO_hi_5203.zip,compressed,12,12,201366,93296,0.19,0.09,108070,53.67,/home/santhosh/Desktop/audio-compressed-zips/LIDO_hi_5203.zip
LIDO_hi_5204.zip,compressed,11,11,168849,91188,0.16,0.09,77661,45.99,/home/santhosh/Desktop/audio-compressed-zips/LIDO_hi_5204.zip
LIDO_hi_5205.zip,compressed,15,15,237158,97409,0.23,0.09,139749,58.93,/home/santhosh/Desktop/audio-compressed-zips/LIDO_hi_5205.zip
LIDO_kn0001.zip,compressed,13,13,103160,90695,0.1,0.09,12465,12.08,/home/santhosh/Desktop/audio-compressed-zips/LIDO_kn0001.zip
LIDO_kn0101.zip,compressed,17,17,107592,93974,0.1,0.09,13618,12.66,/home/santhosh/Desktop/audio-compressed-zips/LIDO_kn0101.zip
LIDO_kn0301.zip,compressed,17,17,116601,98569,0.11,0.09,18032,15.46,/home/santhosh/Desktop/audio-compressed-zips/LIDO_kn0301.zip
LIDO_kn0304.zip,compressed,20,20,110928,96635,0.11,0.09,14293,12.88,/home/santhosh/Desktop/audio-compressed-zips/LIDO_kn0304.zip
LIDO_kn0404.zip,compressed,21,21,112930,97784,0.11,0.09,15146,13.41,/home/santhosh/Desktop/audio-compressed-zips/LIDO_kn0404.zip
LIDO_kn0504.zip,compressed,21,21,113086,98192,0.11,0.09,14894,13.17,/home/santhosh/Desktop/audio-compressed-zips/LIDO_kn0504.zip
LIDO_kn0704.zip,compressed,21,21,113371,98409,0.11,0.09,14962,13.2,/home/santhosh/Desktop/audio-compressed-zips/LIDO_kn0704.zip
LIDO_kn0801.zip,compressed,17,17,110317,95657,0.11,0.09,14660,13.29,/home/santhosh/Desktop/audio-compressed-zips/LIDO_kn0801.zip
LIDO_kn0804.zip,compressed,21,21,113494,98765,0.11,0.09,14729,12.98,/home/santhosh/Desktop/audio-compressed-zips/LIDO_kn0804.zip
LIDO_kn0904.zip,compressed,20,20,110677,97124,0.11,0.09,13553,12.25,/home/santhosh/Desktop/audio-compressed-zips/LIDO_kn0904.zip
LIDO_kn1001.zip,compressed,19,19,116390,99593,0.11,0.09,16797,14.43,/home/santhosh/Desktop/audio-compressed-zips/LIDO_kn1001.zip
LIDO_kn1004.zip,compressed,19,19,110270,96307,0.11,0.09,13963,12.66,/home/santhosh/Desktop/audio-compressed-zips/LIDO_kn1004.zip
LIDO_kn1602.zip,compressed,15,15,101784,91079,0.1,0.09,10705,10.52,/home/santhosh/Desktop/audio-compressed-zips/LIDO_kn1602.zip
LIDO_kn1604.zip,compressed,20,20,112972,98324,0.11,0.09,14648,12.97,/home/santhosh/Desktop/audio-compressed-zips/LIDO_kn1604.zip
LIDO_kn1801.zip,compressed,20,20,112980,98311,0.11,0.09,14669,12.98,/home/santhosh/Desktop/audio-compressed-zips/LIDO_kn1801.zip
LIDO_kn1807.zip,compressed,19,19,113727,98560,0.11,0.09,15167,13.34,/home/santhosh/Desktop/audio-compressed-zips/LIDO_kn1807.zip
LIDO_kn2000.zip,compressed,18,18,116096,97117,0.11,0.09,18979,16.35,/home/santhosh/Desktop/audio-compressed-zips/LIDO_kn2000.zip
LIDO_kn2001.zip,compressed,21,21,115080,99298,0.11,0.09,15782,13.71,/home/santhosh/Desktop/audio-compressed-zips/LIDO_kn2001.zip
LIDO_kn2004.zip,compressed,18,18,110425,96033,0.11,0.09,14392,13.03,/home/santhosh/Desktop/audio-compressed-zips/LIDO_kn2004.zip
LIDO_kn2005.zip,compressed,18,18,109637,95846,0.1,0.09,13791,12.58,/home/santhosh/Desktop/audio-compressed-zips/LIDO_kn2005.zip
LIDO_kn2008.zip,compressed,18,18,111531,96834,0.11,0.09,14697,13.18,/home/santhosh/Desktop/audio-compressed-zips/LIDO_kn2008.zip
LIDO_kn2009.zip,compressed,18,18,110488,96196,0.11,0.09,14292,12.94,/home/santhosh/Desktop/audio-compressed-zips/LIDO_kn2009.zip
LIDO_kn2201.zip,compressed,17,17,105205,93661,0.1,0.09,11544,10.97,/home/santhosh/Desktop/audio-compressed-zips/LIDO_kn2201.zip
LIDO_kn2204.zip,compressed,17,17,106481,94262,0.1,0.09,12219,11.48,/home/santhosh/Desktop/audio-compressed-zips/LIDO_kn2204.zip
LIDO_kn2205.zip,compressed,17,17,106214,94358,0.1,0.09,11856,11.16,/home/santhosh/Desktop/audio-compressed-zips/LIDO_kn2205.zip
LIDO_kn2208.zip,compressed,13,13,101329,89854,0.1,0.09,11475,11.32,/home/santhosh/Desktop/audio-compressed-zips/LIDO_kn2208.zip
LIDO_kn2209.zip,compressed,15,15,105656,92694,0.1,0.09,12962,12.27,/home/santhosh/Desktop/audio-compressed-zips/LIDO_kn2209.zip
LIDO_kn2700.zip,compressed,19,19,120178,99567,0.11,0.09,20611,17.15,/home/santhosh/Desktop/audio-compressed-zips/LIDO_kn2700.zip
LIDO_kn2703.zip,compressed,17,17,109207,95527,0.1,0.09,13680,12.53,/home/santhosh/Desktop/audio-compressed-zips/LIDO_kn2703.zip
LIDO_kn2704.zip,compressed,18,18,111923,96897,0.11,0.09,15026,13.43,/home/santhosh/Desktop/audio-compressed-zips/LIDO_kn2704.zip
LIDO_kn2_0404.zip,compressed,11,11,149260,90779,0.14,0.09,58481,39.18,/home/santhosh/Desktop/audio-compressed-zips/LIDO_kn2_0404.zip
LIDO_kn2_0507.zip,compressed,10,10,97174,89399,0.09,0.09,7775,8,/home/santhosh/Desktop/audio-compressed-zips/LIDO_kn2_0507.zip
LIDO_kn2_0603.zip,compressed,29,29,238867,91639,0.23,0.09,147228,61.64,/home/santhosh/Desktop/audio-compressed-zips/LIDO_kn2_0603.zip
LIDO_kn2_0804.zip,compressed,9,9,129515,90540,0.12,0.09,38975,30.09,/home/santhosh/Desktop/audio-compressed-zips/LIDO_kn2_0804.zip
LIDO_kn2_0807.zip,compressed,7,7,136711,89220,0.13,0.09,47491,34.74,/home/santhosh/Desktop/audio-compressed-zips/LIDO_kn2_0807.zip
LIDO_kn2_1003.zip,compressed,10,10,139856,94454,0.13,0.09,45402,32.46,/home/santhosh/Desktop/audio-compressed-zips/LIDO_kn2_1003.zip
LIDO_kn2_1302.zip,compressed,9,9,107271,91805,0.1,0.09,15466,14.42,/home/santhosh/Desktop/audio-compressed-zips/LIDO_kn2_1302.zip
LIDO_kn2_1304.zip,compressed,10,10,114242,90307,0.11,0.09,23935,20.95,/home/santhosh/Desktop/audio-compressed-zips/LIDO_kn2_1304.zip
LIDO_kn2_1402.zip,compressed,12,12,122938,92870,0.12,0.09,30068,24.46,/home/santhosh/Desktop/audio-compressed-zips/LIDO_kn2_1402.zip
LIDO_kn2_1701.zip,compressed,10,10,106086,91800,0.1,0.09,14286,13.47,/home/santhosh/Desktop/audio-compressed-zips/LIDO_kn2_1701.zip
LIDO_kn2_1702.zip,compressed,10,10,106950,91994,0.1,0.09,14956,13.98,/home/santhosh/Desktop/audio-compressed-zips/LIDO_kn2_1702.zip
LIDO_kn2_1703.zip,compressed,11,11,134337,93875,0.13,0.09,40462,30.12,/home/santhosh/Desktop/audio-compressed-zips/LIDO_kn2_1703.zip
LIDO_kn2_1705.zip,compressed,11,11,128907,94055,0.12,0.09,34852,27.04,/home/santhosh/Desktop/audio-compressed-zips/LIDO_kn2_1705.zip
LIDO_kn2_1802.zip,compressed,9,9,104338,90237,0.1,0.09,14101,13.51,/home/santhosh/Desktop/audio-compressed-zips/LIDO_kn2_1802.zip
LIDO_kn2_1805.zip,compressed,10,10,130957,93420,0.12,0.09,37537,28.66,/home/santhosh/Desktop/audio-compressed-zips/LIDO_kn2_1805.zip
LIDO_kn2_1900.zip,compressed,10,10,115240,95987,0.11,0.09,19253,16.71,/home/santhosh/Desktop/audio-compressed-zips/LIDO_kn2_1900.zip
LIDO_kn2_1901.zip,compressed,10,10,116437,96508,0.11,0.09,19929,17.12,/home/santhosh/Desktop/audio-compressed-zips/LIDO_kn2_1901.zip
LIDO_kn2_1902.zip,compressed,11,11,117981,97921,0.11,0.09,20060,17,/home/santhosh/Desktop/audio-compressed-zips/LIDO_kn2_1902.zip
LIDO_kn2_1905.zip,compressed,8,8,146861,90605,0.14,0.09,56256,38.31,/home/santhosh/Desktop/audio-compressed-zips/LIDO_kn2_1905.zip
LIDO_kn2_2000.zip,compressed,10,10,102198,89298,0.1,0.09,12900,12.62,/home/santhosh/Desktop/audio-compressed-zips/LIDO_kn2_2000.zip
LIDO_kn4805.zip,compressed,4,4,101812,94318,0.1,0.09,7494,7.36,/home/santhosh/Desktop/audio-compressed-zips/LIDO_kn4805.zip
LIDO_matchingcard0001.zip,unchanged (compression gave no saving),0,0,90441,90441,0.09,0.09,0,0,/home/santhosh/Desktop/audio-compressed-zips/LIDO_matchingcard0001.zip
LIDO_matchingcard0004.zip,unchanged (compression gave no saving),0,0,98999,98999,0.09,0.09,0,0,/home/santhosh/Desktop/audio-compressed-zips/LIDO_matchingcard0004.zip
LIDO_maths0601_kn.zip,compressed,21,21,119374,89556,0.11,0.09,29818,24.98,/home/santhosh/Desktop/audio-compressed-zips/LIDO_maths0601_kn.zip
LIDO_maths0802_hi.zip,compressed,10,10,129496,89510,0.12,0.09,39986,30.88,/home/santhosh/Desktop/audio-compressed-zips/LIDO_maths0802_hi.zip
LIDO_maths0802_kn.zip,compressed,11,11,135901,89272,0.13,0.09,46629,34.31,/home/santhosh/Desktop/audio-compressed-zips/LIDO_maths0802_kn.zip
LIDO_maths0804_en.zip,compressed,11,11,138239,91503,0.13,0.09,46736,33.81,/home/santhosh/Desktop/audio-compressed-zips/LIDO_maths0804_en.zip
LIDO_maths0804_hi.zip,compressed,11,11,139547,95198,0.13,0.09,44349,31.78,/home/santhosh/Desktop/audio-compressed-zips/LIDO_maths0804_hi.zip
LIDO_maths1100_hi.zip,compressed,21,21,230159,96779,0.22,0.09,133380,57.95,/home/santhosh/Desktop/audio-compressed-zips/LIDO_maths1100_hi.zip
LIDO_maths1210_kn.zip,compressed,17,17,272065,91548,0.26,0.09,180517,66.35,/home/santhosh/Desktop/audio-compressed-zips/LIDO_maths1210_kn.zip
LIDO_maths1211_en.zip,compressed,19,19,183357,91603,0.17,0.09,91754,50.04,/home/santhosh/Desktop/audio-compressed-zips/LIDO_maths1211_en.zip
LIDO_maths1211_hi.zip,compressed,19,19,174252,90215,0.17,0.09,84037,48.23,/home/santhosh/Desktop/audio-compressed-zips/LIDO_maths1211_hi.zip
LIDO_maths1211_kn.zip,compressed,19,19,452905,93644,0.43,0.09,359261,79.32,/home/santhosh/Desktop/audio-compressed-zips/LIDO_maths1211_kn.zip
LIDO_maths1306_kn.zip,compressed,15,15,404223,91779,0.39,0.09,312444,77.29,/home/santhosh/Desktop/audio-compressed-zips/LIDO_maths1306_kn.zip
LIDO_maths1514_kn.zip,compressed,8,8,240289,93973,0.23,0.09,146316,60.89,/home/santhosh/Desktop/audio-compressed-zips/LIDO_maths1514_kn.zip
LIDO_maths1515_kn.zip,compressed,8,8,256729,97656,0.24,0.09,159073,61.96,/home/santhosh/Desktop/audio-compressed-zips/LIDO_maths1515_kn.zip
LIDO_maths1601_en.zip,compressed,27,27,131147,94626,0.13,0.09,36521,27.85,/home/santhosh/Desktop/audio-compressed-zips/LIDO_maths1601_en.zip
LIDO_maths1601_hi.zip,compressed,27,27,128744,94903,0.12,0.09,33841,26.29,/home/santhosh/Desktop/audio-compressed-zips/LIDO_maths1601_hi.zip
LIDO_maths1700_kn.zip,compressed,13,13,162158,98539,0.15,0.09,63619,39.23,/home/santhosh/Desktop/audio-compressed-zips/LIDO_maths1700_kn.zip
LIDO_maths1900_hi.zip,compressed,24,24,120449,89198,0.11,0.09,31251,25.95,/home/santhosh/Desktop/audio-compressed-zips/LIDO_maths1900_hi.zip
LIDO_maths1900_kn.zip,compressed,24,24,135619,96581,0.13,0.09,39038,28.79,/home/santhosh/Desktop/audio-compressed-zips/LIDO_maths1900_kn.zip
LIDO_maths1_PreQuiz_en.zip,compressed,26,26,158761,98345,0.15,0.09,60416,38.05,/home/santhosh/Desktop/audio-compressed-zips/LIDO_maths1_PreQuiz_en.zip
LIDO_maths1_PreQuiz_hi.zip,compressed,25,25,154973,99169,0.15,0.09,55804,36.01,/home/santhosh/Desktop/audio-compressed-zips/LIDO_maths1_PreQuiz_hi.zip
LIDO_maths2103_hi.zip,compressed,7,7,243804,96034,0.23,0.09,147770,60.61,/home/santhosh/Desktop/audio-compressed-zips/LIDO_maths2103_hi.zip
LIDO_maths2103_kn.zip,compressed,7,7,247198,94155,0.24,0.09,153043,61.91,/home/santhosh/Desktop/audio-compressed-zips/LIDO_maths2103_kn.zip
LIDO_maths2308_en.zip,compressed,16,16,225883,96492,0.22,0.09,129391,57.28,/home/santhosh/Desktop/audio-compressed-zips/LIDO_maths2308_en.zip
LIDO_maths2309_en.zip,compressed,16,16,235010,99002,0.22,0.09,136008,57.87,/home/santhosh/Desktop/audio-compressed-zips/LIDO_maths2309_en.zip
LIDO_maths2310_hi.zip,compressed,13,13,278774,96962,0.27,0.09,181812,65.22,/home/santhosh/Desktop/audio-compressed-zips/LIDO_maths2310_hi.zip
LIDO_maths2311_en.zip,compressed,16,16,222990,94995,0.21,0.09,127995,57.4,/home/santhosh/Desktop/audio-compressed-zips/LIDO_maths2311_en.zip
LIDO_maths2400_en.zip,compressed,17,17,201319,93051,0.19,0.09,108268,53.78,/home/santhosh/Desktop/audio-compressed-zips/LIDO_maths2400_en.zip
LIDO_maths2401_kn.zip,compressed,15,15,206374,96301,0.2,0.09,110073,53.34,/home/santhosh/Desktop/audio-compressed-zips/LIDO_maths2401_kn.zip
LIDO_maths2402_en.zip,compressed,18,18,224561,96828,0.21,0.09,127733,56.88,/home/santhosh/Desktop/audio-compressed-zips/LIDO_maths2402_en.zip
LIDO_maths2402_hi.zip,compressed,18,18,211742,98252,0.2,0.09,113490,53.6,/home/santhosh/Desktop/audio-compressed-zips/LIDO_maths2402_hi.zip
LIDO_maths2403_kn.zip,compressed,16,16,200111,93557,0.19,0.09,106554,53.25,/home/santhosh/Desktop/audio-compressed-zips/LIDO_maths2403_kn.zip
LIDO_maths2404_kn.zip,compressed,16,16,193047,92607,0.18,0.09,100440,52.03,/home/santhosh/Desktop/audio-compressed-zips/LIDO_maths2404_kn.zip
LIDO_maths2405_kn.zip,compressed,18,18,218431,99349,0.21,0.09,119082,54.52,/home/santhosh/Desktop/audio-compressed-zips/LIDO_maths2405_kn.zip
LIDO_maths2406_kn.zip,compressed,15,15,312307,90067,0.3,0.09,222240,71.16,/home/santhosh/Desktop/audio-compressed-zips/LIDO_maths2406_kn.zip
LIDO_maths2407_kn.zip,compressed,15,15,193876,92276,0.18,0.09,101600,52.4,/home/santhosh/Desktop/audio-compressed-zips/LIDO_maths2407_kn.zip
LIDO_maths2408_hi.zip,compressed,17,17,190918,91362,0.18,0.09,99556,52.15,/home/santhosh/Desktop/audio-compressed-zips/LIDO_maths2408_hi.zip
LIDO_maths2408_kn.zip,compressed,17,17,294938,99027,0.28,0.09,195911,66.42,/home/santhosh/Desktop/audio-compressed-zips/LIDO_maths2408_kn.zip
LIDO_maths2409_en.zip,compressed,18,18,215694,95046,0.21,0.09,120648,55.93,/home/santhosh/Desktop/audio-compressed-zips/LIDO_maths2409_en.zip
LIDO_maths2610_en.zip,compressed,6,6,261413,98141,0.25,0.09,163272,62.46,/home/santhosh/Desktop/audio-compressed-zips/LIDO_maths2610_en.zip
LIDO_maths2610_hi.zip,compressed,6,6,241735,93507,0.23,0.09,148228,61.32,/home/santhosh/Desktop/audio-compressed-zips/LIDO_maths2610_hi.zip
LIDO_maths2611_en.zip,compressed,6,6,251281,97605,0.24,0.09,153676,61.16,/home/santhosh/Desktop/audio-compressed-zips/LIDO_maths2611_en.zip
LIDO_maths2611_hi.zip,compressed,6,6,239366,94133,0.23,0.09,145233,60.67,/home/santhosh/Desktop/audio-compressed-zips/LIDO_maths2611_hi.zip
LIDO_maths2611_kn.zip,compressed,6,6,263164,98040,0.25,0.09,165124,62.75,/home/santhosh/Desktop/audio-compressed-zips/LIDO_maths2611_kn.zip
LIDO_maths2612_en.zip,compressed,6,6,246037,95698,0.23,0.09,150339,61.1,/home/santhosh/Desktop/audio-compressed-zips/LIDO_maths2612_en.zip
LIDO_maths2612_hi.zip,compressed,6,6,241477,94180,0.23,0.09,147297,61,/home/santhosh/Desktop/audio-compressed-zips/LIDO_maths2612_hi.zip
LIDO_maths2613_en.zip,compressed,6,6,248828,96754,0.24,0.09,152074,61.12,/home/santhosh/Desktop/audio-compressed-zips/LIDO_maths2613_en.zip
LIDO_maths2613_hi.zip,compressed,6,6,240239,94831,0.23,0.09,145408,60.53,/home/santhosh/Desktop/audio-compressed-zips/LIDO_maths2613_hi.zip
LIDO_maths2613_kn.zip,compressed,6,6,247809,93796,0.24,0.09,154013,62.15,/home/santhosh/Desktop/audio-compressed-zips/LIDO_maths2613_kn.zip
LIDO_maths2616_en.zip,compressed,6,6,262596,98965,0.25,0.09,163631,62.31,/home/santhosh/Desktop/audio-compressed-zips/LIDO_maths2616_en.zip
LIDO_maths2616_hi.zip,compressed,6,6,248391,97334,0.24,0.09,151057,60.81,/home/santhosh/Desktop/audio-compressed-zips/LIDO_maths2616_hi.zip
LIDO_maths2617_en.zip,compressed,6,6,260232,99540,0.25,0.09,160692,61.75,/home/santhosh/Desktop/audio-compressed-zips/LIDO_maths2617_en.zip
LIDO_maths2617_hi.zip,compressed,6,6,243717,95109,0.23,0.09,148608,60.98,/home/santhosh/Desktop/audio-compressed-zips/LIDO_maths2617_hi.zip
LIDO_maths2617_kn.zip,compressed,6,6,252012,94957,0.24,0.09,157055,62.32,/home/santhosh/Desktop/audio-compressed-zips/LIDO_maths2617_kn.zip
LIDO_maths2618_en.zip,compressed,6,6,242743,95055,0.23,0.09,147688,60.84,/home/santhosh/Desktop/audio-compressed-zips/LIDO_maths2618_en.zip
LIDO_maths2618_hi.zip,compressed,6,6,227421,91516,0.22,0.09,135905,59.76,/home/santhosh/Desktop/audio-compressed-zips/LIDO_maths2618_hi.zip
LIDO_maths2618_kn.zip,compressed,6,6,263290,97297,0.25,0.09,165993,63.05,/home/santhosh/Desktop/audio-compressed-zips/LIDO_maths2618_kn.zip
LIDO_maths2619_en.zip,compressed,6,6,226083,90067,0.22,0.09,136016,60.16,/home/santhosh/Desktop/audio-compressed-zips/LIDO_maths2619_en.zip
LIDO_maths2619_hi.zip,compressed,6,6,238317,93919,0.23,0.09,144398,60.59,/home/santhosh/Desktop/audio-compressed-zips/LIDO_maths2619_hi.zip
LIDO_maths2700_en.zip,compressed,6,6,249522,94950,0.24,0.09,154572,61.95,/home/santhosh/Desktop/audio-compressed-zips/LIDO_maths2700_en.zip
LIDO_maths2700_hi.zip,compressed,6,6,249004,96508,0.24,0.09,152496,61.24,/home/santhosh/Desktop/audio-compressed-zips/LIDO_maths2700_hi.zip
LIDO_maths2700_kn.zip,compressed,6,6,246186,94116,0.23,0.09,152070,61.77,/home/santhosh/Desktop/audio-compressed-zips/LIDO_maths2700_kn.zip
LIDO_maths2701_en.zip,compressed,6,6,260902,97686,0.25,0.09,163216,62.56,/home/santhosh/Desktop/audio-compressed-zips/LIDO_maths2701_en.zip
LIDO_maths2701_hi.zip,compressed,6,6,249353,97445,0.24,0.09,151908,60.92,/home/santhosh/Desktop/audio-compressed-zips/LIDO_maths2701_hi.zip
LIDO_maths2701_kn.zip,compressed,6,6,240485,92982,0.23,0.09,147503,61.34,/home/santhosh/Desktop/audio-compressed-zips/LIDO_maths2701_kn.zip
LIDO_maths2702_en.zip,compressed,6,6,247237,95162,0.24,0.09,152075,61.51,/home/santhosh/Desktop/audio-compressed-zips/LIDO_maths2702_en.zip
LIDO_maths2702_hi.zip,compressed,6,6,252118,97562,0.24,0.09,154556,61.3,/home/santhosh/Desktop/audio-compressed-zips/LIDO_maths2702_hi.zip
LIDO_maths2702_kn.zip,compressed,6,6,254448,96237,0.24,0.09,158211,62.18,/home/santhosh/Desktop/audio-compressed-zips/LIDO_maths2702_kn.zip
LIDO_maths2703_en.zip,compressed,6,6,241501,94302,0.23,0.09,147199,60.95,/home/santhosh/Desktop/audio-compressed-zips/LIDO_maths2703_en.zip
LIDO_maths2703_hi.zip,compressed,6,6,239035,93784,0.23,0.09,145251,60.77,/home/santhosh/Desktop/audio-compressed-zips/LIDO_maths2703_hi.zip
LIDO_maths2703_kn.zip,compressed,6,6,235515,92839,0.22,0.09,142676,60.58,/home/santhosh/Desktop/audio-compressed-zips/LIDO_maths2703_kn.zip
LIDO_maths2704_en.zip,compressed,6,6,254438,96472,0.24,0.09,157966,62.08,/home/santhosh/Desktop/audio-compressed-zips/LIDO_maths2704_en.zip
LIDO_maths2705_en.zip,compressed,6,6,241144,94111,0.23,0.09,147033,60.97,/home/santhosh/Desktop/audio-compressed-zips/LIDO_maths2705_en.zip
LIDO_maths2705_hi.zip,compressed,6,6,216776,89528,0.21,0.09,127248,58.7,/home/santhosh/Desktop/audio-compressed-zips/LIDO_maths2705_hi.zip
LIDO_maths2706_en.zip,compressed,6,6,240371,93738,0.23,0.09,146633,61,/home/santhosh/Desktop/audio-compressed-zips/LIDO_maths2706_en.zip
LIDO_maths2707_hi.zip,compressed,6,6,233882,92797,0.22,0.09,141085,60.32,/home/santhosh/Desktop/audio-compressed-zips/LIDO_maths2707_hi.zip
LIDO_maths2708_en.zip,compressed,6,6,253456,98218,0.24,0.09,155238,61.25,/home/santhosh/Desktop/audio-compressed-zips/LIDO_maths2708_en.zip
LIDO_maths2708_hi.zip,compressed,6,6,238496,94470,0.23,0.09,144026,60.39,/home/santhosh/Desktop/audio-compressed-zips/LIDO_maths2708_hi.zip
LIDO_maths2901_en.zip,compressed,27,27,129419,91103,0.12,0.09,38316,29.61,/home/santhosh/Desktop/audio-compressed-zips/LIDO_maths2901_en.zip
LIDO_maths2901_hi.zip,compressed,27,27,128199,91566,0.12,0.09,36633,28.58,/home/santhosh/Desktop/audio-compressed-zips/LIDO_maths2901_hi.zip
LIDO_maths2901_kn.zip,compressed,27,27,144414,99316,0.14,0.09,45098,31.23,/home/santhosh/Desktop/audio-compressed-zips/LIDO_maths2901_kn.zip
LIDO_maths2903_en.zip,compressed,28,28,130635,91961,0.12,0.09,38674,29.6,/home/santhosh/Desktop/audio-compressed-zips/LIDO_maths2903_en.zip
LIDO_maths2903_hi.zip,compressed,28,28,131408,93452,0.13,0.09,37956,28.88,/home/santhosh/Desktop/audio-compressed-zips/LIDO_maths2903_hi.zip
LIDO_en0410.zip,compressed,16,16,130210,106480,0.12,0.1,23730,18.22,/home/santhosh/Desktop/audio-compressed-zips/LIDO_en0410.zip
LIDO_en0411.zip,compressed,16,16,125098,106036,0.12,0.1,19062,15.24,/home/santhosh/Desktop/audio-compressed-zips/LIDO_en0411.zip
LIDO_en0412.zip,compressed,15,15,123824,105210,0.12,0.1,18614,15.03,/home/santhosh/Desktop/audio-compressed-zips/LIDO_en0412.zip
LIDO_en0500.zip,compressed,12,12,237263,104650,0.23,0.1,132613,55.89,/home/santhosh/Desktop/audio-compressed-zips/LIDO_en0500.zip
LIDO_en3004.zip,compressed,12,12,129545,102565,0.12,0.1,26980,20.83,/home/santhosh/Desktop/audio-compressed-zips/LIDO_en3004.zip
LIDO_en_5003.zip,compressed,3,3,103180,99683,0.1,0.1,3497,3.39,/home/santhosh/Desktop/audio-compressed-zips/LIDO_en_5003.zip
LIDO_en_5007.zip,compressed,4,4,108006,103058,0.1,0.1,4948,4.58,/home/santhosh/Desktop/audio-compressed-zips/LIDO_en_5007.zip
LIDO_en_5011.zip,compressed,3,3,112944,109222,0.11,0.1,3722,3.3,/home/santhosh/Desktop/audio-compressed-zips/LIDO_en_5011.zip
LIDO_hi0203.zip,compressed,26,26,279468,104352,0.27,0.1,175116,62.66,/home/santhosh/Desktop/audio-compressed-zips/LIDO_hi0203.zip
LIDO_hi0204.zip,compressed,24,24,310686,104524,0.3,0.1,206162,66.36,/home/santhosh/Desktop/audio-compressed-zips/LIDO_hi0204.zip
LIDO_hi0902.zip,compressed,18,18,324001,109866,0.31,0.1,214135,66.09,/home/santhosh/Desktop/audio-compressed-zips/LIDO_hi0902.zip
LIDO_hi1004.zip,compressed,21,21,268714,102573,0.26,0.1,166141,61.83,/home/santhosh/Desktop/audio-compressed-zips/LIDO_hi1004.zip
LIDO_hi1007.zip,compressed,22,22,279319,106377,0.27,0.1,172942,61.92,/home/santhosh/Desktop/audio-compressed-zips/LIDO_hi1007.zip
LIDO_hi_3410.zip,compressed,10,10,135780,102570,0.13,0.1,33210,24.46,/home/santhosh/Desktop/audio-compressed-zips/LIDO_hi_3410.zip
LIDO_hi_3417.zip,compressed,6,6,144240,109810,0.14,0.1,34430,23.87,/home/santhosh/Desktop/audio-compressed-zips/LIDO_hi_3417.zip
LIDO_hi_4008.zip,compressed,14,14,214503,106177,0.2,0.1,108326,50.5,/home/santhosh/Desktop/audio-compressed-zips/LIDO_hi_4008.zip
LIDO_kn0006.zip,compressed,13,13,164998,105944,0.16,0.1,59054,35.79,/home/santhosh/Desktop/audio-compressed-zips/LIDO_kn0006.zip
LIDO_kn0201.zip,compressed,23,23,128609,106530,0.12,0.1,22079,17.17,/home/santhosh/Desktop/audio-compressed-zips/LIDO_kn0201.zip
LIDO_kn0501.zip,compressed,20,20,119174,101530,0.11,0.1,17644,14.81,/home/santhosh/Desktop/audio-compressed-zips/LIDO_kn0501.zip
LIDO_kn0701.zip,compressed,24,24,131153,108545,0.13,0.1,22608,17.24,/home/santhosh/Desktop/audio-compressed-zips/LIDO_kn0701.zip
LIDO_kn0901.zip,compressed,22,22,123307,104016,0.12,0.1,19291,15.64,/home/santhosh/Desktop/audio-compressed-zips/LIDO_kn0901.zip
LIDO_kn1606.zip,compressed,23,23,119957,102673,0.11,0.1,17284,14.41,/home/santhosh/Desktop/audio-compressed-zips/LIDO_kn1606.zip
LIDO_kn1800.zip,compressed,23,23,120434,102634,0.11,0.1,17800,14.78,/home/santhosh/Desktop/audio-compressed-zips/LIDO_kn1800.zip
LIDO_kn1804.zip,compressed,23,23,121203,102939,0.12,0.1,18264,15.07,/home/santhosh/Desktop/audio-compressed-zips/LIDO_kn1804.zip
LIDO_kn2701.zip,compressed,18,18,118597,100017,0.11,0.1,18580,15.67,/home/santhosh/Desktop/audio-compressed-zips/LIDO_kn2701.zip
LIDO_kn2702.zip,compressed,19,19,122698,100447,0.12,0.1,22251,18.13,/home/santhosh/Desktop/audio-compressed-zips/LIDO_kn2702.zip
LIDO_kn2806.zip,compressed,22,22,139172,106579,0.13,0.1,32593,23.42,/home/santhosh/Desktop/audio-compressed-zips/LIDO_kn2806.zip
LIDO_kn2901.zip,compressed,19,19,121307,100424,0.12,0.1,20883,17.21,/home/santhosh/Desktop/audio-compressed-zips/LIDO_kn2901.zip
LIDO_kn2_0401.zip,compressed,22,22,125895,104975,0.12,0.1,20920,16.62,/home/santhosh/Desktop/audio-compressed-zips/LIDO_kn2_0401.zip
LIDO_kn2_0502.zip,compressed,25,25,132828,109741,0.13,0.1,23087,17.38,/home/santhosh/Desktop/audio-compressed-zips/LIDO_kn2_0502.zip
LIDO_kn2_0503.zip,compressed,14,14,192918,99935,0.18,0.1,92983,48.2,/home/santhosh/Desktop/audio-compressed-zips/LIDO_kn2_0503.zip
LIDO_kn2_0504.zip,compressed,13,13,213694,104612,0.2,0.1,109082,51.05,/home/santhosh/Desktop/audio-compressed-zips/LIDO_kn2_0504.zip
LIDO_kn2_0508.zip,compressed,21,21,123561,103681,0.12,0.1,19880,16.09,/home/santhosh/Desktop/audio-compressed-zips/LIDO_kn2_0508.zip
LIDO_kn2_0509.zip,compressed,18,18,126231,103872,0.12,0.1,22359,17.71,/home/santhosh/Desktop/audio-compressed-zips/LIDO_kn2_0509.zip
LIDO_kn2_0609.zip,compressed,14,14,117974,99994,0.11,0.1,17980,15.24,/home/santhosh/Desktop/audio-compressed-zips/LIDO_kn2_0609.zip
LIDO_kn2_0705.zip,compressed,20,20,145089,102786,0.14,0.1,42303,29.16,/home/santhosh/Desktop/audio-compressed-zips/LIDO_kn2_0705.zip
LIDO_kn2_0801.zip,compressed,22,22,128030,106196,0.12,0.1,21834,17.05,/home/santhosh/Desktop/audio-compressed-zips/LIDO_kn2_0801.zip
LIDO_kn2_0802.zip,compressed,20,20,125499,104225,0.12,0.1,21274,16.95,/home/santhosh/Desktop/audio-compressed-zips/LIDO_kn2_0802.zip
LIDO_kn2_0803.zip,compressed,19,19,120964,101816,0.12,0.1,19148,15.83,/home/santhosh/Desktop/audio-compressed-zips/LIDO_kn2_0803.zip
LIDO_kn2_0902.zip,compressed,22,22,128920,106904,0.12,0.1,22016,17.08,/home/santhosh/Desktop/audio-compressed-zips/LIDO_kn2_0902.zip
LIDO_kn2_0903.zip,compressed,22,22,138929,109723,0.13,0.1,29206,21.02,/home/santhosh/Desktop/audio-compressed-zips/LIDO_kn2_0903.zip
LIDO_kn2_1101.zip,compressed,24,24,131331,108419,0.13,0.1,22912,17.45,/home/santhosh/Desktop/audio-compressed-zips/LIDO_kn2_1101.zip
LIDO_kn2_1103.zip,compressed,21,21,123660,103714,0.12,0.1,19946,16.13,/home/santhosh/Desktop/audio-compressed-zips/LIDO_kn2_1103.zip
LIDO_kn2_1202.zip,compressed,21,21,129187,106658,0.12,0.1,22529,17.44,/home/santhosh/Desktop/audio-compressed-zips/LIDO_kn2_1202.zip
LIDO_kn2_1503.zip,compressed,13,13,185101,101154,0.18,0.1,83947,45.35,/home/santhosh/Desktop/audio-compressed-zips/LIDO_kn2_1503.zip
LIDO_kn2_1505.zip,compressed,21,21,179773,105585,0.17,0.1,74188,41.27,/home/santhosh/Desktop/audio-compressed-zips/LIDO_kn2_1505.zip
LIDO_kn2_1807.zip,compressed,12,12,155493,103847,0.15,0.1,51646,33.21,/home/santhosh/Desktop/audio-compressed-zips/LIDO_kn2_1807.zip
LIDO_kn3001.zip,compressed,21,21,131645,106265,0.13,0.1,25380,19.28,/home/santhosh/Desktop/audio-compressed-zips/LIDO_kn3001.zip
LIDO_kn3102.zip,compressed,15,15,133214,102601,0.13,0.1,30613,22.98,/home/santhosh/Desktop/audio-compressed-zips/LIDO_kn3102.zip
LIDO_kn3103.zip,compressed,12,12,179311,102426,0.17,0.1,76885,42.88,/home/santhosh/Desktop/audio-compressed-zips/LIDO_kn3103.zip
LIDO_kn3803.zip,compressed,18,18,149298,108691,0.14,0.1,40607,27.2,/home/santhosh/Desktop/audio-compressed-zips/LIDO_kn3803.zip
LIDO_kn3903.zip,compressed,17,17,157777,109993,0.15,0.1,47784,30.29,/home/santhosh/Desktop/audio-compressed-zips/LIDO_kn3903.zip
LIDO_kn4103.zip,compressed,18,18,147877,107991,0.14,0.1,39886,26.97,/home/santhosh/Desktop/audio-compressed-zips/LIDO_kn4103.zip
LIDO_kn4601.zip,compressed,18,18,152948,109148,0.15,0.1,43800,28.64,/home/santhosh/Desktop/audio-compressed-zips/LIDO_kn4601.zip
LIDO_kn4602.zip,compressed,18,18,151786,108194,0.14,0.1,43592,28.72,/home/santhosh/Desktop/audio-compressed-zips/LIDO_kn4602.zip
LIDO_kn4702.zip,compressed,17,17,148728,107807,0.14,0.1,40921,27.51,/home/santhosh/Desktop/audio-compressed-zips/LIDO_kn4702.zip
LIDO_kn4704.zip,compressed,19,19,147204,109138,0.14,0.1,38066,25.86,/home/santhosh/Desktop/audio-compressed-zips/LIDO_kn4704.zip
LIDO_kn4706.zip,compressed,15,15,138689,103098,0.13,0.1,35591,25.66,/home/santhosh/Desktop/audio-compressed-zips/LIDO_kn4706.zip
LIDO_kn4711.zip,compressed,17,17,152265,108996,0.15,0.1,43269,28.42,/home/santhosh/Desktop/audio-compressed-zips/LIDO_kn4711.zip
LIDO_kn4712.zip,compressed,18,18,156736,109980,0.15,0.1,46756,29.83,/home/santhosh/Desktop/audio-compressed-zips/LIDO_kn4712.zip
LIDO_kn4713.zip,compressed,15,15,136529,103099,0.13,0.1,33430,24.49,/home/santhosh/Desktop/audio-compressed-zips/LIDO_kn4713.zip
LIDO_kn4717.zip,compressed,18,18,141815,109358,0.14,0.1,32457,22.89,/home/santhosh/Desktop/audio-compressed-zips/LIDO_kn4717.zip
LIDO_maths0401_kn.zip,compressed,7,7,132455,109992,0.13,0.1,22463,16.96,/home/santhosh/Desktop/audio-compressed-zips/LIDO_maths0401_kn.zip
LIDO_maths0402_kn.zip,compressed,7,7,129608,107271,0.12,0.1,22337,17.23,/home/santhosh/Desktop/audio-compressed-zips/LIDO_maths0402_kn.zip
LIDO_maths0803_en.zip,compressed,12,12,177029,104212,0.17,0.1,72817,41.13,/home/santhosh/Desktop/audio-compressed-zips/LIDO_maths0803_en.zip
LIDO_maths0803_hi.zip,compressed,12,12,182504,107838,0.17,0.1,74666,40.91,/home/santhosh/Desktop/audio-compressed-zips/LIDO_maths0803_hi.zip
LIDO_maths0803_kn.zip,compressed,13,13,187555,107516,0.18,0.1,80039,42.67,/home/santhosh/Desktop/audio-compressed-zips/LIDO_maths0803_kn.zip
LIDO_maths1100_en.zip,compressed,21,21,265518,103404,0.25,0.1,162114,61.06,/home/santhosh/Desktop/audio-compressed-zips/LIDO_maths1100_en.zip
LIDO_maths1100_kn.zip,compressed,21,21,228287,103327,0.22,0.1,124960,54.74,/home/santhosh/Desktop/audio-compressed-zips/LIDO_maths1100_kn.zip
LIDO_maths1307_en.zip,compressed,20,20,255376,106222,0.24,0.1,149154,58.41,/home/santhosh/Desktop/audio-compressed-zips/LIDO_maths1307_en.zip
LIDO_maths1307_hi.zip,compressed,20,20,247657,108259,0.24,0.1,139398,56.29,/home/santhosh/Desktop/audio-compressed-zips/LIDO_maths1307_hi.zip
LIDO_maths1309_en.zip,compressed,21,21,126035,100871,0.12,0.1,25164,19.97,/home/santhosh/Desktop/audio-compressed-zips/LIDO_maths1309_en.zip
LIDO_maths1309_hi.zip,compressed,21,21,128420,103600,0.12,0.1,24820,19.33,/home/santhosh/Desktop/audio-compressed-zips/LIDO_maths1309_hi.zip
LIDO_maths1309_kn.zip,compressed,21,21,136967,107149,0.13,0.1,29818,21.77,/home/santhosh/Desktop/audio-compressed-zips/LIDO_maths1309_kn.zip
LIDO_maths1310_kn.zip,compressed,7,7,121601,102247,0.12,0.1,19354,15.92,/home/santhosh/Desktop/audio-compressed-zips/LIDO_maths1310_kn.zip
LIDO_maths1514_hi.zip,compressed,8,8,284946,107956,0.27,0.1,176990,62.11,/home/santhosh/Desktop/audio-compressed-zips/LIDO_maths1514_hi.zip
LIDO_maths1515_en.zip,compressed,7,7,260055,101222,0.25,0.1,158833,61.08,/home/santhosh/Desktop/audio-compressed-zips/LIDO_maths1515_en.zip
LIDO_maths1601_kn.zip,compressed,27,27,143131,101302,0.14,0.1,41829,29.22,/home/santhosh/Desktop/audio-compressed-zips/LIDO_maths1601_kn.zip
LIDO_maths1700_en.zip,compressed,12,12,180788,104034,0.17,0.1,76754,42.46,/home/santhosh/Desktop/audio-compressed-zips/LIDO_maths1700_en.zip
LIDO_maths1700_hi.zip,compressed,13,13,176891,105250,0.17,0.1,71641,40.5,/home/santhosh/Desktop/audio-compressed-zips/LIDO_maths1700_hi.zip
LIDO_maths2101_kn.zip,compressed,9,9,294844,107177,0.28,0.1,187667,63.65,/home/santhosh/Desktop/audio-compressed-zips/LIDO_maths2101_kn.zip
LIDO_maths2104_kn.zip,compressed,9,9,301772,106613,0.29,0.1,195159,64.67,/home/santhosh/Desktop/audio-compressed-zips/LIDO_maths2104_kn.zip
LIDO_maths2106_kn.zip,compressed,9,9,295764,106570,0.28,0.1,189194,63.97,/home/santhosh/Desktop/audio-compressed-zips/LIDO_maths2106_kn.zip
LIDO_maths2301_kn.zip,compressed,10,10,299023,108700,0.29,0.1,190323,63.65,/home/santhosh/Desktop/audio-compressed-zips/LIDO_maths2301_kn.zip
LIDO_maths2303_en.zip,compressed,7,7,266328,102405,0.25,0.1,163923,61.55,/home/santhosh/Desktop/audio-compressed-zips/LIDO_maths2303_en.zip
LIDO_maths2303_kn.zip,compressed,8,8,278080,103023,0.27,0.1,175057,62.95,/home/santhosh/Desktop/audio-compressed-zips/LIDO_maths2303_kn.zip
LIDO_maths2310_kn.zip,compressed,13,13,1348239,101405,1.29,0.1,1246834,92.48,/home/santhosh/Desktop/audio-compressed-zips/LIDO_maths2310_kn.zip
LIDO_maths2400_kn.zip,compressed,17,17,238895,104721,0.23,0.1,134174,56.16,/home/santhosh/Desktop/audio-compressed-zips/LIDO_maths2400_kn.zip
LIDO_maths2402_kn.zip,compressed,18,18,239788,105321,0.23,0.1,134467,56.08,/home/santhosh/Desktop/audio-compressed-zips/LIDO_maths2402_kn.zip
LIDO_maths2405_en.zip,compressed,18,18,240896,101446,0.23,0.1,139450,57.89,/home/santhosh/Desktop/audio-compressed-zips/LIDO_maths2405_en.zip
LIDO_maths2405_hi.zip,compressed,18,18,220507,101176,0.21,0.1,119331,54.12,/home/santhosh/Desktop/audio-compressed-zips/LIDO_maths2405_hi.zip
LIDO_maths2409_hi.zip,compressed,18,18,224418,102360,0.21,0.1,122058,54.39,/home/santhosh/Desktop/audio-compressed-zips/LIDO_maths2409_hi.zip
LIDO_maths2409_kn.zip,compressed,18,18,251898,107963,0.24,0.1,143935,57.14,/home/santhosh/Desktop/audio-compressed-zips/LIDO_maths2409_kn.zip
LIDO_maths2610_kn.zip,compressed,6,6,274559,102907,0.26,0.1,171652,62.52,/home/santhosh/Desktop/audio-compressed-zips/LIDO_maths2610_kn.zip
LIDO_maths2612_kn.zip,compressed,6,6,267400,100073,0.26,0.1,167327,62.58,/home/santhosh/Desktop/audio-compressed-zips/LIDO_maths2612_kn.zip
LIDO_maths2614_hi.zip,compressed,7,7,257934,100102,0.25,0.1,157832,61.19,/home/santhosh/Desktop/audio-compressed-zips/LIDO_maths2614_hi.zip
LIDO_maths2616_kn.zip,compressed,6,6,268021,100660,0.26,0.1,167361,62.44,/home/santhosh/Desktop/audio-compressed-zips/LIDO_maths2616_kn.zip
LIDO_maths2707_en.zip,compressed,6,6,271206,100922,0.26,0.1,170284,62.79,/home/santhosh/Desktop/audio-compressed-zips/LIDO_maths2707_en.zip
LIDO_maths2902_en.zip,compressed,35,35,157709,107653,0.15,0.1,50056,31.74,/home/santhosh/Desktop/audio-compressed-zips/LIDO_maths2902_en.zip
LIDO_maths2902_hi.zip,compressed,35,35,157105,108946,0.15,0.1,48159,30.65,/home/santhosh/Desktop/audio-compressed-zips/LIDO_maths2902_hi.zip
LIDO_maths2903_kn.zip,compressed,28,28,145147,99991,0.14,0.1,45156,31.11,/home/santhosh/Desktop/audio-compressed-zips/LIDO_maths2903_kn.zip
LIDO_maths2_PreQuiz_en.zip,compressed,20,20,343632,106263,0.33,0.1,237369,69.08,/home/santhosh/Desktop/audio-compressed-zips/LIDO_maths2_PreQuiz_en.zip
LIDO_maths2_PreQuiz_hi.zip,compressed,20,20,342747,107971,0.33,0.1,234776,68.5,/home/santhosh/Desktop/audio-compressed-zips/LIDO_maths2_PreQuiz_hi.zip
LIDO_en0504.zip,compressed,22,22,150154,118642,0.14,0.11,31512,20.99,/home/santhosh/Desktop/audio-compressed-zips/LIDO_en0504.zip
LIDO_en0708.zip,compressed,12,12,196231,117734,0.19,0.11,78497,40,/home/santhosh/Desktop/audio-compressed-zips/LIDO_en0708.zip
LIDO_en0709.zip,compressed,16,16,183659,118260,0.18,0.11,65399,35.61,/home/santhosh/Desktop/audio-compressed-zips/LIDO_en0709.zip
LIDO_en0710.zip,compressed,13,13,197360,119314,0.19,0.11,78046,39.54,/home/santhosh/Desktop/audio-compressed-zips/LIDO_en0710.zip
LIDO_en0711.zip,compressed,11,11,205801,120373,0.2,0.11,85428,41.51,/home/santhosh/Desktop/audio-compressed-zips/LIDO_en0711.zip
LIDO_en1809.zip,compressed,21,21,233244,119896,0.22,0.11,113348,48.6,/home/santhosh/Desktop/audio-compressed-zips/LIDO_en1809.zip
LIDO_en2605.zip,compressed,12,12,205706,119071,0.2,0.11,86635,42.12,/home/santhosh/Desktop/audio-compressed-zips/LIDO_en2605.zip
LIDO_en3102.zip,compressed,16,16,169797,115837,0.16,0.11,53960,31.78,/home/santhosh/Desktop/audio-compressed-zips/LIDO_en3102.zip
LIDO_en3409.zip,compressed,15,15,196264,116849,0.19,0.11,79415,40.46,/home/santhosh/Desktop/audio-compressed-zips/LIDO_en3409.zip
LIDO_hi0107.zip,compressed,5,5,143273,114120,0.14,0.11,29153,20.35,/home/santhosh/Desktop/audio-compressed-zips/LIDO_hi0107.zip
LIDO_hi0901.zip,compressed,23,23,382848,118382,0.37,0.11,264466,69.08,/home/santhosh/Desktop/audio-compressed-zips/LIDO_hi0901.zip
LIDO_hi1005.zip,compressed,32,32,362204,118437,0.35,0.11,243767,67.3,/home/santhosh/Desktop/audio-compressed-zips/LIDO_hi1005.zip
LIDO_hi1008.zip,compressed,26,26,296024,113523,0.28,0.11,182501,61.65,/home/santhosh/Desktop/audio-compressed-zips/LIDO_hi1008.zip
LIDO_hi_3411.zip,compressed,11,11,162597,116356,0.16,0.11,46241,28.44,/home/santhosh/Desktop/audio-compressed-zips/LIDO_hi_3411.zip
LIDO_hi_3702.zip,compressed,13,13,165486,112900,0.16,0.11,52586,31.78,/home/santhosh/Desktop/audio-compressed-zips/LIDO_hi_3702.zip
LIDO_hi_5001.zip,compressed,7,7,145316,112029,0.14,0.11,33287,22.91,/home/santhosh/Desktop/audio-compressed-zips/LIDO_hi_5001.zip
LIDO_kn0106.zip,compressed,17,17,174914,112078,0.17,0.11,62836,35.92,/home/santhosh/Desktop/audio-compressed-zips/LIDO_kn0106.zip
LIDO_kn0401.zip,compressed,24,24,136087,110727,0.13,0.11,25360,18.64,/home/santhosh/Desktop/audio-compressed-zips/LIDO_kn0401.zip
LIDO_kn2506.zip,compressed,12,12,201842,110873,0.19,0.11,90969,45.07,/home/santhosh/Desktop/audio-compressed-zips/LIDO_kn2506.zip
LIDO_kn2803.zip,compressed,23,23,143324,110262,0.14,0.11,33062,23.07,/home/santhosh/Desktop/audio-compressed-zips/LIDO_kn2803.zip
LIDO_kn2902.zip,compressed,26,26,144669,112749,0.14,0.11,31920,22.06,/home/santhosh/Desktop/audio-compressed-zips/LIDO_kn2902.zip
LIDO_kn2_0100.zip,compressed,25,25,135952,111584,0.13,0.11,24368,17.92,/home/santhosh/Desktop/audio-compressed-zips/LIDO_kn2_0100.zip
LIDO_kn2_0501.zip,compressed,24,24,135038,110513,0.13,0.11,24525,18.16,/home/santhosh/Desktop/audio-compressed-zips/LIDO_kn2_0501.zip
LIDO_kn2_1001.zip,compressed,27,27,140817,114175,0.13,0.11,26642,18.92,/home/santhosh/Desktop/audio-compressed-zips/LIDO_kn2_1001.zip
LIDO_kn2_1002.zip,compressed,27,27,148911,118222,0.14,0.11,30689,20.61,/home/santhosh/Desktop/audio-compressed-zips/LIDO_kn2_1002.zip
LIDO_kn2_1102.zip,compressed,25,25,140419,113277,0.13,0.11,27142,19.33,/home/santhosh/Desktop/audio-compressed-zips/LIDO_kn2_1102.zip
LIDO_kn2_1201.zip,compressed,25,25,141021,113884,0.13,0.11,27137,19.24,/home/santhosh/Desktop/audio-compressed-zips/LIDO_kn2_1201.zip
LIDO_kn2_2005.zip,compressed,19,19,156699,112512,0.15,0.11,44187,28.2,/home/santhosh/Desktop/audio-compressed-zips/LIDO_kn2_2005.zip
LIDO_kn3002.zip,compressed,25,25,146508,111937,0.14,0.11,34571,23.6,/home/santhosh/Desktop/audio-compressed-zips/LIDO_kn3002.zip
LIDO_kn3603.zip,compressed,30,30,158365,119293,0.15,0.11,39072,24.67,/home/santhosh/Desktop/audio-compressed-zips/LIDO_kn3603.zip
LIDO_kn3800.zip,compressed,21,21,150934,111283,0.14,0.11,39651,26.27,/home/santhosh/Desktop/audio-compressed-zips/LIDO_kn3800.zip
LIDO_kn3801.zip,compressed,21,21,156553,113041,0.15,0.11,43512,27.79,/home/santhosh/Desktop/audio-compressed-zips/LIDO_kn3801.zip
LIDO_kn3802.zip,compressed,21,21,158734,112964,0.15,0.11,45770,28.83,/home/santhosh/Desktop/audio-compressed-zips/LIDO_kn3802.zip
LIDO_kn3900.zip,compressed,21,21,160495,113597,0.15,0.11,46898,29.22,/home/santhosh/Desktop/audio-compressed-zips/LIDO_kn3900.zip
LIDO_kn3901.zip,compressed,21,21,166279,114803,0.16,0.11,51476,30.96,/home/santhosh/Desktop/audio-compressed-zips/LIDO_kn3901.zip
LIDO_kn3902.zip,compressed,20,20,157321,111757,0.15,0.11,45564,28.96,/home/santhosh/Desktop/audio-compressed-zips/LIDO_kn3902.zip
LIDO_kn4000.zip,compressed,20,20,160514,112762,0.15,0.11,47752,29.75,/home/santhosh/Desktop/audio-compressed-zips/LIDO_kn4000.zip
LIDO_kn4001.zip,compressed,21,21,170403,115443,0.16,0.11,54960,32.25,/home/santhosh/Desktop/audio-compressed-zips/LIDO_kn4001.zip
LIDO_kn4002.zip,compressed,21,21,154582,112232,0.15,0.11,42350,27.4,/home/santhosh/Desktop/audio-compressed-zips/LIDO_kn4002.zip
LIDO_kn4003.zip,compressed,18,18,158925,110621,0.15,0.11,48304,30.39,/home/santhosh/Desktop/audio-compressed-zips/LIDO_kn4003.zip
LIDO_kn4100.zip,compressed,20,20,159978,112348,0.15,0.11,47630,29.77,/home/santhosh/Desktop/audio-compressed-zips/LIDO_kn4100.zip
LIDO_kn4101.zip,compressed,21,21,153064,111531,0.15,0.11,41533,27.13,/home/santhosh/Desktop/audio-compressed-zips/LIDO_kn4101.zip
LIDO_kn4102.zip,compressed,20,20,158432,111970,0.15,0.11,46462,29.33,/home/santhosh/Desktop/audio-compressed-zips/LIDO_kn4102.zip
LIDO_kn4200.zip,compressed,20,20,158949,112622,0.15,0.11,46327,29.15,/home/santhosh/Desktop/audio-compressed-zips/LIDO_kn4200.zip
LIDO_kn4201.zip,compressed,21,21,157380,112282,0.15,0.11,45098,28.66,/home/santhosh/Desktop/audio-compressed-zips/LIDO_kn4201.zip
LIDO_kn4202.zip,compressed,20,20,162217,112433,0.15,0.11,49784,30.69,/home/santhosh/Desktop/audio-compressed-zips/LIDO_kn4202.zip
LIDO_kn4203.zip,compressed,18,18,162453,111425,0.15,0.11,51028,31.41,/home/santhosh/Desktop/audio-compressed-zips/LIDO_kn4203.zip
LIDO_kn4300.zip,compressed,21,21,164829,114450,0.16,0.11,50379,30.56,/home/santhosh/Desktop/audio-compressed-zips/LIDO_kn4300.zip
LIDO_kn4301.zip,compressed,21,21,162624,114211,0.16,0.11,48413,29.77,/home/santhosh/Desktop/audio-compressed-zips/LIDO_kn4301.zip
LIDO_kn4302.zip,compressed,20,20,167565,115410,0.16,0.11,52155,31.13,/home/santhosh/Desktop/audio-compressed-zips/LIDO_kn4302.zip
LIDO_kn4303.zip,compressed,18,18,164852,111067,0.16,0.11,53785,32.63,/home/santhosh/Desktop/audio-compressed-zips/LIDO_kn4303.zip
LIDO_kn4400.zip,compressed,21,21,168344,115186,0.16,0.11,53158,31.58,/home/santhosh/Desktop/audio-compressed-zips/LIDO_kn4400.zip
LIDO_kn4401.zip,compressed,21,21,152446,111608,0.15,0.11,40838,26.79,/home/santhosh/Desktop/audio-compressed-zips/LIDO_kn4401.zip
LIDO_kn4402.zip,compressed,21,21,157444,112452,0.15,0.11,44992,28.58,/home/santhosh/Desktop/audio-compressed-zips/LIDO_kn4402.zip
LIDO_kn4403.zip,compressed,21,21,174153,117023,0.17,0.11,57130,32.8,/home/santhosh/Desktop/audio-compressed-zips/LIDO_kn4403.zip
LIDO_kn4500.zip,compressed,20,20,168591,113498,0.16,0.11,55093,32.68,/home/santhosh/Desktop/audio-compressed-zips/LIDO_kn4500.zip
LIDO_kn4502.zip,compressed,21,21,181566,117251,0.17,0.11,64315,35.42,/home/santhosh/Desktop/audio-compressed-zips/LIDO_kn4502.zip
LIDO_kn4503.zip,compressed,21,21,176905,116717,0.17,0.11,60188,34.02,/home/santhosh/Desktop/audio-compressed-zips/LIDO_kn4503.zip
LIDO_kn4603.zip,compressed,18,18,156721,110576,0.15,0.11,46145,29.44,/home/santhosh/Desktop/audio-compressed-zips/LIDO_kn4603.zip
LIDO_kn4604.zip,compressed,18,18,160814,110873,0.15,0.11,49941,31.06,/home/santhosh/Desktop/audio-compressed-zips/LIDO_kn4604.zip
LIDO_kn4605.zip,compressed,18,18,160390,111155,0.15,0.11,49235,30.7,/home/santhosh/Desktop/audio-compressed-zips/LIDO_kn4605.zip
LIDO_kn4606.zip,compressed,19,19,166964,113420,0.16,0.11,53544,32.07,/home/santhosh/Desktop/audio-compressed-zips/LIDO_kn4606.zip
LIDO_kn4607.zip,compressed,19,19,163385,113389,0.16,0.11,49996,30.6,/home/santhosh/Desktop/audio-compressed-zips/LIDO_kn4607.zip
LIDO_kn4700.zip,compressed,20,20,173946,115625,0.17,0.11,58321,33.53,/home/santhosh/Desktop/audio-compressed-zips/LIDO_kn4700.zip
LIDO_kn4701.zip,compressed,20,20,153703,111464,0.15,0.11,42239,27.48,/home/santhosh/Desktop/audio-compressed-zips/LIDO_kn4701.zip
LIDO_kn4703.zip,compressed,19,19,171943,113711,0.16,0.11,58232,33.87,/home/santhosh/Desktop/audio-compressed-zips/LIDO_kn4703.zip
LIDO_kn4705.zip,compressed,18,18,160764,110589,0.15,0.11,50175,31.21,/home/santhosh/Desktop/audio-compressed-zips/LIDO_kn4705.zip
LIDO_kn4707.zip,compressed,20,20,146027,110513,0.14,0.11,35514,24.32,/home/santhosh/Desktop/audio-compressed-zips/LIDO_kn4707.zip
LIDO_kn4708.zip,compressed,20,20,148994,110543,0.14,0.11,38451,25.81,/home/santhosh/Desktop/audio-compressed-zips/LIDO_kn4708.zip
LIDO_kn4709.zip,compressed,18,18,158122,111693,0.15,0.11,46429,29.36,/home/santhosh/Desktop/audio-compressed-zips/LIDO_kn4709.zip
LIDO_kn4710.zip,compressed,20,20,172158,114828,0.16,0.11,57330,33.3,/home/santhosh/Desktop/audio-compressed-zips/LIDO_kn4710.zip
LIDO_kn4718.zip,compressed,15,15,254276,119781,0.24,0.11,134495,52.89,/home/santhosh/Desktop/audio-compressed-zips/LIDO_kn4718.zip
LIDO_maths0000_en.zip,compressed,15,15,199217,113524,0.19,0.11,85693,43.01,/home/santhosh/Desktop/audio-compressed-zips/LIDO_maths0000_en.zip
LIDO_maths0000_hi.zip,compressed,14,14,204583,115618,0.2,0.11,88965,43.49,/home/santhosh/Desktop/audio-compressed-zips/LIDO_maths0000_hi.zip
LIDO_maths0000_kn.zip,compressed,13,13,597944,112804,0.57,0.11,485140,81.13,/home/santhosh/Desktop/audio-compressed-zips/LIDO_maths0000_kn.zip
LIDO_maths0001_kn.zip,compressed,15,15,532235,119410,0.51,0.11,412825,77.56,/home/santhosh/Desktop/audio-compressed-zips/LIDO_maths0001_kn.zip
LIDO_maths0305_en.zip,compressed,17,17,183699,114660,0.18,0.11,69039,37.58,/home/santhosh/Desktop/audio-compressed-zips/LIDO_maths0305_en.zip
LIDO_maths0401_en.zip,compressed,7,7,137322,112323,0.13,0.11,24999,18.2,/home/santhosh/Desktop/audio-compressed-zips/LIDO_maths0401_en.zip
LIDO_maths0402_en.zip,compressed,7,7,136671,110717,0.13,0.11,25954,18.99,/home/santhosh/Desktop/audio-compressed-zips/LIDO_maths0402_en.zip
LIDO_maths0801_en.zip,compressed,11,11,225205,114856,0.21,0.11,110349,49,/home/santhosh/Desktop/audio-compressed-zips/LIDO_maths0801_en.zip
LIDO_maths0801_hi.zip,compressed,11,11,221587,117033,0.21,0.11,104554,47.18,/home/santhosh/Desktop/audio-compressed-zips/LIDO_maths0801_hi.zip
LIDO_maths0801_kn.zip,compressed,11,11,210724,110738,0.2,0.11,99986,47.45,/home/santhosh/Desktop/audio-compressed-zips/LIDO_maths0801_kn.zip
LIDO_maths1302_en.zip,compressed,19,19,189353,115019,0.18,0.11,74334,39.26,/home/santhosh/Desktop/audio-compressed-zips/LIDO_maths1302_en.zip
LIDO_maths1302_hi.zip,compressed,19,19,206073,119858,0.2,0.11,86215,41.84,/home/santhosh/Desktop/audio-compressed-zips/LIDO_maths1302_hi.zip
LIDO_maths1305_kn.zip,compressed,16,16,545765,114103,0.52,0.11,431662,79.09,/home/santhosh/Desktop/audio-compressed-zips/LIDO_maths1305_kn.zip
LIDO_maths1307_kn.zip,compressed,20,20,595648,115592,0.57,0.11,480056,80.59,/home/santhosh/Desktop/audio-compressed-zips/LIDO_maths1307_kn.zip
LIDO_maths1310_en.zip,compressed,7,7,141305,112123,0.13,0.11,29182,20.65,/home/santhosh/Desktop/audio-compressed-zips/LIDO_maths1310_en.zip
LIDO_maths1514_en.zip,compressed,8,8,299667,111638,0.29,0.11,188029,62.75,/home/santhosh/Desktop/audio-compressed-zips/LIDO_maths1514_en.zip
LIDO_maths1515_hi.zip,compressed,9,9,312617,115801,0.3,0.11,196816,62.96,/home/santhosh/Desktop/audio-compressed-zips/LIDO_maths1515_hi.zip
LIDO_maths1600_en.zip,compressed,37,37,165361,114552,0.16,0.11,50809,30.73,/home/santhosh/Desktop/audio-compressed-zips/LIDO_maths1600_en.zip
LIDO_maths1600_hi.zip,compressed,37,37,168758,118059,0.16,0.11,50699,30.04,/home/santhosh/Desktop/audio-compressed-zips/LIDO_maths1600_hi.zip
LIDO_maths1703_en.zip,compressed,17,17,201192,114951,0.19,0.11,86241,42.87,/home/santhosh/Desktop/audio-compressed-zips/LIDO_maths1703_en.zip
LIDO_maths1703_hi.zip,compressed,16,16,187020,111780,0.18,0.11,75240,40.23,/home/santhosh/Desktop/audio-compressed-zips/LIDO_maths1703_hi.zip
LIDO_maths1703_kn.zip,compressed,17,17,188392,112289,0.18,0.11,76103,40.4,/home/santhosh/Desktop/audio-compressed-zips/LIDO_maths1703_kn.zip
LIDO_maths1805_en.zip,compressed,19,19,199243,119357,0.19,0.11,79886,40.09,/home/santhosh/Desktop/audio-compressed-zips/LIDO_maths1805_en.zip
LIDO_maths1805_hi.zip,compressed,17,17,197804,117400,0.19,0.11,80404,40.65,/home/santhosh/Desktop/audio-compressed-zips/LIDO_maths1805_hi.zip
LIDO_maths2006_en.zip,compressed,19,19,183075,115163,0.17,0.11,67912,37.1,/home/santhosh/Desktop/audio-compressed-zips/LIDO_maths2006_en.zip
LIDO_maths2006_hi.zip,compressed,19,19,200675,118315,0.19,0.11,82360,41.04,/home/santhosh/Desktop/audio-compressed-zips/LIDO_maths2006_hi.zip
LIDO_maths2101_en.zip,compressed,9,9,303572,113852,0.29,0.11,189720,62.5,/home/santhosh/Desktop/audio-compressed-zips/LIDO_maths2101_en.zip
LIDO_maths2101_hi.zip,compressed,9,9,299089,111734,0.29,0.11,187355,62.64,/home/santhosh/Desktop/audio-compressed-zips/LIDO_maths2101_hi.zip
LIDO_maths2102_en.zip,compressed,9,9,320462,116785,0.31,0.11,203677,63.56,/home/santhosh/Desktop/audio-compressed-zips/LIDO_maths2102_en.zip
LIDO_maths2102_hi.zip,compressed,9,9,306998,113706,0.29,0.11,193292,62.96,/home/santhosh/Desktop/audio-compressed-zips/LIDO_maths2102_hi.zip
LIDO_maths2102_kn.zip,compressed,10,10,316103,113095,0.3,0.11,203008,64.22,/home/santhosh/Desktop/audio-compressed-zips/LIDO_maths2102_kn.zip
LIDO_maths2104_en.zip,compressed,9,9,312208,116103,0.3,0.11,196105,62.81,/home/santhosh/Desktop/audio-compressed-zips/LIDO_maths2104_en.zip
LIDO_maths2104_hi.zip,compressed,9,9,302320,112599,0.29,0.11,189721,62.76,/home/santhosh/Desktop/audio-compressed-zips/LIDO_maths2104_hi.zip
LIDO_maths2105_hi.zip,compressed,9,9,316248,117373,0.3,0.11,198875,62.89,/home/santhosh/Desktop/audio-compressed-zips/LIDO_maths2105_hi.zip
LIDO_maths2105_kn.zip,compressed,9,9,320449,113676,0.31,0.11,206773,64.53,/home/santhosh/Desktop/audio-compressed-zips/LIDO_maths2105_kn.zip
LIDO_maths2106_en.zip,compressed,9,9,328508,119106,0.31,0.11,209402,63.74,/home/santhosh/Desktop/audio-compressed-zips/LIDO_maths2106_en.zip
LIDO_maths2106_hi.zip,compressed,9,9,310319,114927,0.3,0.11,195392,62.96,/home/santhosh/Desktop/audio-compressed-zips/LIDO_maths2106_hi.zip
LIDO_maths2308_hi.zip,compressed,16,16,290791,115901,0.28,0.11,174890,60.14,/home/santhosh/Desktop/audio-compressed-zips/LIDO_maths2308_hi.zip
LIDO_maths2311_hi.zip,compressed,16,16,281850,116559,0.27,0.11,165291,58.65,/home/santhosh/Desktop/audio-compressed-zips/LIDO_maths2311_hi.zip
LIDO_maths2600_en.zip,compressed,23,23,267900,115933,0.26,0.11,151967,56.73,/home/santhosh/Desktop/audio-compressed-zips/LIDO_maths2600_en.zip
LIDO_maths2606_en.zip,compressed,23,23,268714,114966,0.26,0.11,153748,57.22,/home/santhosh/Desktop/audio-compressed-zips/LIDO_maths2606_en.zip
LIDO_maths2614_en.zip,compressed,9,9,305471,112850,0.29,0.11,192621,63.06,/home/santhosh/Desktop/audio-compressed-zips/LIDO_maths2614_en.zip
LIDO_maths2714_en.zip,compressed,25,25,277928,120012,0.27,0.11,157916,56.82,/home/santhosh/Desktop/audio-compressed-zips/LIDO_maths2714_en.zip
LIDO_maths2715_en.zip,compressed,23,23,278711,118970,0.27,0.11,159741,57.31,/home/santhosh/Desktop/audio-compressed-zips/LIDO_maths2715_en.zip
LIDO_maths2902_kn.zip,compressed,35,35,176341,117937,0.17,0.11,58404,33.12,/home/santhosh/Desktop/audio-compressed-zips/LIDO_maths2902_kn.zip
HN_NC_00033.zip,compressed,47,47,339493,129533,0.32,0.12,209960,61.85,/home/santhosh/Desktop/audio-compressed-zips/HN_NC_00033.zip
LIDO_en0503.zip,compressed,24,24,155376,122237,0.15,0.12,33139,21.33,/home/santhosh/Desktop/audio-compressed-zips/LIDO_en0503.zip
LIDO_en0701.zip,compressed,16,16,287764,122607,0.27,0.12,165157,57.39,/home/santhosh/Desktop/audio-compressed-zips/LIDO_en0701.zip
LIDO_en1705.zip,compressed,26,26,171122,130194,0.16,0.12,40928,23.92,/home/santhosh/Desktop/audio-compressed-zips/LIDO_en1705.zip
LIDO_en2200.zip,compressed,26,26,158484,122262,0.15,0.12,36222,22.86,/home/santhosh/Desktop/audio-compressed-zips/LIDO_en2200.zip
LIDO_en2406.zip,compressed,18,18,172632,124702,0.16,0.12,47930,27.76,/home/santhosh/Desktop/audio-compressed-zips/LIDO_en2406.zip
LIDO_en2509.zip,compressed,20,20,502681,123059,0.48,0.12,379622,75.52,/home/santhosh/Desktop/audio-compressed-zips/LIDO_en2509.zip
LIDO_en2510.zip,compressed,25,25,285274,129905,0.27,0.12,155369,54.46,/home/santhosh/Desktop/audio-compressed-zips/LIDO_en2510.zip
LIDO_en3000.zip,compressed,13,13,206986,121462,0.2,0.12,85524,41.32,/home/santhosh/Desktop/audio-compressed-zips/LIDO_en3000.zip
LIDO_en_5013.zip,compressed,7,7,132964,124287,0.13,0.12,8677,6.53,/home/santhosh/Desktop/audio-compressed-zips/LIDO_en_5013.zip
LIDO_en_5017.zip,compressed,7,7,130776,122104,0.12,0.12,8672,6.63,/home/santhosh/Desktop/audio-compressed-zips/LIDO_en_5017.zip
LIDO_en_5023.zip,compressed,11,11,139946,126769,0.13,0.12,13177,9.42,/home/santhosh/Desktop/audio-compressed-zips/LIDO_en_5023.zip
LIDO_en_5047.zip,compressed,11,11,135027,121332,0.13,0.12,13695,10.14,/home/santhosh/Desktop/audio-compressed-zips/LIDO_en_5047.zip
LIDO_hi0206.zip,compressed,40,40,460878,128956,0.44,0.12,331922,72.02,/home/santhosh/Desktop/audio-compressed-zips/LIDO_hi0206.zip
LIDO_hi1002.zip,compressed,33,33,395000,125744,0.38,0.12,269256,68.17,/home/santhosh/Desktop/audio-compressed-zips/LIDO_hi1002.zip
LIDO_hi1006.zip,compressed,33,33,371159,126791,0.35,0.12,244368,65.84,/home/santhosh/Desktop/audio-compressed-zips/LIDO_hi1006.zip
LIDO_hi1101.zip,compressed,38,38,437509,129855,0.42,0.12,307654,70.32,/home/santhosh/Desktop/audio-compressed-zips/LIDO_hi1101.zip
LIDO_hi1102.zip,compressed,32,32,403661,123964,0.38,0.12,279697,69.29,/home/santhosh/Desktop/audio-compressed-zips/LIDO_hi1102.zip
LIDO_hi1103.zip,compressed,33,33,464057,127023,0.44,0.12,337034,72.63,/home/santhosh/Desktop/audio-compressed-zips/LIDO_hi1103.zip
LIDO_hi1800.zip,compressed,21,21,336453,122310,0.32,0.12,214143,63.65,/home/santhosh/Desktop/audio-compressed-zips/LIDO_hi1800.zip
LIDO_hi_3406.zip,compressed,16,16,201405,130593,0.19,0.12,70812,35.16,/home/santhosh/Desktop/audio-compressed-zips/LIDO_hi_3406.zip
LIDO_hi_3409.zip,compressed,14,14,268849,127586,0.26,0.12,141263,52.54,/home/santhosh/Desktop/audio-compressed-zips/LIDO_hi_3409.zip
LIDO_hi_3900.zip,compressed,13,13,193107,120671,0.18,0.12,72436,37.51,/home/santhosh/Desktop/audio-compressed-zips/LIDO_hi_3900.zip
LIDO_hi_3901.zip,compressed,13,13,242003,126663,0.23,0.12,115340,47.66,/home/santhosh/Desktop/audio-compressed-zips/LIDO_hi_3901.zip
LIDO_hi_4009.zip,compressed,12,12,180370,126499,0.17,0.12,53871,29.87,/home/santhosh/Desktop/audio-compressed-zips/LIDO_hi_4009.zip
LIDO_kn0206.zip,compressed,26,26,205245,129100,0.2,0.12,76145,37.1,/home/santhosh/Desktop/audio-compressed-zips/LIDO_kn0206.zip
LIDO_kn0306.zip,compressed,23,23,197854,124988,0.19,0.12,72866,36.83,/home/santhosh/Desktop/audio-compressed-zips/LIDO_kn0306.zip
LIDO_kn0406.zip,compressed,30,30,192063,128866,0.18,0.12,63197,32.9,/home/santhosh/Desktop/audio-compressed-zips/LIDO_kn0406.zip
LIDO_kn1401.zip,compressed,18,18,222767,122632,0.21,0.12,100135,44.95,/home/santhosh/Desktop/audio-compressed-zips/LIDO_kn1401.zip
LIDO_kn2_0402.zip,compressed,31,31,155936,123666,0.15,0.12,32270,20.69,/home/santhosh/Desktop/audio-compressed-zips/LIDO_kn2_0402.zip
LIDO_kn2_0601.zip,compressed,29,29,154000,122021,0.15,0.12,31979,20.77,/home/santhosh/Desktop/audio-compressed-zips/LIDO_kn2_0601.zip
LIDO_kn2_0602.zip,compressed,31,31,157498,124030,0.15,0.12,33468,21.25,/home/santhosh/Desktop/audio-compressed-zips/LIDO_kn2_0602.zip
LIDO_kn2_0700.zip,compressed,31,31,167995,129641,0.16,0.12,38354,22.83,/home/santhosh/Desktop/audio-compressed-zips/LIDO_kn2_0700.zip
LIDO_kn2_0701.zip,compressed,32,32,152744,122048,0.15,0.12,30696,20.1,/home/santhosh/Desktop/audio-compressed-zips/LIDO_kn2_0701.zip
LIDO_kn2_1005.zip,compressed,15,15,264955,125748,0.25,0.12,139207,52.54,/home/santhosh/Desktop/audio-compressed-zips/LIDO_kn2_1005.zip
LIDO_kn3302.zip,compressed,15,15,243216,123279,0.23,0.12,119937,49.31,/home/santhosh/Desktop/audio-compressed-zips/LIDO_kn3302.zip
LIDO_kn3404.zip,compressed,11,11,255716,121195,0.24,0.12,134521,52.61,/home/santhosh/Desktop/audio-compressed-zips/LIDO_kn3404.zip
LIDO_kn4501.zip,compressed,21,21,190752,120799,0.18,0.12,69953,36.67,/home/santhosh/Desktop/audio-compressed-zips/LIDO_kn4501.zip
LIDO_matchingcard0002.zip,unchanged (compression gave no saving),0,0,123435,123435,0.12,0.12,0,0,/home/santhosh/Desktop/audio-compressed-zips/LIDO_matchingcard0002.zip
LIDO_maths0001_en.zip,compressed,16,16,220068,125799,0.21,0.12,94269,42.84,/home/santhosh/Desktop/audio-compressed-zips/LIDO_maths0001_en.zip
LIDO_maths0001_hi.zip,compressed,13,13,225726,124815,0.22,0.12,100911,44.71,/home/santhosh/Desktop/audio-compressed-zips/LIDO_maths0001_hi.zip
LIDO_maths0002_en.zip,compressed,15,15,216020,125427,0.21,0.12,90593,41.94,/home/santhosh/Desktop/audio-compressed-zips/LIDO_maths0002_en.zip
LIDO_maths0002_hi.zip,compressed,17,17,219386,129898,0.21,0.12,89488,40.79,/home/santhosh/Desktop/audio-compressed-zips/LIDO_maths0002_hi.zip
LIDO_maths0002_kn.zip,compressed,16,16,644872,129246,0.61,0.12,515626,79.96,/home/santhosh/Desktop/audio-compressed-zips/LIDO_maths0002_kn.zip
LIDO_maths0003_en.zip,compressed,14,14,209619,121500,0.2,0.12,88119,42.04,/home/santhosh/Desktop/audio-compressed-zips/LIDO_maths0003_en.zip
LIDO_maths0003_hi.zip,compressed,14,14,204736,121628,0.2,0.12,83108,40.59,/home/santhosh/Desktop/audio-compressed-zips/LIDO_maths0003_hi.zip
LIDO_maths0003_kn.zip,compressed,16,16,563486,124465,0.54,0.12,439021,77.91,/home/santhosh/Desktop/audio-compressed-zips/LIDO_maths0003_kn.zip
LIDO_maths0004_en.zip,compressed,15,15,221462,129050,0.21,0.12,92412,41.73,/home/santhosh/Desktop/audio-compressed-zips/LIDO_maths0004_en.zip
LIDO_maths0004_hi.zip,compressed,17,17,219609,129920,0.21,0.12,89689,40.84,/home/santhosh/Desktop/audio-compressed-zips/LIDO_maths0004_hi.zip
LIDO_maths0201_en.zip,compressed,17,17,221023,129042,0.21,0.12,91981,41.62,/home/santhosh/Desktop/audio-compressed-zips/LIDO_maths0201_en.zip
LIDO_maths0201_hi.zip,compressed,17,17,218545,130412,0.21,0.12,88133,40.33,/home/santhosh/Desktop/audio-compressed-zips/LIDO_maths0201_hi.zip
LIDO_maths0201_kn.zip,compressed,15,15,641008,128977,0.61,0.12,512031,79.88,/home/santhosh/Desktop/audio-compressed-zips/LIDO_maths0201_kn.zip
LIDO_maths0305_hi.zip,compressed,18,18,203319,123034,0.19,0.12,80285,39.49,/home/santhosh/Desktop/audio-compressed-zips/LIDO_maths0305_hi.zip
LIDO_maths0305_kn.zip,compressed,18,18,214690,130447,0.2,0.12,84243,39.24,/home/santhosh/Desktop/audio-compressed-zips/LIDO_maths0305_kn.zip
LIDO_maths0311_en.zip,compressed,24,24,208895,126615,0.2,0.12,82280,39.39,/home/santhosh/Desktop/audio-compressed-zips/LIDO_maths0311_en.zip
LIDO_maths1302_kn.zip,compressed,19,19,209926,128522,0.2,0.12,81404,38.78,/home/santhosh/Desktop/audio-compressed-zips/LIDO_maths1302_kn.zip
LIDO_maths1600_kn.zip,compressed,37,37,189439,127647,0.18,0.12,61792,32.62,/home/santhosh/Desktop/audio-compressed-zips/LIDO_maths1600_kn.zip
LIDO_maths1701_en.zip,compressed,20,20,245810,129286,0.23,0.12,116524,47.4,/home/santhosh/Desktop/audio-compressed-zips/LIDO_maths1701_en.zip
LIDO_maths1701_kn.zip,compressed,18,18,227552,121995,0.22,0.12,105557,46.39,/home/santhosh/Desktop/audio-compressed-zips/LIDO_maths1701_kn.zip
LIDO_maths1702_en.zip,compressed,23,23,223120,127508,0.21,0.12,95612,42.85,/home/santhosh/Desktop/audio-compressed-zips/LIDO_maths1702_en.zip
LIDO_maths1702_hi.zip,compressed,23,23,223411,129471,0.21,0.12,93940,42.05,/home/santhosh/Desktop/audio-compressed-zips/LIDO_maths1702_hi.zip
LIDO_maths1702_kn.zip,compressed,22,22,220008,128031,0.21,0.12,91977,41.81,/home/santhosh/Desktop/audio-compressed-zips/LIDO_maths1702_kn.zip
LIDO_maths1704_en.zip,compressed,21,21,220419,126035,0.21,0.12,94384,42.82,/home/santhosh/Desktop/audio-compressed-zips/LIDO_maths1704_en.zip
LIDO_maths1704_hi.zip,compressed,20,20,220341,129017,0.21,0.12,91324,41.45,/home/santhosh/Desktop/audio-compressed-zips/LIDO_maths1704_hi.zip
LIDO_maths1704_kn.zip,compressed,20,20,203450,120916,0.19,0.12,82534,40.57,/home/santhosh/Desktop/audio-compressed-zips/LIDO_maths1704_kn.zip
LIDO_maths1805_kn.zip,compressed,19,19,210198,128521,0.2,0.12,81677,38.86,/home/santhosh/Desktop/audio-compressed-zips/LIDO_maths1805_kn.zip
LIDO_maths1902_en.zip,compressed,40,40,188360,126873,0.18,0.12,61487,32.64,/home/santhosh/Desktop/audio-compressed-zips/LIDO_maths1902_en.zip
LIDO_maths1902_hi.zip,compressed,40,40,184836,128310,0.18,0.12,56526,30.58,/home/santhosh/Desktop/audio-compressed-zips/LIDO_maths1902_hi.zip
LIDO_maths2006_kn.zip,compressed,20,20,211860,129744,0.2,0.12,82116,38.76,/home/santhosh/Desktop/audio-compressed-zips/LIDO_maths2006_kn.zip
LIDO_maths2105_en.zip,compressed,9,9,331703,120812,0.32,0.12,210891,63.58,/home/santhosh/Desktop/audio-compressed-zips/LIDO_maths2105_en.zip
LIDO_maths2301_hi.zip,compressed,10,10,354630,129508,0.34,0.12,225122,63.48,/home/santhosh/Desktop/audio-compressed-zips/LIDO_maths2301_hi.zip
LIDO_maths2302_en.zip,compressed,9,9,341198,120863,0.33,0.12,220335,64.58,/home/santhosh/Desktop/audio-compressed-zips/LIDO_maths2302_en.zip
LIDO_maths2302_kn.zip,compressed,11,11,364260,128358,0.35,0.12,235902,64.76,/home/santhosh/Desktop/audio-compressed-zips/LIDO_maths2302_kn.zip
LIDO_maths2309_hi.zip,compressed,16,16,312522,120684,0.3,0.12,191838,61.38,/home/santhosh/Desktop/audio-compressed-zips/LIDO_maths2309_hi.zip
LIDO_maths2309_kn.zip,compressed,16,16,1366003,127389,1.3,0.12,1238614,90.67,/home/santhosh/Desktop/audio-compressed-zips/LIDO_maths2309_kn.zip
LIDO_maths2311_kn.zip,compressed,16,16,1380236,127013,1.32,0.12,1253223,90.8,/home/santhosh/Desktop/audio-compressed-zips/LIDO_maths2311_kn.zip
LIDO_maths2600_hi.zip,compressed,23,23,302744,127744,0.29,0.12,175000,57.8,/home/santhosh/Desktop/audio-compressed-zips/LIDO_maths2600_hi.zip
LIDO_maths2606_hi.zip,compressed,23,23,280730,121550,0.27,0.12,159180,56.7,/home/santhosh/Desktop/audio-compressed-zips/LIDO_maths2606_hi.zip
LIDO_maths2606_kn.zip,compressed,23,23,486137,129927,0.46,0.12,356210,73.27,/home/santhosh/Desktop/audio-compressed-zips/LIDO_maths2606_kn.zip
LIDO_maths2607_en.zip,compressed,24,24,294953,122320,0.28,0.12,172633,58.53,/home/santhosh/Desktop/audio-compressed-zips/LIDO_maths2607_en.zip
LIDO_maths2614_kn.zip,compressed,11,11,371787,128468,0.35,0.12,243319,65.45,/home/santhosh/Desktop/audio-compressed-zips/LIDO_maths2614_kn.zip
LIDO_en1003.zip,compressed,29,29,182838,135989,0.17,0.13,46849,25.62,/home/santhosh/Desktop/audio-compressed-zips/LIDO_en1003.zip
LIDO_en2508.zip,compressed,19,19,236226,140410,0.23,0.13,95816,40.56,/home/santhosh/Desktop/audio-compressed-zips/LIDO_en2508.zip
LIDO_en3410.zip,compressed,6,6,141425,133706,0.13,0.13,7719,5.46,/home/santhosh/Desktop/audio-compressed-zips/LIDO_en3410.zip
LIDO_en3411.zip,compressed,6,6,148643,138952,0.14,0.13,9691,6.52,/home/santhosh/Desktop/audio-compressed-zips/LIDO_en3411.zip
LIDO_en_5041.zip,compressed,10,10,149950,137826,0.14,0.13,12124,8.09,/home/santhosh/Desktop/audio-compressed-zips/LIDO_en_5041.zip
LIDO_en_5051.zip,compressed,13,13,155225,137995,0.15,0.13,17230,11.1,/home/santhosh/Desktop/audio-compressed-zips/LIDO_en_5051.zip
LIDO_hi0403.zip,compressed,28,28,357644,134556,0.34,0.13,223088,62.38,/home/santhosh/Desktop/audio-compressed-zips/LIDO_hi0403.zip
LIDO_hi0712.zip,compressed,24,24,304700,137181,0.29,0.13,167519,54.98,/home/santhosh/Desktop/audio-compressed-zips/LIDO_hi0712.zip
LIDO_hi0804.zip,compressed,20,20,266180,132716,0.25,0.13,133464,50.14,/home/santhosh/Desktop/audio-compressed-zips/LIDO_hi0804.zip
LIDO_hi0806.zip,compressed,24,24,290895,137543,0.28,0.13,153352,52.72,/home/santhosh/Desktop/audio-compressed-zips/LIDO_hi0806.zip
LIDO_hi1100.zip,compressed,39,39,448297,131518,0.43,0.13,316779,70.66,/home/santhosh/Desktop/audio-compressed-zips/LIDO_hi1100.zip
LIDO_hi1105.zip,compressed,35,35,426852,133414,0.41,0.13,293438,68.74,/home/santhosh/Desktop/audio-compressed-zips/LIDO_hi1105.zip
LIDO_hi_3903.zip,compressed,11,11,197111,137214,0.19,0.13,59897,30.39,/home/santhosh/Desktop/audio-compressed-zips/LIDO_hi_3903.zip
LIDO_kn0506.zip,compressed,31,31,229447,140420,0.22,0.13,89027,38.8,/home/santhosh/Desktop/audio-compressed-zips/LIDO_kn0506.zip
LIDO_kn0706.zip,compressed,29,29,229206,136873,0.22,0.13,92333,40.28,/home/santhosh/Desktop/audio-compressed-zips/LIDO_kn0706.zip
LIDO_kn0806.zip,compressed,27,27,233592,136520,0.22,0.13,97072,41.56,/home/santhosh/Desktop/audio-compressed-zips/LIDO_kn0806.zip
LIDO_kn0906.zip,compressed,29,29,224131,137244,0.21,0.13,86887,38.77,/home/santhosh/Desktop/audio-compressed-zips/LIDO_kn0906.zip
LIDO_kn1006.zip,compressed,30,30,229404,139761,0.22,0.13,89643,39.08,/home/santhosh/Desktop/audio-compressed-zips/LIDO_kn1006.zip
LIDO_kn1402.zip,compressed,34,34,207423,136953,0.2,0.13,70470,33.97,/home/santhosh/Desktop/audio-compressed-zips/LIDO_kn1402.zip
LIDO_kn2_0702.zip,compressed,35,35,169454,131448,0.16,0.13,38006,22.43,/home/santhosh/Desktop/audio-compressed-zips/LIDO_kn2_0702.zip
LIDO_kn2_1404.zip,compressed,21,21,286839,132824,0.27,0.13,154015,53.69,/home/santhosh/Desktop/audio-compressed-zips/LIDO_kn2_1404.zip
LIDO_kn3203.zip,compressed,18,18,251102,133129,0.24,0.13,117973,46.98,/home/santhosh/Desktop/audio-compressed-zips/LIDO_kn3203.zip
LIDO_kn3710.zip,compressed,19,19,285420,133854,0.27,0.13,151566,53.1,/home/santhosh/Desktop/audio-compressed-zips/LIDO_kn3710.zip
LIDO_kn4800.zip,compressed,5,5,152754,136471,0.15,0.13,16283,10.66,/home/santhosh/Desktop/audio-compressed-zips/LIDO_kn4800.zip
LIDO_kn4802.zip,compressed,5,5,153902,140197,0.15,0.13,13705,8.91,/home/santhosh/Desktop/audio-compressed-zips/LIDO_kn4802.zip
LIDO_kn4803.zip,compressed,5,5,149632,136958,0.14,0.13,12674,8.47,/home/santhosh/Desktop/audio-compressed-zips/LIDO_kn4803.zip
LIDO_kn4806.zip,compressed,5,5,151720,137382,0.14,0.13,14338,9.45,/home/santhosh/Desktop/audio-compressed-zips/LIDO_kn4806.zip
LIDO_maths0004_kn.zip,compressed,16,16,653913,134514,0.62,0.13,519399,79.43,/home/santhosh/Desktop/audio-compressed-zips/LIDO_maths0004_kn.zip
LIDO_maths0200_en.zip,compressed,17,17,225703,132663,0.22,0.13,93040,41.22,/home/santhosh/Desktop/audio-compressed-zips/LIDO_maths0200_en.zip
LIDO_maths0200_hi.zip,compressed,16,16,226205,133991,0.22,0.13,92214,40.77,/home/santhosh/Desktop/audio-compressed-zips/LIDO_maths0200_hi.zip
LIDO_maths0200_kn.zip,compressed,16,16,584496,131342,0.56,0.13,453154,77.53,/home/santhosh/Desktop/audio-compressed-zips/LIDO_maths0200_kn.zip
LIDO_maths0202_en.zip,compressed,17,17,233695,135432,0.22,0.13,98263,42.05,/home/santhosh/Desktop/audio-compressed-zips/LIDO_maths0202_en.zip
LIDO_maths0202_hi.zip,compressed,17,17,226092,135466,0.22,0.13,90626,40.08,/home/santhosh/Desktop/audio-compressed-zips/LIDO_maths0202_hi.zip
LIDO_maths0202_kn.zip,compressed,18,18,602373,136824,0.57,0.13,465549,77.29,/home/santhosh/Desktop/audio-compressed-zips/LIDO_maths0202_kn.zip
LIDO_maths0203_en.zip,compressed,18,18,227417,134841,0.22,0.13,92576,40.71,/home/santhosh/Desktop/audio-compressed-zips/LIDO_maths0203_en.zip
LIDO_maths0203_hi.zip,compressed,18,18,220107,133760,0.21,0.13,86347,39.23,/home/santhosh/Desktop/audio-compressed-zips/LIDO_maths0203_hi.zip
LIDO_maths0203_kn.zip,compressed,17,17,639736,135162,0.61,0.13,504574,78.87,/home/santhosh/Desktop/audio-compressed-zips/LIDO_maths0203_kn.zip
LIDO_maths0204_en.zip,compressed,18,18,226526,136836,0.22,0.13,89690,39.59,/home/santhosh/Desktop/audio-compressed-zips/LIDO_maths0204_en.zip
LIDO_maths0204_hi.zip,compressed,19,19,221130,138282,0.21,0.13,82848,37.47,/home/santhosh/Desktop/audio-compressed-zips/LIDO_maths0204_hi.zip
LIDO_maths0311_hi.zip,compressed,24,24,239029,131742,0.23,0.13,107287,44.88,/home/santhosh/Desktop/audio-compressed-zips/LIDO_maths0311_hi.zip
LIDO_maths1303_en.zip,compressed,27,27,214159,131312,0.2,0.13,82847,38.68,/home/santhosh/Desktop/audio-compressed-zips/LIDO_maths1303_en.zip
LIDO_maths1303_hi.zip,compressed,27,27,240417,138437,0.23,0.13,101980,42.42,/home/santhosh/Desktop/audio-compressed-zips/LIDO_maths1303_hi.zip
LIDO_maths1701_hi.zip,compressed,20,20,253950,132889,0.24,0.13,121061,47.67,/home/santhosh/Desktop/audio-compressed-zips/LIDO_maths1701_hi.zip
LIDO_maths1705_en.zip,compressed,17,17,297232,135958,0.28,0.13,161274,54.26,/home/santhosh/Desktop/audio-compressed-zips/LIDO_maths1705_en.zip
LIDO_maths1705_hi.zip,compressed,17,17,298941,138041,0.29,0.13,160900,53.82,/home/santhosh/Desktop/audio-compressed-zips/LIDO_maths1705_hi.zip
LIDO_maths1705_kn.zip,compressed,17,17,454972,132535,0.43,0.13,322437,70.87,/home/santhosh/Desktop/audio-compressed-zips/LIDO_maths1705_kn.zip
LIDO_maths1_PreQuiz_kn.zip,compressed,36,36,857996,135785,0.82,0.13,722211,84.17,/home/santhosh/Desktop/audio-compressed-zips/LIDO_maths1_PreQuiz_kn.zip
LIDO_maths2107_en.zip,compressed,30,30,321365,138533,0.31,0.13,182832,56.89,/home/santhosh/Desktop/audio-compressed-zips/LIDO_maths2107_en.zip
LIDO_maths2302_hi.zip,compressed,11,11,403637,140756,0.38,0.13,262881,65.13,/home/santhosh/Desktop/audio-compressed-zips/LIDO_maths2302_hi.zip
LIDO_maths2308_kn.zip,compressed,16,16,1455653,132310,1.39,0.13,1323343,90.91,/home/santhosh/Desktop/audio-compressed-zips/LIDO_maths2308_kn.zip
LIDO_maths2604_en.zip,compressed,28,28,345157,137841,0.33,0.13,207316,60.06,/home/santhosh/Desktop/audio-compressed-zips/LIDO_maths2604_en.zip
LIDO_maths2605_en.zip,compressed,30,30,321828,137825,0.31,0.13,184003,57.17,/home/santhosh/Desktop/audio-compressed-zips/LIDO_maths2605_en.zip
LIDO_maths2615_hi.zip,compressed,11,11,389151,135836,0.37,0.13,253315,65.09,/home/santhosh/Desktop/audio-compressed-zips/LIDO_maths2615_hi.zip
LIDO_maths2709_en.zip,compressed,26,26,333238,135835,0.32,0.13,197403,59.24,/home/santhosh/Desktop/audio-compressed-zips/LIDO_maths2709_en.zip
LIDO_maths2710_en.zip,compressed,31,31,328775,140670,0.31,0.13,188105,57.21,/home/santhosh/Desktop/audio-compressed-zips/LIDO_maths2710_en.zip
LIDO_maths2711_en.zip,compressed,30,30,307329,135715,0.29,0.13,171614,55.84,/home/santhosh/Desktop/audio-compressed-zips/LIDO_maths2711_en.zip
LIDO_maths2713_en.zip,compressed,30,30,318528,137130,0.3,0.13,181398,56.95,/home/santhosh/Desktop/audio-compressed-zips/LIDO_maths2713_en.zip
LIDO_maths2714_hi.zip,compressed,25,25,332820,139049,0.32,0.13,193771,58.22,/home/santhosh/Desktop/audio-compressed-zips/LIDO_maths2714_hi.zip
LIDO_maths2715_hi.zip,compressed,23,23,312969,131640,0.3,0.13,181329,57.94,/home/santhosh/Desktop/audio-compressed-zips/LIDO_maths2715_hi.zip
LIDO_maths2715_kn.zip,compressed,23,23,1384209,140319,1.32,0.13,1243890,89.86,/home/santhosh/Desktop/audio-compressed-zips/LIDO_maths2715_kn.zip
LIDO_maths2_PreQuiz_kn.zip,compressed,30,30,607643,132363,0.58,0.13,475280,78.22,/home/santhosh/Desktop/audio-compressed-zips/LIDO_maths2_PreQuiz_kn.zip
LIDO_maths_quiz01_en.zip,compressed,33,33,269486,131226,0.26,0.13,138260,51.31,/home/santhosh/Desktop/audio-compressed-zips/LIDO_maths_quiz01_en.zip
LIDO_maths_quiz01_hi.zip,compressed,33,33,271851,137610,0.26,0.13,134241,49.38,/home/santhosh/Desktop/audio-compressed-zips/LIDO_maths_quiz01_hi.zip
LIDO_maths_quiz01_kn.zip,compressed,33,33,729249,138637,0.7,0.13,590612,80.99,/home/santhosh/Desktop/audio-compressed-zips/LIDO_maths_quiz01_kn.zip
LIDO_puzzle0000.zip,unchanged (compression gave no saving),0,0,138945,138945,0.13,0.13,0,0,/home/santhosh/Desktop/audio-compressed-zips/LIDO_puzzle0000.zip
LIDO_puzzle0006.zip,unchanged (compression gave no saving),0,0,138866,138866,0.13,0.13,0,0,/home/santhosh/Desktop/audio-compressed-zips/LIDO_puzzle0006.zip
LIDO_puzzle0008.zip,unchanged (compression gave no saving),0,0,135420,135420,0.13,0.13,0,0,/home/santhosh/Desktop/audio-compressed-zips/LIDO_puzzle0008.zip
LIDO_puzzle0010.zip,unchanged (compression gave no saving),0,0,138240,138240,0.13,0.13,0,0,/home/santhosh/Desktop/audio-compressed-zips/LIDO_puzzle0010.zip
LIDO_en0501.zip,compressed,11,11,161506,145096,0.15,0.14,16410,10.16,/home/santhosh/Desktop/audio-compressed-zips/LIDO_en0501.zip
LIDO_en0600.zip,compressed,32,32,288424,144393,0.28,0.14,144031,49.94,/home/santhosh/Desktop/audio-compressed-zips/LIDO_en0600.zip
LIDO_en0702.zip,compressed,19,19,397242,149493,0.38,0.14,247749,62.37,/home/santhosh/Desktop/audio-compressed-zips/LIDO_en0702.zip
LIDO_en0704.zip,compressed,18,18,371403,145550,0.35,0.14,225853,60.81,/home/santhosh/Desktop/audio-compressed-zips/LIDO_en0704.zip
LIDO_en1603.zip,compressed,35,35,236301,150830,0.23,0.14,85471,36.17,/home/santhosh/Desktop/audio-compressed-zips/LIDO_en1603.zip
LIDO_en1702.zip,compressed,31,31,197898,148053,0.19,0.14,49845,25.19,/home/santhosh/Desktop/audio-compressed-zips/LIDO_en1702.zip
LIDO_en1811.zip,compressed,28,28,405275,143766,0.39,0.14,261509,64.53,/home/santhosh/Desktop/audio-compressed-zips/LIDO_en1811.zip
LIDO_en2502.zip,compressed,20,20,267851,149767,0.26,0.14,118084,44.09,/home/santhosh/Desktop/audio-compressed-zips/LIDO_en2502.zip
LIDO_en3001.zip,compressed,17,17,263045,145600,0.25,0.14,117445,44.65,/home/santhosh/Desktop/audio-compressed-zips/LIDO_en3001.zip
LIDO_en3002.zip,compressed,17,17,258996,143004,0.25,0.14,115992,44.79,/home/santhosh/Desktop/audio-compressed-zips/LIDO_en3002.zip
LIDO_en3406.zip,compressed,12,12,187058,150197,0.18,0.14,36861,19.71,/home/santhosh/Desktop/audio-compressed-zips/LIDO_en3406.zip
LIDO_en3623.zip,compressed,6,6,212786,147958,0.2,0.14,64828,30.47,/home/santhosh/Desktop/audio-compressed-zips/LIDO_en3623.zip
LIDO_en3700.zip,compressed,22,22,173544,143052,0.17,0.14,30492,17.57,/home/santhosh/Desktop/audio-compressed-zips/LIDO_en3700.zip
LIDO_en3701.zip,compressed,24,24,178504,145655,0.17,0.14,32849,18.4,/home/santhosh/Desktop/audio-compressed-zips/LIDO_en3701.zip
LIDO_en_5027.zip,compressed,7,7,160012,151225,0.15,0.14,8787,5.49,/home/santhosh/Desktop/audio-compressed-zips/LIDO_en_5027.zip
LIDO_en_5035.zip,compressed,13,13,158942,143965,0.15,0.14,14977,9.42,/home/santhosh/Desktop/audio-compressed-zips/LIDO_en_5035.zip
LIDO_hi0509.zip,compressed,31,31,367887,150341,0.35,0.14,217546,59.13,/home/santhosh/Desktop/audio-compressed-zips/LIDO_hi0509.zip
LIDO_hi0608.zip,compressed,26,26,325187,143998,0.31,0.14,181189,55.72,/home/santhosh/Desktop/audio-compressed-zips/LIDO_hi0608.zip
LIDO_hi0706.zip,compressed,27,27,337496,147014,0.32,0.14,190482,56.44,/home/santhosh/Desktop/audio-compressed-zips/LIDO_hi0706.zip
LIDO_hi0707.zip,compressed,39,39,522663,146225,0.5,0.14,376438,72.02,/home/santhosh/Desktop/audio-compressed-zips/LIDO_hi0707.zip
LIDO_hi1500.zip,compressed,20,20,305497,141592,0.29,0.14,163905,53.65,/home/santhosh/Desktop/audio-compressed-zips/LIDO_hi1500.zip
LIDO_hi_3405.zip,compressed,23,23,285121,141894,0.27,0.14,143227,50.23,/home/santhosh/Desktop/audio-compressed-zips/LIDO_hi_3405.zip
LIDO_hi_3412.zip,compressed,20,20,323476,149254,0.31,0.14,174222,53.86,/home/santhosh/Desktop/audio-compressed-zips/LIDO_hi_3412.zip
LIDO_hi_3413.zip,compressed,25,25,277026,142803,0.26,0.14,134223,48.45,/home/santhosh/Desktop/audio-compressed-zips/LIDO_hi_3413.zip
LIDO_hi_3623.zip,compressed,6,6,190852,143868,0.18,0.14,46984,24.62,/home/santhosh/Desktop/audio-compressed-zips/LIDO_hi_3623.zip
LIDO_hi_3700.zip,compressed,26,26,301476,145863,0.29,0.14,155613,51.62,/home/santhosh/Desktop/audio-compressed-zips/LIDO_hi_3700.zip
LIDO_hi_3902.zip,compressed,12,12,235478,143555,0.22,0.14,91923,39.04,/home/santhosh/Desktop/audio-compressed-zips/LIDO_hi_3902.zip
LIDO_kn0000.zip,compressed,5,5,152495,149243,0.15,0.14,3252,2.13,/home/santhosh/Desktop/audio-compressed-zips/LIDO_kn0000.zip
LIDO_kn0300.zip,compressed,4,4,151088,148075,0.14,0.14,3013,1.99,/home/santhosh/Desktop/audio-compressed-zips/LIDO_kn0300.zip
LIDO_kn0600.zip,compressed,5,5,152488,149236,0.15,0.14,3252,2.13,/home/santhosh/Desktop/audio-compressed-zips/LIDO_kn0600.zip
LIDO_kn0606.zip,compressed,4,4,151089,148076,0.14,0.14,3013,1.99,/home/santhosh/Desktop/audio-compressed-zips/LIDO_kn0606.zip
LIDO_kn0800.zip,compressed,4,4,152722,149956,0.15,0.14,2766,1.81,/home/santhosh/Desktop/audio-compressed-zips/LIDO_kn0800.zip
LIDO_kn1000.zip,compressed,7,7,158915,144839,0.15,0.14,14076,8.86,/home/santhosh/Desktop/audio-compressed-zips/LIDO_kn1000.zip
LIDO_kn1306.zip,compressed,7,7,151014,146155,0.14,0.14,4859,3.22,/home/santhosh/Desktop/audio-compressed-zips/LIDO_kn1306.zip
LIDO_kn2903.zip,compressed,15,15,330956,148271,0.32,0.14,182685,55.2,/home/santhosh/Desktop/audio-compressed-zips/LIDO_kn2903.zip
LIDO_kn2_0309.zip,compressed,7,7,151077,146127,0.14,0.14,4950,3.28,/home/santhosh/Desktop/audio-compressed-zips/LIDO_kn2_0309.zip
LIDO_kn2_0315.zip,compressed,35,35,273088,150674,0.26,0.14,122414,44.83,/home/santhosh/Desktop/audio-compressed-zips/LIDO_kn2_0315.zip
LIDO_kn2_0600.zip,compressed,6,6,165495,149273,0.16,0.14,16222,9.8,/home/santhosh/Desktop/audio-compressed-zips/LIDO_kn2_0600.zip
LIDO_kn2_0806.zip,compressed,21,21,324324,143424,0.31,0.14,180900,55.78,/home/santhosh/Desktop/audio-compressed-zips/LIDO_kn2_0806.zip
LIDO_kn2_1603.zip,compressed,27,27,315027,150915,0.3,0.14,164112,52.09,/home/santhosh/Desktop/audio-compressed-zips/LIDO_kn2_1603.zip
LIDO_kn3006.zip,compressed,21,21,290982,148932,0.28,0.14,142050,48.82,/home/santhosh/Desktop/audio-compressed-zips/LIDO_kn3006.zip
LIDO_kn3704.zip,compressed,16,16,356958,151353,0.34,0.14,205605,57.6,/home/santhosh/Desktop/audio-compressed-zips/LIDO_kn3704.zip
LIDO_kn4804.zip,compressed,5,5,161466,147262,0.15,0.14,14204,8.8,/home/santhosh/Desktop/audio-compressed-zips/LIDO_kn4804.zip
LIDO_matchingcard0007.zip,unchanged (compression gave no saving),0,0,146292,146292,0.14,0.14,0,0,/home/santhosh/Desktop/audio-compressed-zips/LIDO_matchingcard0007.zip
LIDO_maths0204_kn.zip,compressed,18,18,662619,141562,0.63,0.14,521057,78.64,/home/santhosh/Desktop/audio-compressed-zips/LIDO_maths0204_kn.zip
LIDO_maths0306_en.zip,compressed,30,30,245129,149801,0.23,0.14,95328,38.89,/home/santhosh/Desktop/audio-compressed-zips/LIDO_maths0306_en.zip
LIDO_maths0311_kn.zip,compressed,23,23,243648,146978,0.23,0.14,96670,39.68,/home/santhosh/Desktop/audio-compressed-zips/LIDO_maths0311_kn.zip
LIDO_maths1200_kn.zip,compressed,16,16,171377,149527,0.16,0.14,21850,12.75,/home/santhosh/Desktop/audio-compressed-zips/LIDO_maths1200_kn.zip
LIDO_maths1300_en.zip,compressed,47,47,227559,149457,0.22,0.14,78102,34.32,/home/santhosh/Desktop/audio-compressed-zips/LIDO_maths1300_en.zip
LIDO_maths1300_hi.zip,compressed,46,46,222262,149204,0.21,0.14,73058,32.87,/home/santhosh/Desktop/audio-compressed-zips/LIDO_maths1300_hi.zip
LIDO_maths1303_kn.zip,compressed,27,27,239526,145622,0.23,0.14,93904,39.2,/home/santhosh/Desktop/audio-compressed-zips/LIDO_maths1303_kn.zip
LIDO_maths1901_en.zip,compressed,46,46,253597,148598,0.24,0.14,104999,41.4,/home/santhosh/Desktop/audio-compressed-zips/LIDO_maths1901_en.zip
LIDO_maths1901_hi.zip,compressed,47,47,249680,150247,0.24,0.14,99433,39.82,/home/santhosh/Desktop/audio-compressed-zips/LIDO_maths1901_hi.zip
LIDO_maths1902_kn.zip,compressed,40,40,214527,144339,0.2,0.14,70188,32.72,/home/santhosh/Desktop/audio-compressed-zips/LIDO_maths1902_kn.zip
LIDO_maths1903_en.zip,compressed,45,45,217527,142724,0.21,0.14,74803,34.39,/home/santhosh/Desktop/audio-compressed-zips/LIDO_maths1903_en.zip
LIDO_maths1903_hi.zip,compressed,44,44,212403,144324,0.2,0.14,68079,32.05,/home/santhosh/Desktop/audio-compressed-zips/LIDO_maths1903_hi.zip
LIDO_maths1903_kn.zip,compressed,43,43,232236,151552,0.22,0.14,80684,34.74,/home/santhosh/Desktop/audio-compressed-zips/LIDO_maths1903_kn.zip
LIDO_maths2107_hi.zip,compressed,30,30,345770,146869,0.33,0.14,198901,57.52,/home/santhosh/Desktop/audio-compressed-zips/LIDO_maths2107_hi.zip
LIDO_maths2301_en.zip,compressed,11,11,419037,143618,0.4,0.14,275419,65.73,/home/santhosh/Desktop/audio-compressed-zips/LIDO_maths2301_en.zip
LIDO_maths2600_kn.zip,compressed,23,23,1375122,143986,1.31,0.14,1231136,89.53,/home/santhosh/Desktop/audio-compressed-zips/LIDO_maths2600_kn.zip
LIDO_maths2602_en.zip,compressed,32,32,350506,148145,0.33,0.14,202361,57.73,/home/santhosh/Desktop/audio-compressed-zips/LIDO_maths2602_en.zip
LIDO_maths2607_hi.zip,compressed,24,24,348186,143033,0.33,0.14,205153,58.92,/home/santhosh/Desktop/audio-compressed-zips/LIDO_maths2607_hi.zip
LIDO_maths2607_kn.zip,compressed,24,24,541382,145285,0.52,0.14,396097,73.16,/home/santhosh/Desktop/audio-compressed-zips/LIDO_maths2607_kn.zip
LIDO_maths2608_en.zip,compressed,32,32,333616,142564,0.32,0.14,191052,57.27,/home/santhosh/Desktop/audio-compressed-zips/LIDO_maths2608_en.zip
LIDO_maths2608_hi.zip,compressed,32,32,333741,149102,0.32,0.14,184639,55.32,/home/santhosh/Desktop/audio-compressed-zips/LIDO_maths2608_hi.zip
LIDO_maths2615_en.zip,compressed,11,11,431721,145790,0.41,0.14,285931,66.23,/home/santhosh/Desktop/audio-compressed-zips/LIDO_maths2615_en.zip
LIDO_maths2615_kn.zip,compressed,11,11,434146,144491,0.41,0.14,289655,66.72,/home/santhosh/Desktop/audio-compressed-zips/LIDO_maths2615_kn.zip
LIDO_maths2709_hi.zip,compressed,26,26,373928,147521,0.36,0.14,226407,60.55,/home/santhosh/Desktop/audio-compressed-zips/LIDO_maths2709_hi.zip
LIDO_maths2711_hi.zip,compressed,30,30,332900,148329,0.32,0.14,184571,55.44,/home/santhosh/Desktop/audio-compressed-zips/LIDO_maths2711_hi.zip
LIDO_maths2712_en.zip,compressed,31,31,333401,143198,0.32,0.14,190203,57.05,/home/santhosh/Desktop/audio-compressed-zips/LIDO_maths2712_en.zip
LIDO_maths2713_hi.zip,compressed,30,30,333217,144390,0.32,0.14,188827,56.67,/home/santhosh/Desktop/audio-compressed-zips/LIDO_maths2713_hi.zip
LIDO_puzzle0011.zip,unchanged (compression gave no saving),0,0,151233,151233,0.14,0.14,0,0,/home/santhosh/Desktop/audio-compressed-zips/LIDO_puzzle0011.zip
LIDO_puzzle0014.zip,unchanged (compression gave no saving),0,0,145842,145842,0.14,0.14,0,0,/home/santhosh/Desktop/audio-compressed-zips/LIDO_puzzle0014.zip
LIDO_en0102.zip,compressed,9,9,164897,153783,0.16,0.15,11114,6.74,/home/santhosh/Desktop/audio-compressed-zips/LIDO_en0102.zip
LIDO_en0601.zip,compressed,32,32,332138,153586,0.32,0.15,178552,53.76,/home/santhosh/Desktop/audio-compressed-zips/LIDO_en0601.zip
LIDO_en0602.zip,compressed,38,38,354875,160879,0.34,0.15,193996,54.67,/home/santhosh/Desktop/audio-compressed-zips/LIDO_en0602.zip
LIDO_en0700.zip,compressed,22,22,414259,156202,0.4,0.15,258057,62.29,/home/santhosh/Desktop/audio-compressed-zips/LIDO_en0700.zip
LIDO_en1504.zip,compressed,37,37,267678,156447,0.26,0.15,111231,41.55,/home/santhosh/Desktop/audio-compressed-zips/LIDO_en1504.zip
LIDO_en1808.zip,compressed,30,30,250727,153236,0.24,0.15,97491,38.88,/home/santhosh/Desktop/audio-compressed-zips/LIDO_en1808.zip
LIDO_en1810.zip,compressed,32,32,315243,161558,0.3,0.15,153685,48.75,/home/santhosh/Desktop/audio-compressed-zips/LIDO_en1810.zip
LIDO_en2507.zip,compressed,21,21,323419,160595,0.31,0.15,162824,50.34,/home/santhosh/Desktop/audio-compressed-zips/LIDO_en2507.zip
LIDO_en3100.zip,compressed,30,30,277699,153389,0.26,0.15,124310,44.76,/home/santhosh/Desktop/audio-compressed-zips/LIDO_en3100.zip
LIDO_en3804.zip,compressed,33,33,338495,156463,0.32,0.15,182032,53.78,/home/santhosh/Desktop/audio-compressed-zips/LIDO_en3804.zip
LIDO_en3904.zip,compressed,24,24,191382,155867,0.18,0.15,35515,18.56,/home/santhosh/Desktop/audio-compressed-zips/LIDO_en3904.zip
LIDO_hi0013.zip,compressed,6,6,180367,153974,0.17,0.15,26393,14.63,/home/santhosh/Desktop/audio-compressed-zips/LIDO_hi0013.zip
LIDO_hi1003.zip,compressed,51,51,561892,156533,0.54,0.15,405359,72.14,/home/santhosh/Desktop/audio-compressed-zips/LIDO_hi1003.zip
LIDO_hi1801.zip,compressed,27,27,459166,152244,0.44,0.15,306922,66.84,/home/santhosh/Desktop/audio-compressed-zips/LIDO_hi1801.zip
LIDO_hi_3407.zip,compressed,30,30,313348,161576,0.3,0.15,151772,48.44,/home/santhosh/Desktop/audio-compressed-zips/LIDO_hi_3407.zip
LIDO_hi_3408.zip,compressed,29,29,300971,161884,0.29,0.15,139087,46.21,/home/santhosh/Desktop/audio-compressed-zips/LIDO_hi_3408.zip
LIDO_hi_3416.zip,compressed,15,15,265713,160368,0.25,0.15,105345,39.65,/home/santhosh/Desktop/audio-compressed-zips/LIDO_hi_3416.zip
LIDO_hi_3701.zip,compressed,29,29,326284,157473,0.31,0.15,168811,51.74,/home/santhosh/Desktop/audio-compressed-zips/LIDO_hi_3701.zip
LIDO_hi_3904.zip,compressed,28,28,361844,157908,0.35,0.15,203936,56.36,/home/santhosh/Desktop/audio-compressed-zips/LIDO_hi_3904.zip
LIDO_hi_5000.zip,compressed,26,26,297381,155796,0.28,0.15,141585,47.61,/home/santhosh/Desktop/audio-compressed-zips/LIDO_hi_5000.zip
LIDO_kn0100.zip,compressed,5,5,162983,159253,0.16,0.15,3730,2.29,/home/santhosh/Desktop/audio-compressed-zips/LIDO_kn0100.zip
LIDO_kn0500.zip,compressed,5,5,165470,161907,0.16,0.15,3563,2.15,/home/santhosh/Desktop/audio-compressed-zips/LIDO_kn0500.zip
LIDO_kn0602.zip,compressed,5,5,162995,159265,0.16,0.15,3730,2.29,/home/santhosh/Desktop/audio-compressed-zips/LIDO_kn0602.zip
LIDO_kn0610.zip,compressed,5,5,165472,161909,0.16,0.15,3563,2.15,/home/santhosh/Desktop/audio-compressed-zips/LIDO_kn0610.zip
LIDO_kn1300.zip,compressed,10,10,168004,160929,0.16,0.15,7075,4.21,/home/santhosh/Desktop/audio-compressed-zips/LIDO_kn1300.zip
LIDO_kn1303.zip,compressed,10,10,169592,162468,0.16,0.15,7124,4.2,/home/santhosh/Desktop/audio-compressed-zips/LIDO_kn1303.zip
LIDO_kn2606.zip,compressed,31,31,340547,161721,0.32,0.15,178826,52.51,/home/santhosh/Desktop/audio-compressed-zips/LIDO_kn2606.zip
LIDO_kn2_0303.zip,compressed,10,10,169631,161834,0.16,0.15,7797,4.6,/home/santhosh/Desktop/audio-compressed-zips/LIDO_kn2_0303.zip
LIDO_kn2_0314.zip,compressed,36,36,279298,152176,0.27,0.15,127122,45.51,/home/santhosh/Desktop/audio-compressed-zips/LIDO_kn2_0314.zip
LIDO_kn2_0316.zip,compressed,36,36,287391,154573,0.27,0.15,132818,46.22,/home/santhosh/Desktop/audio-compressed-zips/LIDO_kn2_0316.zip
LIDO_kn2_0904.zip,compressed,33,33,325484,160637,0.31,0.15,164847,50.65,/home/santhosh/Desktop/audio-compressed-zips/LIDO_kn2_0904.zip
LIDO_kn4801.zip,compressed,5,5,168688,154611,0.16,0.15,14077,8.34,/home/santhosh/Desktop/audio-compressed-zips/LIDO_kn4801.zip
LIDO_maths0306_hi.zip,compressed,28,28,286377,159744,0.27,0.15,126633,44.22,/home/santhosh/Desktop/audio-compressed-zips/LIDO_maths0306_hi.zip
LIDO_maths0500_en.zip,compressed,27,27,270858,161284,0.26,0.15,109574,40.45,/home/santhosh/Desktop/audio-compressed-zips/LIDO_maths0500_en.zip
LIDO_maths0500_hi.zip,compressed,24,24,266062,159824,0.25,0.15,106238,39.93,/home/santhosh/Desktop/audio-compressed-zips/LIDO_maths0500_hi.zip
LIDO_maths0500_kn.zip,compressed,25,25,613944,158271,0.59,0.15,455673,74.22,/home/santhosh/Desktop/audio-compressed-zips/LIDO_maths0500_kn.zip
LIDO_maths2601_en.zip,compressed,36,36,370950,157176,0.35,0.15,213774,57.63,/home/santhosh/Desktop/audio-compressed-zips/LIDO_maths2601_en.zip
LIDO_maths2602_hi.zip,compressed,32,32,364027,159133,0.35,0.15,204894,56.29,/home/santhosh/Desktop/audio-compressed-zips/LIDO_maths2602_hi.zip
LIDO_maths2603_en.zip,compressed,35,35,382245,158280,0.36,0.15,223965,58.59,/home/santhosh/Desktop/audio-compressed-zips/LIDO_maths2603_en.zip
LIDO_maths2604_hi.zip,compressed,28,28,384349,156690,0.37,0.15,227659,59.23,/home/santhosh/Desktop/audio-compressed-zips/LIDO_maths2604_hi.zip
LIDO_maths2605_hi.zip,compressed,30,30,356695,155349,0.34,0.15,201346,56.45,/home/santhosh/Desktop/audio-compressed-zips/LIDO_maths2605_hi.zip
LIDO_maths2709_kn.zip,compressed,26,26,1644691,160648,1.57,0.15,1484043,90.23,/home/santhosh/Desktop/audio-compressed-zips/LIDO_maths2709_kn.zip
LIDO_maths2710_hi.zip,compressed,31,31,366024,157099,0.35,0.15,208925,57.08,/home/santhosh/Desktop/audio-compressed-zips/LIDO_maths2710_hi.zip
LIDO_maths2711_kn.zip,compressed,30,30,1363834,158234,1.3,0.15,1205600,88.4,/home/santhosh/Desktop/audio-compressed-zips/LIDO_maths2711_kn.zip
LIDO_maths2712_hi.zip,compressed,31,31,365450,157388,0.35,0.15,208062,56.93,/home/santhosh/Desktop/audio-compressed-zips/LIDO_maths2712_hi.zip
LIDO_maths2714_kn.zip,compressed,25,25,1526873,153503,1.46,0.15,1373370,89.95,/home/santhosh/Desktop/audio-compressed-zips/LIDO_maths2714_kn.zip
LIDO_puzzle0009.zip,unchanged (compression gave no saving),0,0,161549,161549,0.15,0.15,0,0,/home/santhosh/Desktop/audio-compressed-zips/LIDO_puzzle0009.zip
LIDO_puzzle0013.zip,unchanged (compression gave no saving),0,0,161439,161439,0.15,0.15,0,0,/home/santhosh/Desktop/audio-compressed-zips/LIDO_puzzle0013.zip
LIDO_en0301.zip,compressed,10,10,179271,166363,0.17,0.16,12908,7.2,/home/santhosh/Desktop/audio-compressed-zips/LIDO_en0301.zip
LIDO_en0603.zip,compressed,42,42,385996,172402,0.37,0.16,213594,55.34,/home/santhosh/Desktop/audio-compressed-zips/LIDO_en0603.zip
LIDO_en0604.zip,compressed,33,33,416443,163689,0.4,0.16,252754,60.69,/home/santhosh/Desktop/audio-compressed-zips/LIDO_en0604.zip
LIDO_en0703.zip,compressed,25,25,489641,170609,0.47,0.16,319032,65.16,/home/santhosh/Desktop/audio-compressed-zips/LIDO_en0703.zip
LIDO_en0705.zip,compressed,34,34,439891,164195,0.42,0.16,275696,62.67,/home/santhosh/Desktop/audio-compressed-zips/LIDO_en0705.zip
LIDO_en1403.zip,compressed,44,44,274769,171154,0.26,0.16,103615,37.71,/home/santhosh/Desktop/audio-compressed-zips/LIDO_en1403.zip
LIDO_en1701.zip,compressed,32,32,291102,165280,0.28,0.16,125822,43.22,/home/santhosh/Desktop/audio-compressed-zips/LIDO_en1701.zip
LIDO_en3417.zip,compressed,7,7,178115,162552,0.17,0.16,15563,8.74,/home/santhosh/Desktop/audio-compressed-zips/LIDO_en3417.zip
LIDO_en3418.zip,compressed,9,9,277966,162905,0.27,0.16,115061,41.39,/home/santhosh/Desktop/audio-compressed-zips/LIDO_en3418.zip
LIDO_en_5009.zip,compressed,4,4,168867,163974,0.16,0.16,4893,2.9,/home/santhosh/Desktop/audio-compressed-zips/LIDO_en_5009.zip
LIDO_en_5019.zip,compressed,6,6,172662,165240,0.16,0.16,7422,4.3,/home/santhosh/Desktop/audio-compressed-zips/LIDO_en_5019.zip
LIDO_hi0307.zip,compressed,26,26,331977,166187,0.32,0.16,165790,49.94,/home/santhosh/Desktop/audio-compressed-zips/LIDO_hi0307.zip
LIDO_hi0904.zip,compressed,17,17,311861,169887,0.3,0.16,141974,45.52,/home/santhosh/Desktop/audio-compressed-zips/LIDO_hi0904.zip
LIDO_hi1104.zip,compressed,54,54,669493,166249,0.64,0.16,503244,75.17,/home/santhosh/Desktop/audio-compressed-zips/LIDO_hi1104.zip
LIDO_hi1506.zip,compressed,30,30,545933,168432,0.52,0.16,377501,69.15,/home/santhosh/Desktop/audio-compressed-zips/LIDO_hi1506.zip
LIDO_hi_3404.zip,compressed,28,28,416213,167141,0.4,0.16,249072,59.84,/home/santhosh/Desktop/audio-compressed-zips/LIDO_hi_3404.zip
LIDO_hi_3414.zip,compressed,31,31,320966,165941,0.31,0.16,155025,48.3,/home/santhosh/Desktop/audio-compressed-zips/LIDO_hi_3414.zip
LIDO_hi_3418.zip,compressed,12,12,231860,170851,0.22,0.16,61009,26.31,/home/santhosh/Desktop/audio-compressed-zips/LIDO_hi_3418.zip
LIDO_hi_3605.zip,compressed,10,10,220423,170665,0.21,0.16,49758,22.57,/home/santhosh/Desktop/audio-compressed-zips/LIDO_hi_3605.zip
LIDO_hi_3905.zip,compressed,27,27,348763,164938,0.33,0.16,183825,52.71,/home/santhosh/Desktop/audio-compressed-zips/LIDO_hi_3905.zip
LIDO_hi_3906.zip,compressed,23,23,303244,167340,0.29,0.16,135904,44.82,/home/santhosh/Desktop/audio-compressed-zips/LIDO_hi_3906.zip
LIDO_hi_3907.zip,compressed,25,25,322222,172340,0.31,0.16,149882,46.52,/home/santhosh/Desktop/audio-compressed-zips/LIDO_hi_3907.zip
LIDO_hi_4005.zip,compressed,29,29,357430,170343,0.34,0.16,187087,52.34,/home/santhosh/Desktop/audio-compressed-zips/LIDO_hi_4005.zip
LIDO_kn0400.zip,compressed,6,6,171035,166930,0.16,0.16,4105,2.4,/home/santhosh/Desktop/audio-compressed-zips/LIDO_kn0400.zip
LIDO_kn0608.zip,compressed,6,6,171315,167210,0.16,0.16,4105,2.4,/home/santhosh/Desktop/audio-compressed-zips/LIDO_kn0608.zip
LIDO_kn0700.zip,compressed,5,5,172139,168513,0.16,0.16,3626,2.11,/home/santhosh/Desktop/audio-compressed-zips/LIDO_kn0700.zip
LIDO_kn0900.zip,compressed,5,5,173947,170575,0.17,0.16,3372,1.94,/home/santhosh/Desktop/audio-compressed-zips/LIDO_kn0900.zip
LIDO_kn1200.zip,compressed,5,5,166230,163307,0.16,0.16,2923,1.76,/home/santhosh/Desktop/audio-compressed-zips/LIDO_kn1200.zip
LIDO_kn1202.zip,compressed,12,12,184607,165915,0.18,0.16,18692,10.13,/home/santhosh/Desktop/audio-compressed-zips/LIDO_kn1202.zip
LIDO_kn1302.zip,compressed,10,10,172648,165648,0.16,0.16,7000,4.05,/home/santhosh/Desktop/audio-compressed-zips/LIDO_kn1302.zip
LIDO_kn1304.zip,compressed,10,10,179122,171849,0.17,0.16,7273,4.06,/home/santhosh/Desktop/audio-compressed-zips/LIDO_kn1304.zip
LIDO_kn1305.zip,compressed,8,8,169061,163025,0.16,0.16,6036,3.57,/home/santhosh/Desktop/audio-compressed-zips/LIDO_kn1305.zip
LIDO_kn2_0300.zip,compressed,5,5,167125,163796,0.16,0.16,3329,1.99,/home/santhosh/Desktop/audio-compressed-zips/LIDO_kn2_0300.zip
LIDO_kn2_0302.zip,compressed,12,12,184139,165589,0.18,0.16,18550,10.07,/home/santhosh/Desktop/audio-compressed-zips/LIDO_kn2_0302.zip
LIDO_kn2_0305.zip,compressed,10,10,173473,165894,0.17,0.16,7579,4.37,/home/santhosh/Desktop/audio-compressed-zips/LIDO_kn2_0305.zip
LIDO_kn2_0306.zip,compressed,10,10,170460,162934,0.16,0.16,7526,4.42,/home/santhosh/Desktop/audio-compressed-zips/LIDO_kn2_0306.zip
LIDO_kn2_0307.zip,compressed,10,10,179677,172079,0.17,0.16,7598,4.23,/home/santhosh/Desktop/audio-compressed-zips/LIDO_kn2_0307.zip
LIDO_kn2_0308.zip,compressed,8,8,168938,162923,0.16,0.16,6015,3.56,/home/santhosh/Desktop/audio-compressed-zips/LIDO_kn2_0308.zip
LIDO_kn2_0317.zip,compressed,43,43,318067,166162,0.3,0.16,151905,47.76,/home/santhosh/Desktop/audio-compressed-zips/LIDO_kn2_0317.zip
LIDO_kn2_1903.zip,compressed,33,33,393153,166222,0.37,0.16,226931,57.72,/home/santhosh/Desktop/audio-compressed-zips/LIDO_kn2_1903.zip
LIDO_kn4600.zip,compressed,10,10,170167,163168,0.16,0.16,6999,4.11,/home/santhosh/Desktop/audio-compressed-zips/LIDO_kn4600.zip
LIDO_maths0501_en.zip,compressed,26,26,267326,165407,0.25,0.16,101919,38.13,/home/santhosh/Desktop/audio-compressed-zips/LIDO_maths0501_en.zip
LIDO_maths0501_kn.zip,compressed,27,27,639638,171627,0.61,0.16,468011,73.17,/home/santhosh/Desktop/audio-compressed-zips/LIDO_maths0501_kn.zip
LIDO_maths0502_en.zip,compressed,28,28,273769,169512,0.26,0.16,104257,38.08,/home/santhosh/Desktop/audio-compressed-zips/LIDO_maths0502_en.zip
LIDO_maths0503_en.zip,compressed,26,26,273569,166054,0.26,0.16,107515,39.3,/home/santhosh/Desktop/audio-compressed-zips/LIDO_maths0503_en.zip
LIDO_maths0503_hi.zip,compressed,27,27,271226,168348,0.26,0.16,102878,37.93,/home/santhosh/Desktop/audio-compressed-zips/LIDO_maths0503_hi.zip
LIDO_maths0503_kn.zip,compressed,25,25,717139,168114,0.68,0.16,549025,76.56,/home/santhosh/Desktop/audio-compressed-zips/LIDO_maths0503_kn.zip
LIDO_maths0504_en.zip,compressed,27,27,271053,167140,0.26,0.16,103913,38.34,/home/santhosh/Desktop/audio-compressed-zips/LIDO_maths0504_en.zip
LIDO_maths0504_hi.zip,compressed,26,26,279376,170554,0.27,0.16,108822,38.95,/home/santhosh/Desktop/audio-compressed-zips/LIDO_maths0504_hi.zip
LIDO_maths0505_en.zip,compressed,27,27,276906,171636,0.26,0.16,105270,38.02,/home/santhosh/Desktop/audio-compressed-zips/LIDO_maths0505_en.zip
LIDO_maths0505_hi.zip,compressed,26,26,278667,172030,0.27,0.16,106637,38.27,/home/santhosh/Desktop/audio-compressed-zips/LIDO_maths0505_hi.zip
LIDO_maths0506_en.zip,compressed,28,28,276833,168888,0.26,0.16,107945,38.99,/home/santhosh/Desktop/audio-compressed-zips/LIDO_maths0506_en.zip
LIDO_maths0506_hi.zip,compressed,25,25,273475,167443,0.26,0.16,106032,38.77,/home/santhosh/Desktop/audio-compressed-zips/LIDO_maths0506_hi.zip
LIDO_maths0508_en.zip,compressed,28,28,274510,170431,0.26,0.16,104079,37.91,/home/santhosh/Desktop/audio-compressed-zips/LIDO_maths0508_en.zip
LIDO_maths1300_kn.zip,compressed,49,49,257598,167257,0.25,0.16,90341,35.07,/home/santhosh/Desktop/audio-compressed-zips/LIDO_maths1300_kn.zip
LIDO_maths1404_en.zip,compressed,10,10,179718,169105,0.17,0.16,10613,5.91,/home/santhosh/Desktop/audio-compressed-zips/LIDO_maths1404_en.zip
LIDO_maths1404_hi.zip,compressed,10,10,179496,169930,0.17,0.16,9566,5.33,/home/santhosh/Desktop/audio-compressed-zips/LIDO_maths1404_hi.zip
LIDO_maths1404_kn.zip,compressed,10,10,184220,171947,0.18,0.16,12273,6.66,/home/santhosh/Desktop/audio-compressed-zips/LIDO_maths1404_kn.zip
LIDO_maths1409_en.zip,compressed,10,10,179739,169126,0.17,0.16,10613,5.9,/home/santhosh/Desktop/audio-compressed-zips/LIDO_maths1409_en.zip
LIDO_maths1409_hi.zip,compressed,10,10,179541,169975,0.17,0.16,9566,5.33,/home/santhosh/Desktop/audio-compressed-zips/LIDO_maths1409_hi.zip
LIDO_maths1409_kn.zip,compressed,10,10,184257,171984,0.18,0.16,12273,6.66,/home/santhosh/Desktop/audio-compressed-zips/LIDO_maths1409_kn.zip
LIDO_maths1410_en.zip,compressed,10,10,181136,170523,0.17,0.16,10613,5.86,/home/santhosh/Desktop/audio-compressed-zips/LIDO_maths1410_en.zip
LIDO_maths1410_hi.zip,compressed,10,10,180931,171365,0.17,0.16,9566,5.29,/home/santhosh/Desktop/audio-compressed-zips/LIDO_maths1410_hi.zip
LIDO_maths1411_en.zip,compressed,10,10,181062,170449,0.17,0.16,10613,5.86,/home/santhosh/Desktop/audio-compressed-zips/LIDO_maths1411_en.zip
LIDO_maths1411_hi.zip,compressed,10,10,180859,171293,0.17,0.16,9566,5.29,/home/santhosh/Desktop/audio-compressed-zips/LIDO_maths1411_hi.zip
LIDO_maths1706_en.zip,compressed,24,24,423485,172203,0.4,0.16,251282,59.34,/home/santhosh/Desktop/audio-compressed-zips/LIDO_maths1706_en.zip
LIDO_maths1706_hi.zip,compressed,24,24,412263,172915,0.39,0.16,239348,58.06,/home/santhosh/Desktop/audio-compressed-zips/LIDO_maths1706_hi.zip
LIDO_maths1901_kn.zip,compressed,48,48,283000,165688,0.27,0.16,117312,41.45,/home/santhosh/Desktop/audio-compressed-zips/LIDO_maths1901_kn.zip
LIDO_maths2100_en.zip,compressed,10,10,181193,170580,0.17,0.16,10613,5.86,/home/santhosh/Desktop/audio-compressed-zips/LIDO_maths2100_en.zip
LIDO_maths2100_hi.zip,compressed,10,10,180991,171425,0.17,0.16,9566,5.29,/home/santhosh/Desktop/audio-compressed-zips/LIDO_maths2100_hi.zip
LIDO_maths2100_kn.zip,compressed,10,10,185275,173002,0.18,0.16,12273,6.62,/home/santhosh/Desktop/audio-compressed-zips/LIDO_maths2100_kn.zip
LIDO_maths2107_kn.zip,compressed,30,30,1550208,168022,1.48,0.16,1382186,89.16,/home/santhosh/Desktop/audio-compressed-zips/LIDO_maths2107_kn.zip
LIDO_maths2504_en.zip,compressed,10,10,181253,170640,0.17,0.16,10613,5.86,/home/santhosh/Desktop/audio-compressed-zips/LIDO_maths2504_en.zip
LIDO_maths2504_hi.zip,compressed,10,10,181376,171810,0.17,0.16,9566,5.27,/home/santhosh/Desktop/audio-compressed-zips/LIDO_maths2504_hi.zip
LIDO_maths2505_en.zip,compressed,10,10,181227,170614,0.17,0.16,10613,5.86,/home/santhosh/Desktop/audio-compressed-zips/LIDO_maths2505_en.zip
LIDO_maths2505_hi.zip,compressed,10,10,181355,171789,0.17,0.16,9566,5.27,/home/santhosh/Desktop/audio-compressed-zips/LIDO_maths2505_hi.zip
LIDO_maths2601_hi.zip,compressed,36,36,391986,170223,0.37,0.16,221763,56.57,/home/santhosh/Desktop/audio-compressed-zips/LIDO_maths2601_hi.zip
LIDO_maths2603_hi.zip,compressed,35,35,384567,166498,0.37,0.16,218069,56.71,/home/santhosh/Desktop/audio-compressed-zips/LIDO_maths2603_hi.zip
LIDO_maths2604_kn.zip,compressed,28,28,1781978,168962,1.7,0.16,1613016,90.52,/home/santhosh/Desktop/audio-compressed-zips/LIDO_maths2604_kn.zip
LIDO_maths2605_kn.zip,compressed,30,30,1092366,164682,1.04,0.16,927684,84.92,/home/santhosh/Desktop/audio-compressed-zips/LIDO_maths2605_kn.zip
LIDO_maths2710_kn.zip,compressed,31,31,1561929,169562,1.49,0.16,1392367,89.14,/home/santhosh/Desktop/audio-compressed-zips/LIDO_maths2710_kn.zip
LIDO_maths2712_kn.zip,compressed,31,31,1605650,172926,1.53,0.16,1432724,89.23,/home/santhosh/Desktop/audio-compressed-zips/LIDO_maths2712_kn.zip
LIDO_maths2713_kn.zip,compressed,30,30,1516052,163216,1.45,0.16,1352836,89.23,/home/santhosh/Desktop/audio-compressed-zips/LIDO_maths2713_kn.zip
LIDO_puzzle0015.zip,unchanged (compression gave no saving),0,0,169288,169288,0.16,0.16,0,0,/home/santhosh/Desktop/audio-compressed-zips/LIDO_puzzle0015.zip
LIDO_en0305.zip,compressed,10,10,191336,177008,0.18,0.17,14328,7.49,/home/santhosh/Desktop/audio-compressed-zips/LIDO_en0305.zip
LIDO_en1005.zip,compressed,29,29,244480,181359,0.23,0.17,63121,25.82,/home/santhosh/Desktop/audio-compressed-zips/LIDO_en1005.zip
LIDO_en1201.zip,compressed,49,49,281253,181039,0.27,0.17,100214,35.63,/home/santhosh/Desktop/audio-compressed-zips/LIDO_en1201.zip
LIDO_en1301.zip,compressed,46,46,288218,177164,0.27,0.17,111054,38.53,/home/santhosh/Desktop/audio-compressed-zips/LIDO_en1301.zip
LIDO_en1405.zip,compressed,36,36,330015,178396,0.31,0.17,151619,45.94,/home/santhosh/Desktop/audio-compressed-zips/LIDO_en1405.zip
LIDO_en3413.zip,compressed,23,23,216188,179917,0.21,0.17,36271,16.78,/home/santhosh/Desktop/audio-compressed-zips/LIDO_en3413.zip
LIDO_en3416.zip,compressed,14,14,271401,179840,0.26,0.17,91561,33.74,/home/santhosh/Desktop/audio-compressed-zips/LIDO_en3416.zip
LIDO_en_5015.zip,compressed,7,7,189499,180319,0.18,0.17,9180,4.84,/home/santhosh/Desktop/audio-compressed-zips/LIDO_en_5015.zip
LIDO_en_5021.zip,compressed,9,9,184713,174103,0.18,0.17,10610,5.74,/home/santhosh/Desktop/audio-compressed-zips/LIDO_en_5021.zip
LIDO_en_5025.zip,compressed,11,11,196562,183369,0.19,0.17,13193,6.71,/home/santhosh/Desktop/audio-compressed-zips/LIDO_en_5025.zip
LIDO_en_5043.zip,compressed,13,13,190529,174620,0.18,0.17,15909,8.35,/home/santhosh/Desktop/audio-compressed-zips/LIDO_en_5043.zip
LIDO_en_5049.zip,compressed,11,11,190314,175393,0.18,0.17,14921,7.84,/home/santhosh/Desktop/audio-compressed-zips/LIDO_en_5049.zip
LIDO_hi_4002.zip,compressed,25,25,364095,174731,0.35,0.17,189364,52.01,/home/santhosh/Desktop/audio-compressed-zips/LIDO_hi_4002.zip
LIDO_hi_4004.zip,compressed,27,27,341734,182311,0.33,0.17,159423,46.65,/home/santhosh/Desktop/audio-compressed-zips/LIDO_hi_4004.zip
LIDO_hi_5104.zip,compressed,40,40,480971,174375,0.46,0.17,306596,63.75,/home/santhosh/Desktop/audio-compressed-zips/LIDO_hi_5104.zip
LIDO_kn1201.zip,compressed,11,11,190130,182150,0.18,0.17,7980,4.2,/home/santhosh/Desktop/audio-compressed-zips/LIDO_kn1201.zip
LIDO_kn1301.zip,compressed,11,11,190681,182095,0.18,0.17,8586,4.5,/home/santhosh/Desktop/audio-compressed-zips/LIDO_kn1301.zip
LIDO_kn2211.zip,compressed,17,17,197564,180925,0.19,0.17,16639,8.42,/home/santhosh/Desktop/audio-compressed-zips/LIDO_kn2211.zip
LIDO_kn2_0301.zip,compressed,11,11,190199,182220,0.18,0.17,7979,4.2,/home/santhosh/Desktop/audio-compressed-zips/LIDO_kn2_0301.zip
LIDO_kn2_0304.zip,compressed,11,11,192942,183307,0.18,0.17,9635,4.99,/home/santhosh/Desktop/audio-compressed-zips/LIDO_kn2_0304.zip
LIDO_maths0306_kn.zip,compressed,29,29,304236,179290,0.29,0.17,124946,41.07,/home/santhosh/Desktop/audio-compressed-zips/LIDO_maths0306_kn.zip
LIDO_maths0501_hi.zip,compressed,26,26,287714,173391,0.27,0.17,114323,39.73,/home/santhosh/Desktop/audio-compressed-zips/LIDO_maths0501_hi.zip
LIDO_maths0502_hi.zip,compressed,26,26,291945,175154,0.28,0.17,116791,40,/home/santhosh/Desktop/audio-compressed-zips/LIDO_maths0502_hi.zip
LIDO_maths0502_kn.zip,compressed,27,27,711154,176653,0.68,0.17,534501,75.16,/home/santhosh/Desktop/audio-compressed-zips/LIDO_maths0502_kn.zip
LIDO_maths0504_kn.zip,compressed,26,26,747598,175007,0.71,0.17,572591,76.59,/home/santhosh/Desktop/audio-compressed-zips/LIDO_maths0504_kn.zip
LIDO_maths0506_kn.zip,compressed,28,28,725661,177263,0.69,0.17,548398,75.57,/home/santhosh/Desktop/audio-compressed-zips/LIDO_maths0506_kn.zip
LIDO_maths0507_en.zip,compressed,29,29,290674,177829,0.28,0.17,112845,38.82,/home/santhosh/Desktop/audio-compressed-zips/LIDO_maths0507_en.zip
LIDO_maths0507_hi.zip,compressed,27,27,279040,173712,0.27,0.17,105328,37.75,/home/santhosh/Desktop/audio-compressed-zips/LIDO_maths0507_hi.zip
LIDO_maths0508_hi.zip,compressed,26,26,291222,174164,0.28,0.17,117058,40.2,/home/santhosh/Desktop/audio-compressed-zips/LIDO_maths0508_hi.zip
LIDO_maths0508_kn.zip,compressed,28,28,732440,180373,0.7,0.17,552067,75.37,/home/santhosh/Desktop/audio-compressed-zips/LIDO_maths0508_kn.zip
LIDO_maths0509_en.zip,compressed,29,29,282534,177892,0.27,0.17,104642,37.04,/home/santhosh/Desktop/audio-compressed-zips/LIDO_maths0509_en.zip
LIDO_maths0509_hi.zip,compressed,29,29,283036,180310,0.27,0.17,102726,36.29,/home/santhosh/Desktop/audio-compressed-zips/LIDO_maths0509_hi.zip
LIDO_maths0906_en.zip,compressed,13,13,242037,179784,0.23,0.17,62253,25.72,/home/santhosh/Desktop/audio-compressed-zips/LIDO_maths0906_en.zip
LIDO_maths0906_hi.zip,compressed,13,13,231022,177392,0.22,0.17,53630,23.21,/home/santhosh/Desktop/audio-compressed-zips/LIDO_maths0906_hi.zip
LIDO_maths0906_kn.zip,compressed,13,13,234576,179353,0.22,0.17,55223,23.54,/home/santhosh/Desktop/audio-compressed-zips/LIDO_maths0906_kn.zip
LIDO_maths0907_en.zip,compressed,13,13,241006,179285,0.23,0.17,61721,25.61,/home/santhosh/Desktop/audio-compressed-zips/LIDO_maths0907_en.zip
LIDO_maths0907_hi.zip,compressed,13,13,229718,177448,0.22,0.17,52270,22.75,/home/santhosh/Desktop/audio-compressed-zips/LIDO_maths0907_hi.zip
LIDO_maths0907_kn.zip,compressed,13,13,234905,179682,0.22,0.17,55223,23.51,/home/santhosh/Desktop/audio-compressed-zips/LIDO_maths0907_kn.zip
LIDO_maths1003_en.zip,compressed,13,13,230016,176989,0.22,0.17,53027,23.05,/home/santhosh/Desktop/audio-compressed-zips/LIDO_maths1003_en.zip
LIDO_maths1003_hi.zip,compressed,13,13,225717,176759,0.22,0.17,48958,21.69,/home/santhosh/Desktop/audio-compressed-zips/LIDO_maths1003_hi.zip
LIDO_maths1003_kn.zip,compressed,13,13,234893,179602,0.22,0.17,55291,23.54,/home/santhosh/Desktop/audio-compressed-zips/LIDO_maths1003_kn.zip
LIDO_maths1004_en.zip,compressed,13,13,237968,178705,0.23,0.17,59263,24.9,/home/santhosh/Desktop/audio-compressed-zips/LIDO_maths1004_en.zip
LIDO_maths1004_hi.zip,compressed,13,13,228786,177454,0.22,0.17,51332,22.44,/home/santhosh/Desktop/audio-compressed-zips/LIDO_maths1004_hi.zip
LIDO_maths1004_kn.zip,compressed,13,13,234871,179580,0.22,0.17,55291,23.54,/home/santhosh/Desktop/audio-compressed-zips/LIDO_maths1004_kn.zip
LIDO_maths1402_en.zip,compressed,14,14,229996,177723,0.22,0.17,52273,22.73,/home/santhosh/Desktop/audio-compressed-zips/LIDO_maths1402_en.zip
LIDO_maths1402_hi.zip,compressed,13,13,226650,176408,0.22,0.17,50242,22.17,/home/santhosh/Desktop/audio-compressed-zips/LIDO_maths1402_hi.zip
LIDO_maths1402_kn.zip,compressed,13,13,234956,179733,0.22,0.17,55223,23.5,/home/santhosh/Desktop/audio-compressed-zips/LIDO_maths1402_kn.zip
LIDO_maths1403_en.zip,compressed,13,13,238091,179043,0.23,0.17,59048,24.8,/home/santhosh/Desktop/audio-compressed-zips/LIDO_maths1403_en.zip
LIDO_maths1403_hi.zip,compressed,13,13,229603,177819,0.22,0.17,51784,22.55,/home/santhosh/Desktop/audio-compressed-zips/LIDO_maths1403_hi.zip
LIDO_maths1403_kn.zip,compressed,14,14,237973,181542,0.23,0.17,56431,23.71,/home/santhosh/Desktop/audio-compressed-zips/LIDO_maths1403_kn.zip
LIDO_maths1410_kn.zip,compressed,10,10,185649,173376,0.18,0.17,12273,6.61,/home/santhosh/Desktop/audio-compressed-zips/LIDO_maths1410_kn.zip
LIDO_maths1411_kn.zip,compressed,10,10,185567,173294,0.18,0.17,12273,6.61,/home/santhosh/Desktop/audio-compressed-zips/LIDO_maths1411_kn.zip
LIDO_maths1503_en.zip,compressed,14,14,235077,178674,0.22,0.17,56403,23.99,/home/santhosh/Desktop/audio-compressed-zips/LIDO_maths1503_en.zip
LIDO_maths1503_hi.zip,compressed,14,14,237846,180989,0.23,0.17,56857,23.9,/home/santhosh/Desktop/audio-compressed-zips/LIDO_maths1503_hi.zip
LIDO_maths1503_kn.zip,compressed,14,14,238020,181521,0.23,0.17,56499,23.74,/home/santhosh/Desktop/audio-compressed-zips/LIDO_maths1503_kn.zip
LIDO_maths1504_en.zip,compressed,12,12,224961,175922,0.21,0.17,49039,21.8,/home/santhosh/Desktop/audio-compressed-zips/LIDO_maths1504_en.zip
LIDO_maths1504_hi.zip,compressed,13,13,236107,181265,0.23,0.17,54842,23.23,/home/santhosh/Desktop/audio-compressed-zips/LIDO_maths1504_hi.zip
LIDO_maths1504_kn.zip,compressed,13,13,237644,182298,0.23,0.17,55346,23.29,/home/santhosh/Desktop/audio-compressed-zips/LIDO_maths1504_kn.zip
LIDO_maths1706_kn.zip,compressed,24,24,926155,180099,0.88,0.17,746056,80.55,/home/santhosh/Desktop/audio-compressed-zips/LIDO_maths1706_kn.zip
LIDO_maths1800_hi.zip,compressed,48,48,520081,182956,0.5,0.17,337125,64.82,/home/santhosh/Desktop/audio-compressed-zips/LIDO_maths1800_hi.zip
LIDO_maths2300_en.zip,compressed,16,16,238301,181766,0.23,0.17,56535,23.72,/home/santhosh/Desktop/audio-compressed-zips/LIDO_maths2300_en.zip
LIDO_maths2300_hi.zip,compressed,15,15,234000,180925,0.22,0.17,53075,22.68,/home/santhosh/Desktop/audio-compressed-zips/LIDO_maths2300_hi.zip
LIDO_maths2300_kn.zip,compressed,15,15,241341,183359,0.23,0.17,57982,24.02,/home/santhosh/Desktop/audio-compressed-zips/LIDO_maths2300_kn.zip
LIDO_maths2504_kn.zip,compressed,10,10,185943,173670,0.18,0.17,12273,6.6,/home/santhosh/Desktop/audio-compressed-zips/LIDO_maths2504_kn.zip
LIDO_maths2505_kn.zip,compressed,10,10,186076,173803,0.18,0.17,12273,6.6,/home/santhosh/Desktop/audio-compressed-zips/LIDO_maths2505_kn.zip
LIDO_maths2601_kn.zip,compressed,36,36,1528277,181234,1.46,0.17,1347043,88.14,/home/santhosh/Desktop/audio-compressed-zips/LIDO_maths2601_kn.zip
LIDO_maths2602_kn.zip,compressed,32,32,1549259,173456,1.48,0.17,1375803,88.8,/home/santhosh/Desktop/audio-compressed-zips/LIDO_maths2602_kn.zip
LIDO_maths2603_kn.zip,compressed,35,35,1650843,181114,1.57,0.17,1469729,89.03,/home/santhosh/Desktop/audio-compressed-zips/LIDO_maths2603_kn.zip
LIDO_maths2608_kn.zip,compressed,32,32,1589409,173792,1.52,0.17,1415617,89.07,/home/santhosh/Desktop/audio-compressed-zips/LIDO_maths2608_kn.zip
LIDO_puzzle0002.zip,unchanged (compression gave no saving),0,0,180275,180275,0.17,0.17,0,0,/home/santhosh/Desktop/audio-compressed-zips/LIDO_puzzle0002.zip
LIDO_en0104.zip,compressed,10,10,201884,189644,0.19,0.18,12240,6.06,/home/santhosh/Desktop/audio-compressed-zips/LIDO_en0104.zip
LIDO_en0206.zip,compressed,11,11,200834,185863,0.19,0.18,14971,7.45,/home/santhosh/Desktop/audio-compressed-zips/LIDO_en0206.zip
LIDO_en1002.zip,compressed,53,53,273849,183691,0.26,0.18,90158,32.92,/home/santhosh/Desktop/audio-compressed-zips/LIDO_en1002.zip
LIDO_en1104.zip,compressed,51,51,328639,189797,0.31,0.18,138842,42.25,/home/santhosh/Desktop/audio-compressed-zips/LIDO_en1104.zip
LIDO_en3407.zip,compressed,28,28,249130,190369,0.24,0.18,58761,23.59,/home/santhosh/Desktop/audio-compressed-zips/LIDO_en3407.zip
LIDO_en3408.zip,compressed,28,28,255014,193347,0.24,0.18,61667,24.18,/home/santhosh/Desktop/audio-compressed-zips/LIDO_en3408.zip
LIDO_en3414.zip,compressed,27,27,235106,191169,0.22,0.18,43937,18.69,/home/santhosh/Desktop/audio-compressed-zips/LIDO_en3414.zip
LIDO_en3605.zip,compressed,10,10,255793,189118,0.24,0.18,66675,26.07,/home/santhosh/Desktop/audio-compressed-zips/LIDO_en3605.zip
LIDO_en3905.zip,compressed,23,23,220634,184219,0.21,0.18,36415,16.5,/home/santhosh/Desktop/audio-compressed-zips/LIDO_en3905.zip
LIDO_en_5006.zip,compressed,4,4,195577,190629,0.19,0.18,4948,2.53,/home/santhosh/Desktop/audio-compressed-zips/LIDO_en_5006.zip
LIDO_en_5037.zip,compressed,13,13,202611,187866,0.19,0.18,14745,7.28,/home/santhosh/Desktop/audio-compressed-zips/LIDO_en_5037.zip
LIDO_en_5039.zip,compressed,12,12,199392,185701,0.19,0.18,13691,6.87,/home/santhosh/Desktop/audio-compressed-zips/LIDO_en_5039.zip
LIDO_en_5059.zip,compressed,6,6,195566,187978,0.19,0.18,7588,3.88,/home/santhosh/Desktop/audio-compressed-zips/LIDO_en_5059.zip
LIDO_hi0105.zip,compressed,6,6,255205,187979,0.24,0.18,67226,26.34,/home/santhosh/Desktop/audio-compressed-zips/LIDO_hi0105.zip
LIDO_hi0302.zip,compressed,24,24,372362,183875,0.36,0.18,188487,50.62,/home/santhosh/Desktop/audio-compressed-zips/LIDO_hi0302.zip
LIDO_hi0905.zip,compressed,21,21,327741,188479,0.31,0.18,139262,42.49,/home/santhosh/Desktop/audio-compressed-zips/LIDO_hi0905.zip
LIDO_hi1505.zip,compressed,34,34,626607,185636,0.6,0.18,440971,70.37,/home/santhosh/Desktop/audio-compressed-zips/LIDO_hi1505.zip
LIDO_hi_3603.zip,compressed,27,27,488752,185927,0.47,0.18,302825,61.96,/home/santhosh/Desktop/audio-compressed-zips/LIDO_hi_3603.zip
LIDO_hi_4001.zip,compressed,32,32,367532,190439,0.35,0.18,177093,48.18,/home/santhosh/Desktop/audio-compressed-zips/LIDO_hi_4001.zip
LIDO_kn0200.zip,compressed,6,6,188734,184454,0.18,0.18,4280,2.27,/home/santhosh/Desktop/audio-compressed-zips/LIDO_kn0200.zip
LIDO_kn0604.zip,compressed,6,6,188734,184454,0.18,0.18,4280,2.27,/home/santhosh/Desktop/audio-compressed-zips/LIDO_kn0604.zip
LIDO_kn2_0000.zip,compressed,9,9,223071,183686,0.21,0.18,39385,17.66,/home/santhosh/Desktop/audio-compressed-zips/LIDO_kn2_0000.zip
LIDO_kn3702.zip,compressed,24,24,217367,188496,0.21,0.18,28871,13.28,/home/santhosh/Desktop/audio-compressed-zips/LIDO_kn3702.zip
LIDO_maths0505_kn.zip,compressed,29,29,798445,186196,0.76,0.18,612249,76.68,/home/santhosh/Desktop/audio-compressed-zips/LIDO_maths0505_kn.zip
LIDO_maths0507_kn.zip,compressed,28,28,796658,184621,0.76,0.18,612037,76.83,/home/santhosh/Desktop/audio-compressed-zips/LIDO_maths0507_kn.zip
LIDO_maths0509_kn.zip,compressed,28,28,785607,186922,0.75,0.18,598685,76.21,/home/santhosh/Desktop/audio-compressed-zips/LIDO_maths0509_kn.zip
LIDO_maths1505_en.zip,compressed,21,21,262054,193589,0.25,0.18,68465,26.13,/home/santhosh/Desktop/audio-compressed-zips/LIDO_maths1505_en.zip
LIDO_maths1505_hi.zip,compressed,20,20,259600,193578,0.25,0.18,66022,25.43,/home/santhosh/Desktop/audio-compressed-zips/LIDO_maths1505_hi.zip
LIDO_maths1800_en.zip,compressed,53,53,350497,191133,0.33,0.18,159364,45.47,/home/santhosh/Desktop/audio-compressed-zips/LIDO_maths1800_en.zip
LIDO_maths2506_hi.zip,compressed,20,20,246859,189857,0.24,0.18,57002,23.09,/home/santhosh/Desktop/audio-compressed-zips/LIDO_maths2506_hi.zip
LIDO_maths2508_en.zip,compressed,22,22,260173,193860,0.25,0.18,66313,25.49,/home/santhosh/Desktop/audio-compressed-zips/LIDO_maths2508_en.zip
LIDO_maths2609_en.zip,compressed,19,19,253991,188852,0.24,0.18,65139,25.65,/home/santhosh/Desktop/audio-compressed-zips/LIDO_maths2609_en.zip
LIDO_en0707.zip,compressed,30,30,340091,202147,0.32,0.19,137944,40.56,/home/santhosh/Desktop/audio-compressed-zips/LIDO_en0707.zip
LIDO_en1001.zip,compressed,24,24,235291,198675,0.22,0.19,36616,15.56,/home/santhosh/Desktop/audio-compressed-zips/LIDO_en1001.zip
LIDO_en1103.zip,compressed,40,40,355118,200972,0.34,0.19,154146,43.41,/home/santhosh/Desktop/audio-compressed-zips/LIDO_en1103.zip
LIDO_en1300.zip,compressed,60,60,319887,200948,0.31,0.19,118939,37.18,/home/santhosh/Desktop/audio-compressed-zips/LIDO_en1300.zip
LIDO_en1400.zip,compressed,43,43,290349,199072,0.28,0.19,91277,31.44,/home/santhosh/Desktop/audio-compressed-zips/LIDO_en1400.zip
LIDO_en1402.zip,compressed,61,61,302096,198758,0.29,0.19,103338,34.21,/home/santhosh/Desktop/audio-compressed-zips/LIDO_en1402.zip
LIDO_en1803.zip,compressed,46,46,361338,196989,0.34,0.19,164349,45.48,/home/santhosh/Desktop/audio-compressed-zips/LIDO_en1803.zip
LIDO_en3603.zip,compressed,30,30,456154,195480,0.44,0.19,260674,57.15,/home/santhosh/Desktop/audio-compressed-zips/LIDO_en3603.zip
LIDO_en3901.zip,compressed,20,20,223045,199144,0.21,0.19,23901,10.72,/home/santhosh/Desktop/audio-compressed-zips/LIDO_en3901.zip
LIDO_en3907.zip,compressed,28,28,243440,203781,0.23,0.19,39659,16.29,/home/santhosh/Desktop/audio-compressed-zips/LIDO_en3907.zip
LIDO_en_5029.zip,compressed,9,9,207441,196862,0.2,0.19,10579,5.1,/home/santhosh/Desktop/audio-compressed-zips/LIDO_en_5029.zip
LIDO_en_5033.zip,compressed,11,11,213927,201000,0.2,0.19,12927,6.04,/home/santhosh/Desktop/audio-compressed-zips/LIDO_en_5033.zip
LIDO_en_5122.zip,compressed,31,31,282683,200472,0.27,0.19,82211,29.08,/home/santhosh/Desktop/audio-compressed-zips/LIDO_en_5122.zip
LIDO_hi0007.zip,compressed,7,7,266421,202423,0.25,0.19,63998,24.02,/home/santhosh/Desktop/audio-compressed-zips/LIDO_hi0007.zip
LIDO_kn2_0608.zip,compressed,15,15,210555,197008,0.2,0.19,13547,6.43,/home/santhosh/Desktop/audio-compressed-zips/LIDO_kn2_0608.zip
LIDO_maths1505_kn.zip,compressed,23,23,271286,200417,0.26,0.19,70869,26.12,/home/santhosh/Desktop/audio-compressed-zips/LIDO_maths1505_kn.zip
LIDO_maths2506_en.zip,compressed,22,22,262978,194832,0.25,0.19,68146,25.91,/home/santhosh/Desktop/audio-compressed-zips/LIDO_maths2506_en.zip
LIDO_maths2506_kn.zip,compressed,22,22,269226,199405,0.26,0.19,69821,25.93,/home/santhosh/Desktop/audio-compressed-zips/LIDO_maths2506_kn.zip
LIDO_maths2507_en.zip,compressed,23,23,263120,195330,0.25,0.19,67790,25.76,/home/santhosh/Desktop/audio-compressed-zips/LIDO_maths2507_en.zip
LIDO_maths2507_hi.zip,compressed,21,21,258317,194743,0.25,0.19,63574,24.61,/home/santhosh/Desktop/audio-compressed-zips/LIDO_maths2507_hi.zip
LIDO_maths2507_kn.zip,compressed,22,22,262372,198125,0.25,0.19,64247,24.49,/home/santhosh/Desktop/audio-compressed-zips/LIDO_maths2507_kn.zip
LIDO_maths2508_hi.zip,compressed,21,21,256724,194386,0.24,0.19,62338,24.28,/home/santhosh/Desktop/audio-compressed-zips/LIDO_maths2508_hi.zip
LIDO_maths2508_kn.zip,compressed,24,24,272525,202782,0.26,0.19,69743,25.59,/home/santhosh/Desktop/audio-compressed-zips/LIDO_maths2508_kn.zip
LIDO_maths2509_en.zip,compressed,23,23,266450,196909,0.25,0.19,69541,26.1,/home/santhosh/Desktop/audio-compressed-zips/LIDO_maths2509_en.zip
LIDO_maths2509_hi.zip,compressed,21,21,259705,194838,0.25,0.19,64867,24.98,/home/santhosh/Desktop/audio-compressed-zips/LIDO_maths2509_hi.zip
LIDO_maths2509_kn.zip,compressed,23,23,270166,200995,0.26,0.19,69171,25.6,/home/santhosh/Desktop/audio-compressed-zips/LIDO_maths2509_kn.zip
LIDO_maths2609_hi.zip,compressed,21,21,257568,194523,0.25,0.19,63045,24.48,/home/santhosh/Desktop/audio-compressed-zips/LIDO_maths2609_hi.zip
LIDO_maths2609_kn.zip,compressed,22,22,263372,197579,0.25,0.19,65793,24.98,/home/santhosh/Desktop/audio-compressed-zips/LIDO_maths2609_kn.zip
pwc_0034.zip,compressed,30,30,334901,200603,0.32,0.19,134298,40.1,/home/santhosh/Desktop/audio-compressed-zips/pwc_0034.zip
LIDO_en1202.zip,compressed,60,60,386181,208292,0.37,0.2,177889,46.06,/home/santhosh/Desktop/audio-compressed-zips/LIDO_en1202.zip
LIDO_en1303.zip,compressed,52,52,338412,205177,0.32,0.2,133235,39.37,/home/santhosh/Desktop/audio-compressed-zips/LIDO_en1303.zip
LIDO_en1305.zip,compressed,54,54,390532,210675,0.37,0.2,179857,46.05,/home/santhosh/Desktop/audio-compressed-zips/LIDO_en1305.zip
LIDO_en1502.zip,compressed,64,64,320550,209792,0.31,0.2,110758,34.55,/home/santhosh/Desktop/audio-compressed-zips/LIDO_en1502.zip
LIDO_en1505.zip,compressed,44,44,312909,211116,0.3,0.2,101793,32.53,/home/santhosh/Desktop/audio-compressed-zips/LIDO_en1505.zip
LIDO_en1600.zip,compressed,53,53,404080,210633,0.39,0.2,193447,47.87,/home/santhosh/Desktop/audio-compressed-zips/LIDO_en1600.zip
LIDO_en_5031.zip,compressed,11,11,222095,209259,0.21,0.2,12836,5.78,/home/santhosh/Desktop/audio-compressed-zips/LIDO_en_5031.zip
LIDO_en_5065.zip,compressed,8,8,223827,214411,0.21,0.2,9416,4.21,/home/santhosh/Desktop/audio-compressed-zips/LIDO_en_5065.zip
LIDO_en_5121.zip,compressed,35,35,300637,211404,0.29,0.2,89233,29.68,/home/santhosh/Desktop/audio-compressed-zips/LIDO_en_5121.zip
LIDO_en_5124.zip,compressed,34,34,293739,208570,0.28,0.2,85169,28.99,/home/santhosh/Desktop/audio-compressed-zips/LIDO_en_5124.zip
LIDO_en_5125.zip,compressed,33,33,292223,205519,0.28,0.2,86704,29.67,/home/santhosh/Desktop/audio-compressed-zips/LIDO_en_5125.zip
LIDO_hi0012.zip,compressed,7,7,306900,204767,0.29,0.2,102133,33.28,/home/santhosh/Desktop/audio-compressed-zips/LIDO_hi0012.zip
LIDO_hi0112.zip,compressed,8,8,273436,208002,0.26,0.2,65434,23.93,/home/santhosh/Desktop/audio-compressed-zips/LIDO_hi0112.zip
LIDO_hi0133.zip,compressed,7,7,273960,208135,0.26,0.2,65825,24.03,/home/santhosh/Desktop/audio-compressed-zips/LIDO_hi0133.zip
LIDO_hi0402.zip,compressed,20,20,350746,209065,0.33,0.2,141681,40.39,/home/santhosh/Desktop/audio-compressed-zips/LIDO_hi0402.zip
LIDO_hi0512.zip,compressed,13,13,296499,206270,0.28,0.2,90229,30.43,/home/santhosh/Desktop/audio-compressed-zips/LIDO_hi0512.zip
LIDO_hi1_PreQuiz.zip,compressed,59,59,589511,204919,0.56,0.2,384592,65.24,/home/santhosh/Desktop/audio-compressed-zips/LIDO_hi1_PreQuiz.zip
LIDO_hi_3606.zip,compressed,6,6,244270,208441,0.23,0.2,35829,14.67,/home/santhosh/Desktop/audio-compressed-zips/LIDO_hi_3606.zip
LIDO_hi_3616.zip,compressed,21,21,350162,214942,0.33,0.2,135220,38.62,/home/santhosh/Desktop/audio-compressed-zips/LIDO_hi_3616.zip
LIDO_hi_4006.zip,compressed,26,26,380520,208574,0.36,0.2,171946,45.19,/home/santhosh/Desktop/audio-compressed-zips/LIDO_hi_4006.zip
LIDO_kn0208.zip,compressed,15,15,299129,211798,0.29,0.2,87331,29.2,/home/santhosh/Desktop/audio-compressed-zips/LIDO_kn0208.zip
LIDO_kn1902.zip,compressed,23,23,231633,210815,0.22,0.2,20818,8.99,/home/santhosh/Desktop/audio-compressed-zips/LIDO_kn1902.zip
LIDO_kn2101.zip,compressed,29,29,239287,212784,0.23,0.2,26503,11.08,/home/santhosh/Desktop/audio-compressed-zips/LIDO_kn2101.zip
LIDO_kn3101.zip,compressed,30,30,251121,210635,0.24,0.2,40486,16.12,/home/santhosh/Desktop/audio-compressed-zips/LIDO_kn3101.zip
LIDO_kn3503.zip,compressed,31,31,256192,211186,0.24,0.2,45006,17.57,/home/santhosh/Desktop/audio-compressed-zips/LIDO_kn3503.zip
LIDO_maths1801_en.zip,compressed,62,62,386239,211038,0.37,0.2,175201,45.36,/home/santhosh/Desktop/audio-compressed-zips/LIDO_maths1801_en.zip
LIDO_maths1801_hi.zip,compressed,60,60,541848,206928,0.52,0.2,334920,61.81,/home/santhosh/Desktop/audio-compressed-zips/LIDO_maths1801_hi.zip
LIDO_maths1802_en.zip,compressed,63,63,380921,210770,0.36,0.2,170151,44.67,/home/santhosh/Desktop/audio-compressed-zips/LIDO_maths1802_en.zip
LIDO_maths1802_hi.zip,compressed,57,57,574368,205308,0.55,0.2,369060,64.25,/home/santhosh/Desktop/audio-compressed-zips/LIDO_maths1802_hi.zip
LIDO_en0200.zip,compressed,11,11,236527,222243,0.23,0.21,14284,6.04,/home/santhosh/Desktop/audio-compressed-zips/LIDO_en0200.zip
LIDO_en1000.zip,compressed,35,35,286063,224586,0.27,0.21,61477,21.49,/home/santhosh/Desktop/audio-compressed-zips/LIDO_en1000.zip
LIDO_en1306.zip,compressed,56,56,376785,217299,0.36,0.21,159486,42.33,/home/santhosh/Desktop/audio-compressed-zips/LIDO_en1306.zip
LIDO_en1800.zip,compressed,48,48,331477,216992,0.32,0.21,114485,34.54,/home/santhosh/Desktop/audio-compressed-zips/LIDO_en1800.zip
LIDO_en3906.zip,compressed,24,24,253969,219111,0.24,0.21,34858,13.73,/home/santhosh/Desktop/audio-compressed-zips/LIDO_en3906.zip
LIDO_en_5001.zip,compressed,5,5,221908,216035,0.21,0.21,5873,2.65,/home/santhosh/Desktop/audio-compressed-zips/LIDO_en_5001.zip
LIDO_en_5100.zip,compressed,23,23,295049,223095,0.28,0.21,71954,24.39,/home/santhosh/Desktop/audio-compressed-zips/LIDO_en_5100.zip
LIDO_en_5123.zip,compressed,37,37,303539,216215,0.29,0.21,87324,28.77,/home/santhosh/Desktop/audio-compressed-zips/LIDO_en_5123.zip
LIDO_hi0008.zip,compressed,7,7,265831,222478,0.25,0.21,43353,16.31,/home/santhosh/Desktop/audio-compressed-zips/LIDO_hi0008.zip
LIDO_hi0116.zip,compressed,7,7,309887,220371,0.3,0.21,89516,28.89,/home/santhosh/Desktop/audio-compressed-zips/LIDO_hi0116.zip
LIDO_hi0136.zip,compressed,8,8,317128,218373,0.3,0.21,98755,31.14,/home/santhosh/Desktop/audio-compressed-zips/LIDO_hi0136.zip
LIDO_hi0401.zip,compressed,23,23,365148,221559,0.35,0.21,143589,39.32,/home/santhosh/Desktop/audio-compressed-zips/LIDO_hi0401.zip
LIDO_hi0900.zip,compressed,78,78,615642,215718,0.59,0.21,399924,64.96,/home/santhosh/Desktop/audio-compressed-zips/LIDO_hi0900.zip
LIDO_hi0907.zip,compressed,14,14,332961,219776,0.32,0.21,113185,33.99,/home/santhosh/Desktop/audio-compressed-zips/LIDO_hi0907.zip
LIDO_hi_3620.zip,compressed,6,6,246821,220379,0.24,0.21,26442,10.71,/home/santhosh/Desktop/audio-compressed-zips/LIDO_hi_3620.zip
LIDO_kn2302.zip,compressed,23,23,247946,220372,0.24,0.21,27574,11.12,/home/santhosh/Desktop/audio-compressed-zips/LIDO_kn2302.zip
LIDO_kn2400.zip,compressed,95,95,358840,222149,0.34,0.21,136691,38.09,/home/santhosh/Desktop/audio-compressed-zips/LIDO_kn2400.zip
LIDO_kn2605.zip,compressed,17,17,235821,216975,0.22,0.21,18846,7.99,/home/santhosh/Desktop/audio-compressed-zips/LIDO_kn2605.zip
LIDO_kn2_0505.zip,compressed,16,16,301060,217178,0.29,0.21,83882,27.86,/home/santhosh/Desktop/audio-compressed-zips/LIDO_kn2_0505.zip
LIDO_maths1707_hi.zip,compressed,30,30,636577,224828,0.61,0.21,411749,64.68,/home/santhosh/Desktop/audio-compressed-zips/LIDO_maths1707_hi.zip
LIDO_puzzle0001.zip,unchanged (compression gave no saving),0,0,222892,222892,0.21,0.21,0,0,/home/santhosh/Desktop/audio-compressed-zips/LIDO_puzzle0001.zip
LIDO_puzzle0007.zip,unchanged (compression gave no saving),0,0,218879,218879,0.21,0.21,0,0,/home/santhosh/Desktop/audio-compressed-zips/LIDO_puzzle0007.zip
LIDO_en0006.zip,compressed,6,6,240264,233045,0.23,0.22,7219,3,/home/santhosh/Desktop/audio-compressed-zips/LIDO_en0006.zip
LIDO_en0101.zip,compressed,11,11,240078,225662,0.23,0.22,14416,6,/home/santhosh/Desktop/audio-compressed-zips/LIDO_en0101.zip
LIDO_en0201.zip,compressed,10,10,240069,226128,0.23,0.22,13941,5.81,/home/santhosh/Desktop/audio-compressed-zips/LIDO_en0201.zip
LIDO_en1501.zip,compressed,61,61,399559,227447,0.38,0.22,172112,43.08,/home/santhosh/Desktop/audio-compressed-zips/LIDO_en1501.zip
LIDO_en1604.zip,compressed,58,58,464312,228611,0.44,0.22,235701,50.76,/home/santhosh/Desktop/audio-compressed-zips/LIDO_en1604.zip
LIDO_en3606.zip,compressed,6,6,283942,226756,0.27,0.22,57186,20.14,/home/santhosh/Desktop/audio-compressed-zips/LIDO_en3606.zip
LIDO_en3620.zip,compressed,6,6,265423,229319,0.25,0.22,36104,13.6,/home/santhosh/Desktop/audio-compressed-zips/LIDO_en3620.zip
LIDO_en3702.zip,compressed,22,22,265834,235342,0.25,0.22,30492,11.47,/home/santhosh/Desktop/audio-compressed-zips/LIDO_en3702.zip
LIDO_en3902.zip,compressed,21,21,262613,234764,0.25,0.22,27849,10.6,/home/santhosh/Desktop/audio-compressed-zips/LIDO_en3902.zip
LIDO_en3903.zip,compressed,20,20,254271,228497,0.24,0.22,25774,10.14,/home/santhosh/Desktop/audio-compressed-zips/LIDO_en3903.zip
LIDO_en_5014.zip,compressed,6,6,238593,230812,0.23,0.22,7781,3.26,/home/santhosh/Desktop/audio-compressed-zips/LIDO_en_5014.zip
LIDO_en_5024.zip,compressed,7,7,238463,230162,0.23,0.22,8301,3.48,/home/santhosh/Desktop/audio-compressed-zips/LIDO_en_5024.zip
LIDO_hi0100.zip,compressed,7,7,277378,235339,0.26,0.22,42039,15.16,/home/santhosh/Desktop/audio-compressed-zips/LIDO_hi0100.zip
LIDO_hi0134.zip,compressed,8,8,322764,235516,0.31,0.22,87248,27.03,/home/santhosh/Desktop/audio-compressed-zips/LIDO_hi0134.zip
LIDO_hi0135.zip,compressed,8,8,325205,228615,0.31,0.22,96590,29.7,/home/santhosh/Desktop/audio-compressed-zips/LIDO_hi0135.zip
LIDO_hi0306.zip,compressed,27,27,384105,230759,0.37,0.22,153346,39.92,/home/santhosh/Desktop/audio-compressed-zips/LIDO_hi0306.zip
LIDO_hi0510.zip,compressed,16,16,360712,226754,0.34,0.22,133958,37.14,/home/santhosh/Desktop/audio-compressed-zips/LIDO_hi0510.zip
LIDO_hi1200.zip,compressed,19,19,382288,226243,0.36,0.22,156045,40.82,/home/santhosh/Desktop/audio-compressed-zips/LIDO_hi1200.zip
LIDO_maths1707_en.zip,compressed,30,30,672778,226979,0.64,0.22,445799,66.26,/home/santhosh/Desktop/audio-compressed-zips/LIDO_maths1707_en.zip
LIDO_maths1707_kn.zip,compressed,29,29,1518209,231983,1.45,0.22,1286226,84.72,/home/santhosh/Desktop/audio-compressed-zips/LIDO_maths1707_kn.zip
LIDO_puzzle0004.zip,unchanged (compression gave no saving),0,0,230849,230849,0.22,0.22,0,0,/home/santhosh/Desktop/audio-compressed-zips/LIDO_puzzle0004.zip
pwc_0035.zip,compressed,35,35,379732,229503,0.36,0.22,150229,39.56,/home/santhosh/Desktop/audio-compressed-zips/pwc_0035.zip
HI_HA_0055.zip,compressed,14,14,794776,240715,0.76,0.23,554061,69.71,/home/santhosh/Desktop/audio-compressed-zips/HI_HA_0055.zip
LIDO_en0000.zip,compressed,8,8,251690,237699,0.24,0.23,13991,5.56,/home/santhosh/Desktop/audio-compressed-zips/LIDO_en0000.zip
LIDO_en0106.zip,compressed,12,12,259873,245245,0.25,0.23,14628,5.63,/home/santhosh/Desktop/audio-compressed-zips/LIDO_en0106.zip
LIDO_en0204.zip,compressed,11,11,256022,241639,0.24,0.23,14383,5.62,/home/santhosh/Desktop/audio-compressed-zips/LIDO_en0204.zip
LIDO_en0302.zip,compressed,10,10,257028,242963,0.25,0.23,14065,5.47,/home/santhosh/Desktop/audio-compressed-zips/LIDO_en0302.zip
LIDO_en1004.zip,compressed,67,67,427177,238356,0.41,0.23,188821,44.2,/home/santhosh/Desktop/audio-compressed-zips/LIDO_en1004.zip
LIDO_en1203.zip,compressed,32,32,308182,239341,0.29,0.23,68841,22.34,/home/santhosh/Desktop/audio-compressed-zips/LIDO_en1203.zip
LIDO_en1302.zip,compressed,72,72,426330,239219,0.41,0.23,187111,43.89,/home/santhosh/Desktop/audio-compressed-zips/LIDO_en1302.zip
LIDO_en1307.zip,compressed,57,57,390348,245678,0.37,0.23,144670,37.06,/home/santhosh/Desktop/audio-compressed-zips/LIDO_en1307.zip
LIDO_en1401.zip,compressed,76,76,392892,236465,0.37,0.23,156427,39.81,/home/santhosh/Desktop/audio-compressed-zips/LIDO_en1401.zip
LIDO_en1611.zip,compressed,58,58,415949,240938,0.4,0.23,175011,42.08,/home/santhosh/Desktop/audio-compressed-zips/LIDO_en1611.zip
LIDO_en1709.zip,compressed,29,29,331721,242473,0.32,0.23,89248,26.9,/home/santhosh/Desktop/audio-compressed-zips/LIDO_en1709.zip
LIDO_en3900.zip,compressed,22,22,269385,243848,0.26,0.23,25537,9.48,/home/santhosh/Desktop/audio-compressed-zips/LIDO_en3900.zip
LIDO_en_5018.zip,compressed,6,6,251762,245076,0.24,0.23,6686,2.66,/home/santhosh/Desktop/audio-compressed-zips/LIDO_en_5018.zip
LIDO_en_5045.zip,compressed,9,9,252178,240306,0.24,0.23,11872,4.71,/home/santhosh/Desktop/audio-compressed-zips/LIDO_en_5045.zip
LIDO_en_5107.zip,compressed,35,35,338336,240072,0.32,0.23,98264,29.04,/home/santhosh/Desktop/audio-compressed-zips/LIDO_en_5107.zip
LIDO_hi0807.zip,compressed,15,15,371344,244436,0.35,0.23,126908,34.18,/home/santhosh/Desktop/audio-compressed-zips/LIDO_hi0807.zip
LIDO_hi0809.zip,compressed,27,27,431599,236475,0.41,0.23,195124,45.21,/home/santhosh/Desktop/audio-compressed-zips/LIDO_hi0809.zip
LIDO_hi0906.zip,compressed,15,15,350809,243049,0.33,0.23,107760,30.72,/home/santhosh/Desktop/audio-compressed-zips/LIDO_hi0906.zip
LIDO_hi_3419.zip,compressed,12,12,298624,238732,0.28,0.23,59892,20.06,/home/santhosh/Desktop/audio-compressed-zips/LIDO_hi_3419.zip
LIDO_hi_3617.zip,compressed,20,20,369564,240348,0.35,0.23,129216,34.96,/home/santhosh/Desktop/audio-compressed-zips/LIDO_hi_3617.zip
LIDO_hi_3621.zip,compressed,6,6,273103,244035,0.26,0.23,29068,10.64,/home/santhosh/Desktop/audio-compressed-zips/LIDO_hi_3621.zip
LIDO_hi_3622.zip,compressed,6,6,289541,241463,0.28,0.23,48078,16.6,/home/santhosh/Desktop/audio-compressed-zips/LIDO_hi_3622.zip
LIDO_kn1503.zip,compressed,11,11,253730,244444,0.24,0.23,9286,3.66,/home/santhosh/Desktop/audio-compressed-zips/LIDO_kn1503.zip
LIDO_kn2401.zip,compressed,10,10,251621,238448,0.24,0.23,13173,5.24,/home/santhosh/Desktop/audio-compressed-zips/LIDO_kn2401.zip
LIDO_kn2905.zip,compressed,3,3,255066,242689,0.24,0.23,12377,4.85,/home/santhosh/Desktop/audio-compressed-zips/LIDO_kn2905.zip
LIDO_kn2_0313.zip,compressed,11,11,252911,243221,0.24,0.23,9690,3.83,/home/santhosh/Desktop/audio-compressed-zips/LIDO_kn2_0313.zip
LIDO_kn2_1500.zip,compressed,6,6,245764,237370,0.23,0.23,8394,3.42,/home/santhosh/Desktop/audio-compressed-zips/LIDO_kn2_1500.zip
LIDO_maths0800_en.zip,compressed,63,63,387819,239348,0.37,0.23,148471,38.28,/home/santhosh/Desktop/audio-compressed-zips/LIDO_maths0800_en.zip
LIDO_maths1605_en.zip,compressed,50,50,728302,245646,0.69,0.23,482656,66.27,/home/santhosh/Desktop/audio-compressed-zips/LIDO_maths1605_en.zip
LIDO_maths1605_hi.zip,compressed,50,50,676301,243777,0.64,0.23,432524,63.95,/home/santhosh/Desktop/audio-compressed-zips/LIDO_maths1605_hi.zip
LIDO_en0803.zip,compressed,61,61,496830,255087,0.47,0.24,241743,48.66,/home/santhosh/Desktop/audio-compressed-zips/LIDO_en0803.zip
LIDO_en_5005.zip,compressed,8,8,265227,253024,0.25,0.24,12203,4.6,/home/santhosh/Desktop/audio-compressed-zips/LIDO_en_5005.zip
LIDO_en_5028.zip,compressed,7,7,258948,251328,0.25,0.24,7620,2.94,/home/santhosh/Desktop/audio-compressed-zips/LIDO_en_5028.zip
LIDO_en_5061.zip,compressed,9,9,257762,246844,0.25,0.24,10918,4.24,/home/santhosh/Desktop/audio-compressed-zips/LIDO_en_5061.zip
LIDO_en_5066.zip,compressed,11,11,267167,254330,0.25,0.24,12837,4.8,/home/santhosh/Desktop/audio-compressed-zips/LIDO_en_5066.zip
LIDO_en_5108.zip,compressed,43,43,388129,252963,0.37,0.24,135166,34.83,/home/santhosh/Desktop/audio-compressed-zips/LIDO_en_5108.zip
LIDO_hi0511.zip,compressed,20,20,389260,254910,0.37,0.24,134350,34.51,/home/santhosh/Desktop/audio-compressed-zips/LIDO_hi0511.zip
LIDO_hi0903.zip,compressed,24,24,449093,254336,0.43,0.24,194757,43.37,/home/santhosh/Desktop/audio-compressed-zips/LIDO_hi0903.zip
LIDO_hi0908.zip,compressed,16,16,367053,249139,0.35,0.24,117914,32.12,/home/santhosh/Desktop/audio-compressed-zips/LIDO_hi0908.zip
LIDO_hi1106.zip,compressed,50,50,763638,251853,0.73,0.24,511785,67.02,/home/santhosh/Desktop/audio-compressed-zips/LIDO_hi1106.zip
LIDO_kn2808.zip,compressed,23,23,290751,246564,0.28,0.24,44187,15.2,/home/santhosh/Desktop/audio-compressed-zips/LIDO_kn2808.zip
LIDO_kn2_0318.zip,compressed,12,12,325461,254599,0.31,0.24,70862,21.77,/home/santhosh/Desktop/audio-compressed-zips/LIDO_kn2_0318.zip
LIDO_kn2_1306.zip,compressed,27,27,276531,250353,0.26,0.24,26178,9.47,/home/santhosh/Desktop/audio-compressed-zips/LIDO_kn2_1306.zip
LIDO_kn2_1605.zip,compressed,21,21,282907,252861,0.27,0.24,30046,10.62,/home/santhosh/Desktop/audio-compressed-zips/LIDO_kn2_1605.zip
LIDO_kn3706.zip,compressed,24,24,277671,251096,0.26,0.24,26575,9.57,/home/santhosh/Desktop/audio-compressed-zips/LIDO_kn3706.zip
LIDO_kn3805.zip,compressed,12,12,318916,251766,0.3,0.24,67150,21.06,/home/santhosh/Desktop/audio-compressed-zips/LIDO_kn3805.zip
LIDO_kn4105.zip,compressed,13,13,367816,249813,0.35,0.24,118003,32.08,/home/santhosh/Desktop/audio-compressed-zips/LIDO_kn4105.zip
LIDO_maths0100_en.zip,compressed,5,5,259860,254909,0.25,0.24,4951,1.91,/home/santhosh/Desktop/audio-compressed-zips/LIDO_maths0100_en.zip
LIDO_maths0100_hi.zip,compressed,5,5,259632,255443,0.25,0.24,4189,1.61,/home/santhosh/Desktop/audio-compressed-zips/LIDO_maths0100_hi.zip
LIDO_maths0100_kn.zip,compressed,5,5,262603,256375,0.25,0.24,6228,2.37,/home/santhosh/Desktop/audio-compressed-zips/LIDO_maths0100_kn.zip
LIDO_maths0403_kn.zip,compressed,7,7,273771,252910,0.26,0.24,20861,7.62,/home/santhosh/Desktop/audio-compressed-zips/LIDO_maths0403_kn.zip
LIDO_maths0800_hi.zip,compressed,66,66,697732,255405,0.67,0.24,442327,63.39,/home/santhosh/Desktop/audio-compressed-zips/LIDO_maths0800_hi.zip
LIDO_maths1906_en.zip,compressed,52,52,760035,254250,0.72,0.24,505785,66.55,/home/santhosh/Desktop/audio-compressed-zips/LIDO_maths1906_en.zip
LIDO_puzzle0012.zip,unchanged (compression gave no saving),0,0,247897,247897,0.24,0.24,0,0,/home/santhosh/Desktop/audio-compressed-zips/LIDO_puzzle0012.zip
pwc_0010.zip,compressed,51,51,419594,250317,0.4,0.24,169277,40.34,/home/santhosh/Desktop/audio-compressed-zips/pwc_0010.zip
pwc_0012.zip,compressed,67,67,425236,250389,0.41,0.24,174847,41.12,/home/santhosh/Desktop/audio-compressed-zips/pwc_0012.zip
LIDO_en0005.zip,compressed,10,10,280240,266810,0.27,0.25,13430,4.79,/home/santhosh/Desktop/audio-compressed-zips/LIDO_en0005.zip
LIDO_en0207.zip,compressed,19,19,284968,258662,0.27,0.25,26306,9.23,/home/santhosh/Desktop/audio-compressed-zips/LIDO_en0207.zip
LIDO_en1106.zip,compressed,64,64,481262,257424,0.46,0.25,223838,46.51,/home/santhosh/Desktop/audio-compressed-zips/LIDO_en1106.zip
LIDO_en1704.zip,compressed,35,35,343543,257538,0.33,0.25,86005,25.03,/home/santhosh/Desktop/audio-compressed-zips/LIDO_en1704.zip
LIDO_en3621.zip,compressed,6,6,301275,260148,0.29,0.25,41127,13.65,/home/santhosh/Desktop/audio-compressed-zips/LIDO_en3621.zip
LIDO_en3622.zip,compressed,6,6,317714,261668,0.3,0.25,56046,17.64,/home/santhosh/Desktop/audio-compressed-zips/LIDO_en3622.zip
LIDO_en_5055.zip,compressed,4,4,269837,264889,0.26,0.25,4948,1.83,/home/santhosh/Desktop/audio-compressed-zips/LIDO_en_5055.zip
LIDO_en_5057.zip,compressed,8,8,267242,257417,0.25,0.25,9825,3.68,/home/santhosh/Desktop/audio-compressed-zips/LIDO_en_5057.zip
LIDO_en_5062.zip,compressed,10,10,275625,263566,0.26,0.25,12059,4.38,/home/santhosh/Desktop/audio-compressed-zips/LIDO_en_5062.zip
LIDO_en_5068.zip,compressed,7,7,266223,258105,0.25,0.25,8118,3.05,/home/santhosh/Desktop/audio-compressed-zips/LIDO_en_5068.zip
LIDO_en_5114.zip,compressed,39,39,391264,257933,0.37,0.25,133331,34.08,/home/santhosh/Desktop/audio-compressed-zips/LIDO_en_5114.zip
LIDO_hi0001.zip,compressed,7,7,298423,260274,0.28,0.25,38149,12.78,/home/santhosh/Desktop/audio-compressed-zips/LIDO_hi0001.zip
LIDO_hi0005.zip,compressed,7,7,295517,262220,0.28,0.25,33297,11.27,/home/santhosh/Desktop/audio-compressed-zips/LIDO_hi0005.zip
LIDO_hi0109.zip,compressed,6,6,334610,260439,0.32,0.25,74171,22.17,/home/santhosh/Desktop/audio-compressed-zips/LIDO_hi0109.zip
LIDO_hi0111.zip,compressed,8,8,332783,261236,0.32,0.25,71547,21.5,/home/santhosh/Desktop/audio-compressed-zips/LIDO_hi0111.zip
LIDO_hi0125.zip,compressed,6,6,296090,267025,0.28,0.25,29065,9.82,/home/santhosh/Desktop/audio-compressed-zips/LIDO_hi0125.zip
LIDO_hi0130.zip,compressed,7,7,325782,260987,0.31,0.25,64795,19.89,/home/santhosh/Desktop/audio-compressed-zips/LIDO_hi0130.zip
LIDO_hi0304.zip,compressed,20,20,410022,260471,0.39,0.25,149551,36.47,/home/santhosh/Desktop/audio-compressed-zips/LIDO_hi0304.zip
LIDO_hi0305.zip,compressed,20,20,412375,258200,0.39,0.25,154175,37.39,/home/santhosh/Desktop/audio-compressed-zips/LIDO_hi0305.zip
LIDO_hi0803.zip,compressed,17,17,386487,264117,0.37,0.25,122370,31.66,/home/santhosh/Desktop/audio-compressed-zips/LIDO_hi0803.zip
LIDO_hi1001.zip,compressed,62,62,870135,266711,0.83,0.25,603424,69.35,/home/santhosh/Desktop/audio-compressed-zips/LIDO_hi1001.zip
LIDO_kn3205.zip,compressed,9,9,286018,264059,0.27,0.25,21959,7.68,/home/santhosh/Desktop/audio-compressed-zips/LIDO_kn3205.zip
LIDO_kn4505.zip,compressed,14,14,388128,266286,0.37,0.25,121842,31.39,/home/santhosh/Desktop/audio-compressed-zips/LIDO_kn4505.zip
LIDO_maths0301_en.zip,compressed,11,11,277228,265857,0.26,0.25,11371,4.1,/home/santhosh/Desktop/audio-compressed-zips/LIDO_maths0301_en.zip
LIDO_maths0301_hi.zip,compressed,11,11,277878,267223,0.27,0.25,10655,3.83,/home/santhosh/Desktop/audio-compressed-zips/LIDO_maths0301_hi.zip
LIDO_maths0403_en.zip,compressed,7,7,282751,257192,0.27,0.25,25559,9.04,/home/santhosh/Desktop/audio-compressed-zips/LIDO_maths0403_en.zip
LIDO_maths1605_kn.zip,compressed,50,50,730575,258870,0.7,0.25,471705,64.57,/home/santhosh/Desktop/audio-compressed-zips/LIDO_maths1605_kn.zip
LIDO_maths1804_en.zip,compressed,80,80,631459,266513,0.6,0.25,364946,57.79,/home/santhosh/Desktop/audio-compressed-zips/LIDO_maths1804_en.zip
LIDO_maths1804_hi.zip,compressed,80,80,597197,263603,0.57,0.25,333594,55.86,/home/santhosh/Desktop/audio-compressed-zips/LIDO_maths1804_hi.zip
LIDO_maths1906_hi.zip,compressed,52,52,738728,259173,0.7,0.25,479555,64.92,/home/santhosh/Desktop/audio-compressed-zips/LIDO_maths1906_hi.zip
pwc_0021.zip,compressed,70,70,426540,262868,0.41,0.25,163672,38.37,/home/santhosh/Desktop/audio-compressed-zips/pwc_0021.zip
LIDO_en0001.zip,compressed,11,11,284097,270059,0.27,0.26,14038,4.94,/home/santhosh/Desktop/audio-compressed-zips/LIDO_en0001.zip
LIDO_en0300.zip,compressed,10,10,288912,276068,0.28,0.26,12844,4.45,/home/santhosh/Desktop/audio-compressed-zips/LIDO_en0300.zip
LIDO_en0307.zip,compressed,26,26,310618,274396,0.3,0.26,36222,11.66,/home/santhosh/Desktop/audio-compressed-zips/LIDO_en0307.zip
LIDO_en0408.zip,compressed,26,26,311461,275239,0.3,0.26,36222,11.63,/home/santhosh/Desktop/audio-compressed-zips/LIDO_en0408.zip
LIDO_en1107.zip,compressed,41,41,398875,273660,0.38,0.26,125215,31.39,/home/santhosh/Desktop/audio-compressed-zips/LIDO_en1107.zip
LIDO_en1500.zip,compressed,58,58,477529,268498,0.46,0.26,209031,43.77,/home/santhosh/Desktop/audio-compressed-zips/LIDO_en1500.zip
LIDO_en3624.zip,compressed,26,26,594963,272595,0.57,0.26,322368,54.18,/home/santhosh/Desktop/audio-compressed-zips/LIDO_en3624.zip
LIDO_en_5056.zip,compressed,5,5,277239,271366,0.26,0.26,5873,2.12,/home/santhosh/Desktop/audio-compressed-zips/LIDO_en_5056.zip
LIDO_hi0200.zip,compressed,14,14,330896,274209,0.32,0.26,56687,17.13,/home/santhosh/Desktop/audio-compressed-zips/LIDO_hi0200.zip
LIDO_hi0301.zip,compressed,17,17,382505,268993,0.36,0.26,113512,29.68,/home/santhosh/Desktop/audio-compressed-zips/LIDO_hi0301.zip
LIDO_hi0607.zip,compressed,24,24,434092,270468,0.41,0.26,163624,37.69,/home/santhosh/Desktop/audio-compressed-zips/LIDO_hi0607.zip
LIDO_hi0808.zip,compressed,35,35,484480,276522,0.46,0.26,207958,42.92,/home/santhosh/Desktop/audio-compressed-zips/LIDO_hi0808.zip
LIDO_hi0909.zip,compressed,20,20,470473,269719,0.45,0.26,200754,42.67,/home/santhosh/Desktop/audio-compressed-zips/LIDO_hi0909.zip
LIDO_hi0911.zip,compressed,23,23,492450,277188,0.47,0.26,215262,43.71,/home/santhosh/Desktop/audio-compressed-zips/LIDO_hi0911.zip
LIDO_hi1202.zip,compressed,16,16,380472,272139,0.36,0.26,108333,28.47,/home/santhosh/Desktop/audio-compressed-zips/LIDO_hi1202.zip
LIDO_hi1607.zip,compressed,43,43,876573,269724,0.84,0.26,606849,69.23,/home/santhosh/Desktop/audio-compressed-zips/LIDO_hi1607.zip
LIDO_hi_2610.zip,compressed,35,35,468191,267431,0.45,0.26,200760,42.88,/home/santhosh/Desktop/audio-compressed-zips/LIDO_hi_2610.zip
LIDO_hi_3604.zip,compressed,25,25,465448,273670,0.44,0.26,191778,41.2,/home/santhosh/Desktop/audio-compressed-zips/LIDO_hi_3604.zip
LIDO_hi_4003.zip,compressed,30,30,439643,268245,0.42,0.26,171398,38.99,/home/santhosh/Desktop/audio-compressed-zips/LIDO_hi_4003.zip
LIDO_kn2103.zip,compressed,16,16,364268,277789,0.35,0.26,86479,23.74,/home/santhosh/Desktop/audio-compressed-zips/LIDO_kn2103.zip
LIDO_kn2406.zip,compressed,16,16,298713,274276,0.28,0.26,24437,8.18,/home/santhosh/Desktop/audio-compressed-zips/LIDO_kn2406.zip
LIDO_kn3301.zip,compressed,27,27,314335,273118,0.3,0.26,41217,13.11,/home/santhosh/Desktop/audio-compressed-zips/LIDO_kn3301.zip
LIDO_kn4609.zip,compressed,17,17,380681,276870,0.36,0.26,103811,27.27,/home/santhosh/Desktop/audio-compressed-zips/LIDO_kn4609.zip
LIDO_maths0300_en.zip,compressed,10,10,277921,267922,0.27,0.26,9999,3.6,/home/santhosh/Desktop/audio-compressed-zips/LIDO_maths0300_en.zip
LIDO_maths0300_hi.zip,compressed,10,10,278832,269365,0.27,0.26,9467,3.4,/home/santhosh/Desktop/audio-compressed-zips/LIDO_maths0300_hi.zip
LIDO_maths0300_kn.zip,compressed,10,10,283464,271136,0.27,0.26,12328,4.35,/home/santhosh/Desktop/audio-compressed-zips/LIDO_maths0300_kn.zip
LIDO_maths0301_kn.zip,compressed,11,11,282609,269128,0.27,0.26,13481,4.77,/home/santhosh/Desktop/audio-compressed-zips/LIDO_maths0301_kn.zip
LIDO_maths1800_kn.zip,compressed,52,52,505415,270052,0.48,0.26,235363,46.57,/home/santhosh/Desktop/audio-compressed-zips/LIDO_maths1800_kn.zip
LIDO_puzzle0003.zip,unchanged (compression gave no saving),0,0,270093,270093,0.26,0.26,0,0,/home/santhosh/Desktop/audio-compressed-zips/LIDO_puzzle0003.zip
LIDO_puzzle0005.zip,unchanged (compression gave no saving),0,0,277337,277337,0.26,0.26,0,0,/home/santhosh/Desktop/audio-compressed-zips/LIDO_puzzle0005.zip
LIDO_en0105.zip,compressed,12,12,294792,280230,0.28,0.27,14562,4.94,/home/santhosh/Desktop/audio-compressed-zips/LIDO_en0105.zip
LIDO_en0401.zip,compressed,9,9,300984,285892,0.29,0.27,15092,5.01,/home/santhosh/Desktop/audio-compressed-zips/LIDO_en0401.zip
LIDO_en1602.zip,compressed,65,65,535569,282943,0.51,0.27,252626,47.17,/home/santhosh/Desktop/audio-compressed-zips/LIDO_en1602.zip
LIDO_en1700.zip,compressed,38,38,463818,284461,0.44,0.27,179357,38.67,/home/santhosh/Desktop/audio-compressed-zips/LIDO_en1700.zip
LIDO_en_5030.zip,compressed,6,6,289603,281527,0.28,0.27,8076,2.79,/home/santhosh/Desktop/audio-compressed-zips/LIDO_en_5030.zip
LIDO_en_5067.zip,compressed,10,10,297320,284882,0.28,0.27,12438,4.18,/home/santhosh/Desktop/audio-compressed-zips/LIDO_en_5067.zip
LIDO_en_5120.zip,compressed,43,43,443303,284347,0.42,0.27,158956,35.86,/home/santhosh/Desktop/audio-compressed-zips/LIDO_en_5120.zip
LIDO_hi0000.zip,compressed,7,7,322437,280929,0.31,0.27,41508,12.87,/home/santhosh/Desktop/audio-compressed-zips/LIDO_hi0000.zip
LIDO_hi0006.zip,compressed,7,7,329446,285506,0.31,0.27,43940,13.34,/home/santhosh/Desktop/audio-compressed-zips/LIDO_hi0006.zip
LIDO_hi0009.zip,compressed,8,8,328476,286709,0.31,0.27,41767,12.72,/home/santhosh/Desktop/audio-compressed-zips/LIDO_hi0009.zip
LIDO_hi0129.zip,compressed,7,7,358546,286891,0.34,0.27,71655,19.98,/home/santhosh/Desktop/audio-compressed-zips/LIDO_hi0129.zip
LIDO_hi_3420.zip,compressed,6,6,333900,286813,0.32,0.27,47087,14.1,/home/santhosh/Desktop/audio-compressed-zips/LIDO_hi_3420.zip
LIDO_hi_3624.zip,compressed,31,31,563351,280843,0.54,0.27,282508,50.15,/home/santhosh/Desktop/audio-compressed-zips/LIDO_hi_3624.zip
LIDO_kn3701.zip,compressed,25,25,313944,282396,0.3,0.27,31548,10.05,/home/santhosh/Desktop/audio-compressed-zips/LIDO_kn3701.zip
LIDO_maths0702_en.zip,compressed,20,20,311522,284483,0.3,0.27,27039,8.68,/home/santhosh/Desktop/audio-compressed-zips/LIDO_maths0702_en.zip
LIDO_maths0702_hi.zip,compressed,20,20,309015,284712,0.29,0.27,24303,7.86,/home/santhosh/Desktop/audio-compressed-zips/LIDO_maths0702_hi.zip
LIDO_maths0704_en.zip,compressed,20,20,311577,284654,0.3,0.27,26923,8.64,/home/santhosh/Desktop/audio-compressed-zips/LIDO_maths0704_en.zip
LIDO_maths0704_hi.zip,compressed,20,20,315870,287779,0.3,0.27,28091,8.89,/home/santhosh/Desktop/audio-compressed-zips/LIDO_maths0704_hi.zip
LIDO_maths0706_en.zip,compressed,21,21,315607,287001,0.3,0.27,28606,9.06,/home/santhosh/Desktop/audio-compressed-zips/LIDO_maths0706_en.zip
LIDO_maths0706_hi.zip,compressed,21,21,315754,288266,0.3,0.27,27488,8.71,/home/santhosh/Desktop/audio-compressed-zips/LIDO_maths0706_hi.zip
LIDO_maths0708_en.zip,compressed,20,20,314474,286118,0.3,0.27,28356,9.02,/home/santhosh/Desktop/audio-compressed-zips/LIDO_maths0708_en.zip
LIDO_maths0708_hi.zip,compressed,20,20,308684,285255,0.29,0.27,23429,7.59,/home/santhosh/Desktop/audio-compressed-zips/LIDO_maths0708_hi.zip
LIDO_maths0710_en.zip,compressed,20,20,313404,285487,0.3,0.27,27917,8.91,/home/santhosh/Desktop/audio-compressed-zips/LIDO_maths0710_en.zip
LIDO_maths0710_hi.zip,compressed,20,20,314013,287984,0.3,0.27,26029,8.29,/home/santhosh/Desktop/audio-compressed-zips/LIDO_maths0710_hi.zip
LIDO_maths0712_en.zip,compressed,20,20,310140,283828,0.3,0.27,26312,8.48,/home/santhosh/Desktop/audio-compressed-zips/LIDO_maths0712_en.zip
LIDO_maths0712_hi.zip,compressed,20,20,310166,285640,0.3,0.27,24526,7.91,/home/santhosh/Desktop/audio-compressed-zips/LIDO_maths0712_hi.zip
LIDO_maths0714_en.zip,compressed,20,20,310495,284361,0.3,0.27,26134,8.42,/home/santhosh/Desktop/audio-compressed-zips/LIDO_maths0714_en.zip
LIDO_maths0800_kn.zip,compressed,62,62,459936,279824,0.44,0.27,180112,39.16,/home/santhosh/Desktop/audio-compressed-zips/LIDO_maths0800_kn.zip
LIDO_maths1803_hi.zip,compressed,81,81,618294,286289,0.59,0.27,332005,53.7,/home/santhosh/Desktop/audio-compressed-zips/LIDO_maths1803_hi.zip
LIDO_maths1906_kn.zip,compressed,52,52,896597,281182,0.86,0.27,615415,68.64,/home/santhosh/Desktop/audio-compressed-zips/LIDO_maths1906_kn.zip
LIDO_en0202.zip,compressed,13,13,306344,291205,0.29,0.28,15139,4.94,/home/santhosh/Desktop/audio-compressed-zips/LIDO_en0202.zip
LIDO_en0801.zip,compressed,56,56,583855,296023,0.56,0.28,287832,49.3,/home/santhosh/Desktop/audio-compressed-zips/LIDO_en0801.zip
LIDO_en1100.zip,compressed,28,28,353511,294337,0.34,0.28,59174,16.74,/home/santhosh/Desktop/audio-compressed-zips/LIDO_en1100.zip
LIDO_en1102.zip,compressed,69,69,439460,290821,0.42,0.28,148639,33.82,/home/santhosh/Desktop/audio-compressed-zips/LIDO_en1102.zip
LIDO_en1917.zip,compressed,9,9,321143,291633,0.31,0.28,29510,9.19,/home/santhosh/Desktop/audio-compressed-zips/LIDO_en1917.zip
LIDO_en_5112.zip,compressed,43,43,457721,296483,0.44,0.28,161238,35.23,/home/santhosh/Desktop/audio-compressed-zips/LIDO_en_5112.zip
LIDO_en_5117.zip,compressed,41,41,387028,288658,0.37,0.28,98370,25.42,/home/santhosh/Desktop/audio-compressed-zips/LIDO_en_5117.zip
LIDO_en_5118.zip,compressed,35,35,370329,289589,0.35,0.28,80740,21.8,/home/santhosh/Desktop/audio-compressed-zips/LIDO_en_5118.zip
LIDO_hi0117.zip,compressed,8,8,352913,297399,0.34,0.28,55514,15.73,/home/santhosh/Desktop/audio-compressed-zips/LIDO_hi0117.zip
LIDO_hi0201.zip,compressed,23,23,490179,290662,0.47,0.28,199517,40.7,/home/santhosh/Desktop/audio-compressed-zips/LIDO_hi0201.zip
LIDO_hi0202.zip,compressed,21,21,461687,288721,0.44,0.28,172966,37.46,/home/santhosh/Desktop/audio-compressed-zips/LIDO_hi0202.zip
LIDO_hi0303.zip,compressed,18,18,420687,295325,0.4,0.28,125362,29.8,/home/santhosh/Desktop/audio-compressed-zips/LIDO_hi0303.zip
LIDO_hi0504.zip,compressed,20,20,425860,296199,0.41,0.28,129661,30.45,/home/santhosh/Desktop/audio-compressed-zips/LIDO_hi0504.zip
LIDO_hi0708.zip,compressed,21,21,413329,291556,0.39,0.28,121773,29.46,/home/santhosh/Desktop/audio-compressed-zips/LIDO_hi0708.zip
LIDO_hi1201.zip,compressed,18,18,406110,289013,0.39,0.28,117097,28.83,/home/santhosh/Desktop/audio-compressed-zips/LIDO_hi1201.zip
LIDO_kn2210.zip,compressed,17,17,308461,290885,0.29,0.28,17576,5.7,/home/santhosh/Desktop/audio-compressed-zips/LIDO_kn2210.zip
LIDO_kn2402.zip,compressed,16,16,327821,293320,0.31,0.28,34501,10.52,/home/santhosh/Desktop/audio-compressed-zips/LIDO_kn2402.zip
LIDO_kn2710.zip,compressed,25,25,328688,289629,0.31,0.28,39059,11.88,/home/santhosh/Desktop/audio-compressed-zips/LIDO_kn2710.zip
LIDO_kn2800.zip,compressed,19,19,307784,291065,0.29,0.28,16719,5.43,/home/santhosh/Desktop/audio-compressed-zips/LIDO_kn2800.zip
LIDO_kn2805.zip,compressed,32,32,328114,289800,0.31,0.28,38314,11.68,/home/santhosh/Desktop/audio-compressed-zips/LIDO_kn2805.zip
LIDO_kn3007.zip,compressed,19,19,315721,289011,0.3,0.28,26710,8.46,/home/santhosh/Desktop/audio-compressed-zips/LIDO_kn3007.zip
LIDO_kn3201.zip,compressed,22,22,312962,289843,0.3,0.28,23119,7.39,/home/santhosh/Desktop/audio-compressed-zips/LIDO_kn3201.zip
LIDO_kn3602.zip,compressed,17,17,318360,294790,0.3,0.28,23570,7.4,/home/santhosh/Desktop/audio-compressed-zips/LIDO_kn3602.zip
LIDO_maths0700_en.zip,compressed,23,23,320964,290505,0.31,0.28,30459,9.49,/home/santhosh/Desktop/audio-compressed-zips/LIDO_maths0700_en.zip
LIDO_maths0700_hi.zip,compressed,23,23,323538,292591,0.31,0.28,30947,9.57,/home/santhosh/Desktop/audio-compressed-zips/LIDO_maths0700_hi.zip
LIDO_maths0700_kn.zip,compressed,23,23,334099,298205,0.32,0.28,35894,10.74,/home/santhosh/Desktop/audio-compressed-zips/LIDO_maths0700_kn.zip
LIDO_maths0702_kn.zip,compressed,20,20,323870,291894,0.31,0.28,31976,9.87,/home/santhosh/Desktop/audio-compressed-zips/LIDO_maths0702_kn.zip
LIDO_maths0704_kn.zip,compressed,20,20,324772,292607,0.31,0.28,32165,9.9,/home/santhosh/Desktop/audio-compressed-zips/LIDO_maths0704_kn.zip
LIDO_maths0706_kn.zip,compressed,21,21,326530,293654,0.31,0.28,32876,10.07,/home/santhosh/Desktop/audio-compressed-zips/LIDO_maths0706_kn.zip
LIDO_maths0708_kn.zip,compressed,20,20,323189,291460,0.31,0.28,31729,9.82,/home/santhosh/Desktop/audio-compressed-zips/LIDO_maths0708_kn.zip
LIDO_maths0710_kn.zip,compressed,20,20,322427,291054,0.31,0.28,31373,9.73,/home/santhosh/Desktop/audio-compressed-zips/LIDO_maths0710_kn.zip
LIDO_maths0712_kn.zip,compressed,20,20,323521,291641,0.31,0.28,31880,9.85,/home/santhosh/Desktop/audio-compressed-zips/LIDO_maths0712_kn.zip
LIDO_maths0714_hi.zip,compressed,20,20,318127,289051,0.3,0.28,29076,9.14,/home/santhosh/Desktop/audio-compressed-zips/LIDO_maths0714_hi.zip
LIDO_maths0714_kn.zip,compressed,20,20,323351,291502,0.31,0.28,31849,9.85,/home/santhosh/Desktop/audio-compressed-zips/LIDO_maths0714_kn.zip
LIDO_maths1803_en.zip,compressed,81,81,662810,291445,0.63,0.28,371365,56.03,/home/santhosh/Desktop/audio-compressed-zips/LIDO_maths1803_en.zip
LIDO_maths1804_kn.zip,compressed,80,80,771052,297811,0.74,0.28,473241,61.38,/home/santhosh/Desktop/audio-compressed-zips/LIDO_maths1804_kn.zip
LIDO_maths3004_hi.zip,compressed,30,30,547781,297909,0.52,0.28,249872,45.62,/home/santhosh/Desktop/audio-compressed-zips/LIDO_maths3004_hi.zip
LIDO_pictureboard0000.zip,compressed,1,1,296592,294909,0.28,0.28,1683,0.57,/home/santhosh/Desktop/audio-compressed-zips/LIDO_pictureboard0000.zip
LIDO_en0403.zip,compressed,16,16,324085,300355,0.31,0.29,23730,7.32,/home/santhosh/Desktop/audio-compressed-zips/LIDO_en0403.zip
LIDO_en0903.zip,compressed,31,31,383451,307205,0.37,0.29,76246,19.88,/home/santhosh/Desktop/audio-compressed-zips/LIDO_en0903.zip
LIDO_en1605.zip,compressed,59,59,521273,307692,0.5,0.29,213581,40.97,/home/santhosh/Desktop/audio-compressed-zips/LIDO_en1605.zip
LIDO_en1_PreQuiz.zip,compressed,55,55,595621,306515,0.57,0.29,289106,48.54,/home/santhosh/Desktop/audio-compressed-zips/LIDO_en1_PreQuiz.zip
LIDO_en3419.zip,compressed,9,9,419546,303790,0.4,0.29,115756,27.59,/home/santhosh/Desktop/audio-compressed-zips/LIDO_en3419.zip
LIDO_en_5008.zip,compressed,4,4,304692,299799,0.29,0.29,4893,1.61,/home/santhosh/Desktop/audio-compressed-zips/LIDO_en_5008.zip
LIDO_en_5111.zip,compressed,45,45,443176,306864,0.42,0.29,136312,30.76,/home/santhosh/Desktop/audio-compressed-zips/LIDO_en_5111.zip
LIDO_hi0004.zip,compressed,7,7,344012,301727,0.33,0.29,42285,12.29,/home/santhosh/Desktop/audio-compressed-zips/LIDO_hi0004.zip
LIDO_hi0104.zip,compressed,6,6,356795,300067,0.34,0.29,56728,15.9,/home/santhosh/Desktop/audio-compressed-zips/LIDO_hi0104.zip
LIDO_hi0114.zip,compressed,8,8,364140,301162,0.35,0.29,62978,17.29,/home/santhosh/Desktop/audio-compressed-zips/LIDO_hi0114.zip
LIDO_hi0119.zip,compressed,8,8,367993,301474,0.35,0.29,66519,18.08,/home/santhosh/Desktop/audio-compressed-zips/LIDO_hi0119.zip
LIDO_hi0120.zip,compressed,7,7,365213,300198,0.35,0.29,65015,17.8,/home/santhosh/Desktop/audio-compressed-zips/LIDO_hi0120.zip
LIDO_hi0123.zip,compressed,8,8,363573,305084,0.35,0.29,58489,16.09,/home/santhosh/Desktop/audio-compressed-zips/LIDO_hi0123.zip
LIDO_hi0127.zip,compressed,6,6,340801,300300,0.33,0.29,40501,11.88,/home/santhosh/Desktop/audio-compressed-zips/LIDO_hi0127.zip
LIDO_hi5302.zip,compressed,8,8,350529,301690,0.33,0.29,48839,13.93,/home/santhosh/Desktop/audio-compressed-zips/LIDO_hi5302.zip
LIDO_hi5305.zip,compressed,10,10,363190,301547,0.35,0.29,61643,16.97,/home/santhosh/Desktop/audio-compressed-zips/LIDO_hi5305.zip
LIDO_hi_3619.zip,compressed,20,20,431862,301300,0.41,0.29,130562,30.23,/home/santhosh/Desktop/audio-compressed-zips/LIDO_hi_3619.zip
LIDO_hi_4000.zip,compressed,34,34,546785,301464,0.52,0.29,245321,44.87,/home/santhosh/Desktop/audio-compressed-zips/LIDO_hi_4000.zip
LIDO_kn0308.zip,compressed,12,12,360667,300017,0.34,0.29,60650,16.82,/home/santhosh/Desktop/audio-compressed-zips/LIDO_kn0308.zip
LIDO_kn2102.zip,compressed,29,29,335429,308871,0.32,0.29,26558,7.92,/home/santhosh/Desktop/audio-compressed-zips/LIDO_kn2102.zip
LIDO_kn2_1204.zip,compressed,35,35,592934,305964,0.57,0.29,286970,48.4,/home/santhosh/Desktop/audio-compressed-zips/LIDO_kn2_1204.zip
LIDO_kn3303.zip,compressed,19,19,484301,300048,0.46,0.29,184253,38.05,/home/santhosh/Desktop/audio-compressed-zips/LIDO_kn3303.zip
LIDO_kn4405.zip,compressed,15,15,441745,306216,0.42,0.29,135529,30.68,/home/santhosh/Desktop/audio-compressed-zips/LIDO_kn4405.zip
LIDO_maths0302_en.zip,compressed,11,11,310957,299586,0.3,0.29,11371,3.66,/home/santhosh/Desktop/audio-compressed-zips/LIDO_maths0302_en.zip
LIDO_maths0302_hi.zip,compressed,11,11,311338,300683,0.3,0.29,10655,3.42,/home/santhosh/Desktop/audio-compressed-zips/LIDO_maths0302_hi.zip
LIDO_maths0302_kn.zip,compressed,11,11,316341,302860,0.3,0.29,13481,4.26,/home/santhosh/Desktop/audio-compressed-zips/LIDO_maths0302_kn.zip
LIDO_maths1802_kn.zip,compressed,56,56,569781,302951,0.54,0.29,266830,46.83,/home/santhosh/Desktop/audio-compressed-zips/LIDO_maths1802_kn.zip
LIDO_maths1907_hi.zip,compressed,52,52,933424,304433,0.89,0.29,628991,67.39,/home/santhosh/Desktop/audio-compressed-zips/LIDO_maths1907_hi.zip
LIDO_maths3001_hi.zip,compressed,30,30,551399,304047,0.53,0.29,247352,44.86,/home/santhosh/Desktop/audio-compressed-zips/LIDO_maths3001_hi.zip
pwc_0020.zip,compressed,83,83,523449,299966,0.5,0.29,223483,42.69,/home/santhosh/Desktop/audio-compressed-zips/pwc_0020.zip
LIDO_en0004.zip,compressed,11,11,330149,317789,0.31,0.3,12360,3.74,/home/santhosh/Desktop/audio-compressed-zips/LIDO_en0004.zip
LIDO_en0303.zip,compressed,10,10,323794,309841,0.31,0.3,13953,4.31,/home/santhosh/Desktop/audio-compressed-zips/LIDO_en0303.zip
LIDO_en0405.zip,compressed,21,21,338921,309831,0.32,0.3,29090,8.58,/home/santhosh/Desktop/audio-compressed-zips/LIDO_en0405.zip
LIDO_en1503.zip,compressed,79,79,500392,313996,0.48,0.3,186396,37.25,/home/santhosh/Desktop/audio-compressed-zips/LIDO_en1503.zip
LIDO_en_5002.zip,compressed,3,3,315536,312039,0.3,0.3,3497,1.11,/home/santhosh/Desktop/audio-compressed-zips/LIDO_en_5002.zip
LIDO_en_5101.zip,compressed,31,31,404113,313913,0.39,0.3,90200,22.32,/home/santhosh/Desktop/audio-compressed-zips/LIDO_en_5101.zip
LIDO_en_5116.zip,compressed,40,40,417600,318062,0.4,0.3,99538,23.84,/home/santhosh/Desktop/audio-compressed-zips/LIDO_en_5116.zip
LIDO_hi0102.zip,compressed,7,7,363014,314605,0.35,0.3,48409,13.34,/home/santhosh/Desktop/audio-compressed-zips/LIDO_hi0102.zip
LIDO_hi0106.zip,compressed,7,7,383303,318114,0.37,0.3,65189,17.01,/home/santhosh/Desktop/audio-compressed-zips/LIDO_hi0106.zip
LIDO_hi1107.zip,compressed,30,30,533432,315041,0.51,0.3,218391,40.94,/home/santhosh/Desktop/audio-compressed-zips/LIDO_hi1107.zip
LIDO_hi_2612.zip,compressed,40,40,581442,312921,0.55,0.3,268521,46.18,/home/santhosh/Desktop/audio-compressed-zips/LIDO_hi_2612.zip
LIDO_hi_3618.zip,compressed,19,19,452070,310242,0.43,0.3,141828,31.37,/home/santhosh/Desktop/audio-compressed-zips/LIDO_hi_3618.zip
LIDO_kn2807.zip,compressed,26,26,347922,311935,0.33,0.3,35987,10.34,/home/santhosh/Desktop/audio-compressed-zips/LIDO_kn2807.zip
LIDO_kn2_1004.zip,compressed,36,36,567113,319780,0.54,0.3,247333,43.61,/home/santhosh/Desktop/audio-compressed-zips/LIDO_kn2_1004.zip
LIDO_kn3708.zip,compressed,16,16,339111,317561,0.32,0.3,21550,6.35,/home/santhosh/Desktop/audio-compressed-zips/LIDO_kn3708.zip
LIDO_kn4005.zip,compressed,13,13,425002,318765,0.41,0.3,106237,25,/home/santhosh/Desktop/audio-compressed-zips/LIDO_kn4005.zip
LIDO_kn4306.zip,compressed,17,17,457640,313563,0.44,0.3,144077,31.48,/home/santhosh/Desktop/audio-compressed-zips/LIDO_kn4306.zip
LIDO_maths1101_hi.zip,compressed,60,60,960495,312730,0.92,0.3,647765,67.44,/home/santhosh/Desktop/audio-compressed-zips/LIDO_maths1101_hi.zip
LIDO_maths1102_hi.zip,compressed,60,60,951277,317465,0.91,0.3,633812,66.63,/home/santhosh/Desktop/audio-compressed-zips/LIDO_maths1102_hi.zip
LIDO_maths1112_en.zip,compressed,52,52,1056314,318450,1.01,0.3,737864,69.85,/home/santhosh/Desktop/audio-compressed-zips/LIDO_maths1112_en.zip
LIDO_maths1803_kn.zip,compressed,81,81,666949,312889,0.64,0.3,354060,53.09,/home/santhosh/Desktop/audio-compressed-zips/LIDO_maths1803_kn.zip
LIDO_maths1907_en.zip,compressed,53,53,1016755,314798,0.97,0.3,701957,69.04,/home/santhosh/Desktop/audio-compressed-zips/LIDO_maths1907_en.zip
LIDO_maths3001_en.zip,compressed,30,30,581982,314767,0.56,0.3,267215,45.91,/home/santhosh/Desktop/audio-compressed-zips/LIDO_maths3001_en.zip
LIDO_maths3004_kn.zip,compressed,30,30,1632902,316246,1.56,0.3,1316656,80.63,/home/santhosh/Desktop/audio-compressed-zips/LIDO_maths3004_kn.zip
LIDO_pictureboard0001.zip,compressed,1,1,311810,310660,0.3,0.3,1150,0.37,/home/santhosh/Desktop/audio-compressed-zips/LIDO_pictureboard0001.zip
LIDO_pictureboard0003.zip,compressed,1,1,311266,309541,0.3,0.3,1725,0.55,/home/santhosh/Desktop/audio-compressed-zips/LIDO_pictureboard0003.zip
LIDO_pictureboard0006.zip,compressed,1,1,314675,312723,0.3,0.3,1952,0.62,/home/santhosh/Desktop/audio-compressed-zips/LIDO_pictureboard0006.zip
EN_NC_00070.zip,compressed,29,29,696503,330022,0.66,0.31,366481,52.62,/home/santhosh/Desktop/audio-compressed-zips/EN_NC_00070.zip
LIDO_en0203.zip,compressed,12,12,338293,324085,0.32,0.31,14208,4.2,/home/santhosh/Desktop/audio-compressed-zips/LIDO_en0203.zip
LIDO_en0407.zip,compressed,26,26,357206,320984,0.34,0.31,36222,10.14,/home/santhosh/Desktop/audio-compressed-zips/LIDO_en0407.zip
LIDO_en1601.zip,compressed,73,73,518291,325785,0.49,0.31,192506,37.14,/home/santhosh/Desktop/audio-compressed-zips/LIDO_en1601.zip
LIDO_en3402.zip,compressed,12,12,352482,321832,0.34,0.31,30650,8.7,/home/santhosh/Desktop/audio-compressed-zips/LIDO_en3402.zip
LIDO_en3420.zip,compressed,6,6,379652,322384,0.36,0.31,57268,15.08,/home/santhosh/Desktop/audio-compressed-zips/LIDO_en3420.zip
LIDO_hi0010.zip,compressed,7,7,359174,320949,0.34,0.31,38225,10.64,/home/santhosh/Desktop/audio-compressed-zips/LIDO_hi0010.zip
LIDO_hi0113.zip,compressed,6,6,400629,321114,0.38,0.31,79515,19.85,/home/santhosh/Desktop/audio-compressed-zips/LIDO_hi0113.zip
LIDO_hi0609.zip,compressed,24,24,505915,324841,0.48,0.31,181074,35.79,/home/santhosh/Desktop/audio-compressed-zips/LIDO_hi0609.zip
LIDO_hi0710.zip,compressed,21,21,506942,328633,0.48,0.31,178309,35.17,/home/santhosh/Desktop/audio-compressed-zips/LIDO_hi0710.zip
LIDO_hi1000.zip,compressed,44,44,681923,329679,0.65,0.31,352244,51.65,/home/santhosh/Desktop/audio-compressed-zips/LIDO_hi1000.zip
LIDO_hi_3615.zip,compressed,31,31,601661,321471,0.57,0.31,280190,46.57,/home/santhosh/Desktop/audio-compressed-zips/LIDO_hi_3615.zip
LIDO_hi_4100.zip,compressed,14,14,643449,328722,0.61,0.31,314727,48.91,/home/santhosh/Desktop/audio-compressed-zips/LIDO_hi_4100.zip
LIDO_maths0600_en.zip,compressed,22,22,407506,324778,0.39,0.31,82728,20.3,/home/santhosh/Desktop/audio-compressed-zips/LIDO_maths0600_en.zip
LIDO_maths1101_en.zip,compressed,60,60,1049189,324139,1,0.31,725050,69.11,/home/santhosh/Desktop/audio-compressed-zips/LIDO_maths1101_en.zip
LIDO_maths1112_hi.zip,compressed,52,52,1025821,326873,0.98,0.31,698948,68.14,/home/santhosh/Desktop/audio-compressed-zips/LIDO_maths1112_hi.zip
LIDO_maths1801_kn.zip,compressed,63,63,599721,319946,0.57,0.31,279775,46.65,/home/santhosh/Desktop/audio-compressed-zips/LIDO_maths1801_kn.zip
LIDO_maths2620_hi.zip,compressed,35,35,608372,326988,0.58,0.31,281384,46.25,/home/santhosh/Desktop/audio-compressed-zips/LIDO_maths2620_hi.zip
LIDO_maths2721_hi.zip,compressed,35,35,607887,322400,0.58,0.31,285487,46.96,/home/santhosh/Desktop/audio-compressed-zips/LIDO_maths2721_hi.zip
LIDO_maths3001_kn.zip,compressed,30,30,1672200,322903,1.59,0.31,1349297,80.69,/home/santhosh/Desktop/audio-compressed-zips/LIDO_maths3001_kn.zip
LIDO_maths3010_hi.zip,compressed,35,35,609643,322151,0.58,0.31,287492,47.16,/home/santhosh/Desktop/audio-compressed-zips/LIDO_maths3010_hi.zip
LIDO_pictureboard0016.zip,compressed,1,1,326373,325412,0.31,0.31,961,0.29,/home/santhosh/Desktop/audio-compressed-zips/LIDO_pictureboard0016.zip
pwc_0019.zip,compressed,86,86,593725,329431,0.57,0.31,264294,44.51,/home/santhosh/Desktop/audio-compressed-zips/pwc_0019.zip
pwc_0024.zip,compressed,69,69,569975,324728,0.54,0.31,245247,43.03,/home/santhosh/Desktop/audio-compressed-zips/pwc_0024.zip
LIDO_en0907.zip,compressed,37,37,571784,339430,0.55,0.32,232354,40.64,/home/santhosh/Desktop/audio-compressed-zips/LIDO_en0907.zip
LIDO_en1706.zip,compressed,31,31,377233,333158,0.36,0.32,44075,11.68,/home/santhosh/Desktop/audio-compressed-zips/LIDO_en1706.zip
LIDO_en1805.zip,compressed,46,46,490169,339448,0.47,0.32,150721,30.75,/home/santhosh/Desktop/audio-compressed-zips/LIDO_en1805.zip
LIDO_en_5046.zip,compressed,5,5,346450,338924,0.33,0.32,7526,2.17,/home/santhosh/Desktop/audio-compressed-zips/LIDO_en_5046.zip
LIDO_en_5053.zip,compressed,3,3,336672,333175,0.32,0.32,3497,1.04,/home/santhosh/Desktop/audio-compressed-zips/LIDO_en_5053.zip
LIDO_en_5102.zip,compressed,33,33,422027,340182,0.4,0.32,81845,19.39,/home/santhosh/Desktop/audio-compressed-zips/LIDO_en_5102.zip
LIDO_hi0108.zip,compressed,8,8,386688,333860,0.37,0.32,52828,13.66,/home/santhosh/Desktop/audio-compressed-zips/LIDO_hi0108.zip
LIDO_hi0115.zip,compressed,7,7,380549,334750,0.36,0.32,45799,12.03,/home/santhosh/Desktop/audio-compressed-zips/LIDO_hi0115.zip
LIDO_hi0122.zip,compressed,8,8,383388,331345,0.37,0.32,52043,13.57,/home/santhosh/Desktop/audio-compressed-zips/LIDO_hi0122.zip
LIDO_hi0131.zip,compressed,6,6,385441,335149,0.37,0.32,50292,13.05,/home/santhosh/Desktop/audio-compressed-zips/LIDO_hi0131.zip
LIDO_hi0704.zip,compressed,20,20,503532,334420,0.48,0.32,169112,33.59,/home/santhosh/Desktop/audio-compressed-zips/LIDO_hi0704.zip
LIDO_hi_3402.zip,compressed,18,18,399725,331951,0.38,0.32,67774,16.96,/home/santhosh/Desktop/audio-compressed-zips/LIDO_hi_3402.zip
LIDO_kn2404.zip,compressed,19,19,367099,339348,0.35,0.32,27751,7.56,/home/santhosh/Desktop/audio-compressed-zips/LIDO_kn2404.zip
LIDO_kn2804.zip,compressed,23,23,376627,338765,0.36,0.32,37862,10.05,/home/santhosh/Desktop/audio-compressed-zips/LIDO_kn2804.zip
LIDO_kn3700.zip,compressed,23,23,367838,332149,0.35,0.32,35689,9.7,/home/santhosh/Desktop/audio-compressed-zips/LIDO_kn3700.zip
LIDO_kn3705.zip,compressed,12,12,352715,337236,0.34,0.32,15479,4.39,/home/santhosh/Desktop/audio-compressed-zips/LIDO_kn3705.zip
LIDO_kn4311.zip,compressed,15,15,423690,333076,0.4,0.32,90614,21.39,/home/santhosh/Desktop/audio-compressed-zips/LIDO_kn4311.zip
LIDO_maths0600_hi.zip,compressed,23,23,453069,333161,0.43,0.32,119908,26.47,/home/santhosh/Desktop/audio-compressed-zips/LIDO_maths0600_hi.zip
LIDO_maths1904_en.zip,compressed,61,61,1107602,338054,1.06,0.32,769548,69.48,/home/santhosh/Desktop/audio-compressed-zips/LIDO_maths1904_en.zip
LIDO_maths1907_kn.zip,compressed,53,53,1839860,338475,1.75,0.32,1501385,81.6,/home/santhosh/Desktop/audio-compressed-zips/LIDO_maths1907_kn.zip
LIDO_maths2720_hi.zip,compressed,35,35,640815,340739,0.61,0.32,300076,46.83,/home/santhosh/Desktop/audio-compressed-zips/LIDO_maths2720_hi.zip
LIDO_maths2721_kn.zip,compressed,35,35,1815036,337020,1.73,0.32,1478016,81.43,/home/santhosh/Desktop/audio-compressed-zips/LIDO_maths2721_kn.zip
LIDO_maths3002_hi.zip,compressed,35,35,660018,339686,0.63,0.32,320332,48.53,/home/santhosh/Desktop/audio-compressed-zips/LIDO_maths3002_hi.zip
LIDO_maths3004_en.zip,compressed,30,30,625184,335291,0.6,0.32,289893,46.37,/home/santhosh/Desktop/audio-compressed-zips/LIDO_maths3004_en.zip
LIDO_maths3011_hi.zip,compressed,35,35,999802,336174,0.95,0.32,663628,66.38,/home/santhosh/Desktop/audio-compressed-zips/LIDO_maths3011_hi.zip
LIDO_pictureboard0014.zip,compressed,1,1,332451,330514,0.32,0.32,1937,0.58,/home/santhosh/Desktop/audio-compressed-zips/LIDO_pictureboard0014.zip
pwc_0011.zip,compressed,97,97,572648,334818,0.55,0.32,237830,41.53,/home/santhosh/Desktop/audio-compressed-zips/pwc_0011.zip
pwc_0018.zip,compressed,69,69,616007,339510,0.59,0.32,276497,44.89,/home/santhosh/Desktop/audio-compressed-zips/pwc_0018.zip
LIDO_en0003.zip,compressed,11,11,361040,346849,0.34,0.33,14191,3.93,/home/santhosh/Desktop/audio-compressed-zips/LIDO_en0003.zip
LIDO_en0804.zip,compressed,26,26,377091,343709,0.36,0.33,33382,8.85,/home/santhosh/Desktop/audio-compressed-zips/LIDO_en0804.zip
LIDO_en1105.zip,compressed,76,76,580575,347185,0.55,0.33,233390,40.2,/home/santhosh/Desktop/audio-compressed-zips/LIDO_en1105.zip
LIDO_en1304.zip,compressed,63,63,468946,349835,0.45,0.33,119111,25.4,/home/santhosh/Desktop/audio-compressed-zips/LIDO_en1304.zip
LIDO_en2413.zip,compressed,8,8,355628,346240,0.34,0.33,9388,2.64,/home/santhosh/Desktop/audio-compressed-zips/LIDO_en2413.zip
LIDO_en2900.zip,compressed,5,5,356535,348376,0.34,0.33,8159,2.29,/home/santhosh/Desktop/audio-compressed-zips/LIDO_en2900.zip
LIDO_en_5050.zip,compressed,6,6,356180,348713,0.34,0.33,7467,2.1,/home/santhosh/Desktop/audio-compressed-zips/LIDO_en_5050.zip
LIDO_en_5105.zip,compressed,38,38,449218,342727,0.43,0.33,106491,23.71,/home/santhosh/Desktop/audio-compressed-zips/LIDO_en_5105.zip
LIDO_en_5110.zip,compressed,42,42,500130,347430,0.48,0.33,152700,30.53,/home/santhosh/Desktop/audio-compressed-zips/LIDO_en_5110.zip
LIDO_hi0011.zip,compressed,7,7,377871,344131,0.36,0.33,33740,8.93,/home/santhosh/Desktop/audio-compressed-zips/LIDO_hi0011.zip
LIDO_hi0103.zip,compressed,7,7,391121,344747,0.37,0.33,46374,11.86,/home/santhosh/Desktop/audio-compressed-zips/LIDO_hi0103.zip
LIDO_hi0118.zip,compressed,8,8,414408,346737,0.4,0.33,67671,16.33,/home/santhosh/Desktop/audio-compressed-zips/LIDO_hi0118.zip
LIDO_hi0121.zip,compressed,8,8,439622,346744,0.42,0.33,92878,21.13,/home/santhosh/Desktop/audio-compressed-zips/LIDO_hi0121.zip
LIDO_hi0124.zip,compressed,7,7,384045,351178,0.37,0.33,32867,8.56,/home/santhosh/Desktop/audio-compressed-zips/LIDO_hi0124.zip
LIDO_hi0611.zip,compressed,31,31,541934,341035,0.52,0.33,200899,37.07,/home/santhosh/Desktop/audio-compressed-zips/LIDO_hi0611.zip
LIDO_hi5303.zip,compressed,10,10,402067,345100,0.38,0.33,56967,14.17,/home/santhosh/Desktop/audio-compressed-zips/LIDO_hi5303.zip
LIDO_hi_2611.zip,compressed,38,38,625948,350306,0.6,0.33,275642,44.04,/home/santhosh/Desktop/audio-compressed-zips/LIDO_hi_2611.zip
LIDO_kn2403.zip,compressed,21,21,378587,346614,0.36,0.33,31973,8.45,/home/santhosh/Desktop/audio-compressed-zips/LIDO_kn2403.zip
LIDO_kn2801.zip,compressed,25,25,378386,343532,0.36,0.33,34854,9.21,/home/santhosh/Desktop/audio-compressed-zips/LIDO_kn2801.zip
LIDO_kn2_0805.zip,compressed,31,31,560606,348258,0.53,0.33,212348,37.88,/home/santhosh/Desktop/audio-compressed-zips/LIDO_kn2_0805.zip
LIDO_kn3300.zip,compressed,21,21,378827,346364,0.36,0.33,32463,8.57,/home/santhosh/Desktop/audio-compressed-zips/LIDO_kn3300.zip
LIDO_maths0600_kn.zip,compressed,23,23,442163,344247,0.42,0.33,97916,22.14,/home/santhosh/Desktop/audio-compressed-zips/LIDO_maths0600_kn.zip
LIDO_maths1102_en.zip,compressed,60,60,1106842,342509,1.06,0.33,764333,69.06,/home/santhosh/Desktop/audio-compressed-zips/LIDO_maths1102_en.zip
LIDO_maths1904_hi.zip,compressed,60,60,1093527,347988,1.04,0.33,745539,68.18,/home/santhosh/Desktop/audio-compressed-zips/LIDO_maths1904_hi.zip
LIDO_maths2620_en.zip,compressed,35,35,654627,351028,0.62,0.33,303599,46.38,/home/santhosh/Desktop/audio-compressed-zips/LIDO_maths2620_en.zip
LIDO_maths2620_kn.zip,compressed,35,35,674828,349177,0.64,0.33,325651,48.26,/home/santhosh/Desktop/audio-compressed-zips/LIDO_maths2620_kn.zip
LIDO_maths2621_hi.zip,compressed,35,35,651842,342802,0.62,0.33,309040,47.41,/home/santhosh/Desktop/audio-compressed-zips/LIDO_maths2621_hi.zip
LIDO_maths2621_kn.zip,compressed,35,35,674378,347987,0.64,0.33,326391,48.4,/home/santhosh/Desktop/audio-compressed-zips/LIDO_maths2621_kn.zip
LIDO_maths2720_kn.zip,compressed,35,35,1800309,341372,1.72,0.33,1458937,81.04,/home/santhosh/Desktop/audio-compressed-zips/LIDO_maths2720_kn.zip
LIDO_maths3003_hi.zip,compressed,35,35,2116584,342309,2.02,0.33,1774275,83.83,/home/santhosh/Desktop/audio-compressed-zips/LIDO_maths3003_hi.zip
LIDO_pictureboard0007.zip,compressed,1,1,353559,350122,0.34,0.33,3437,0.97,/home/santhosh/Desktop/audio-compressed-zips/LIDO_pictureboard0007.zip
LIDO_pictureboard0011.zip,compressed,1,1,348631,347584,0.33,0.33,1047,0.3,/home/santhosh/Desktop/audio-compressed-zips/LIDO_pictureboard0011.zip
pwc_0015.zip,compressed,41,41,503837,342571,0.48,0.33,161266,32.01,/home/santhosh/Desktop/audio-compressed-zips/pwc_0015.zip
pwc_0033.zip,compressed,48,48,480996,348643,0.46,0.33,132353,27.52,/home/santhosh/Desktop/audio-compressed-zips/pwc_0033.zip
LIDO_en1200.zip,compressed,41,41,449028,360429,0.43,0.34,88599,19.73,/home/santhosh/Desktop/audio-compressed-zips/LIDO_en1200.zip
LIDO_en1801.zip,compressed,36,36,428950,351516,0.41,0.34,77434,18.05,/home/santhosh/Desktop/audio-compressed-zips/LIDO_en1801.zip
LIDO_en1916.zip,compressed,7,7,386086,359560,0.37,0.34,26526,6.87,/home/santhosh/Desktop/audio-compressed-zips/LIDO_en1916.zip
LIDO_en2201.zip,compressed,139,139,622137,353775,0.59,0.34,268362,43.14,/home/santhosh/Desktop/audio-compressed-zips/LIDO_en2201.zip
LIDO_en_5103.zip,compressed,32,32,460575,358895,0.44,0.34,101680,22.08,/home/santhosh/Desktop/audio-compressed-zips/LIDO_en_5103.zip
LIDO_hi0002.zip,compressed,7,7,415343,355866,0.4,0.34,59477,14.32,/home/santhosh/Desktop/audio-compressed-zips/LIDO_hi0002.zip
LIDO_hi0110.zip,compressed,7,7,401289,352294,0.38,0.34,48995,12.21,/home/santhosh/Desktop/audio-compressed-zips/LIDO_hi0110.zip
LIDO_hi0126.zip,compressed,6,6,386538,354271,0.37,0.34,32267,8.35,/home/santhosh/Desktop/audio-compressed-zips/LIDO_hi0126.zip
LIDO_hi0505.zip,compressed,27,27,550525,353140,0.53,0.34,197385,35.85,/home/santhosh/Desktop/audio-compressed-zips/LIDO_hi0505.zip
LIDO_hi5304.zip,compressed,11,11,426354,355356,0.41,0.34,70998,16.65,/home/santhosh/Desktop/audio-compressed-zips/LIDO_hi5304.zip
LIDO_kn2303.zip,compressed,22,22,447822,356340,0.43,0.34,91482,20.43,/home/santhosh/Desktop/audio-compressed-zips/LIDO_kn2303.zip
LIDO_kn2711.zip,compressed,28,28,394689,359001,0.38,0.34,35688,9.04,/home/santhosh/Desktop/audio-compressed-zips/LIDO_kn2711.zip
LIDO_kn2_0310.zip,compressed,16,16,372695,353587,0.36,0.34,19108,5.13,/home/santhosh/Desktop/audio-compressed-zips/LIDO_kn2_0310.zip
LIDO_kn2_0800.zip,compressed,7,7,365206,353978,0.35,0.34,11228,3.07,/home/santhosh/Desktop/audio-compressed-zips/LIDO_kn2_0800.zip
LIDO_maths1104_en.zip,compressed,70,70,1160653,357446,1.11,0.34,803207,69.2,/home/santhosh/Desktop/audio-compressed-zips/LIDO_maths1104_en.zip
LIDO_maths1311_kn.zip,compressed,6,6,387659,357091,0.37,0.34,30568,7.89,/home/santhosh/Desktop/audio-compressed-zips/LIDO_maths1311_kn.zip
LIDO_maths2621_en.zip,compressed,35,35,676611,352234,0.65,0.34,324377,47.94,/home/santhosh/Desktop/audio-compressed-zips/LIDO_maths2621_en.zip
LIDO_maths3002_kn.zip,compressed,35,35,2254356,358236,2.15,0.34,1896120,84.11,/home/santhosh/Desktop/audio-compressed-zips/LIDO_maths3002_kn.zip
LIDO_maths3003_en.zip,compressed,35,35,763093,353488,0.73,0.34,409605,53.68,/home/santhosh/Desktop/audio-compressed-zips/LIDO_maths3003_en.zip
LIDO_maths3003_kn.zip,compressed,35,35,2187323,356669,2.09,0.34,1830654,83.69,/home/santhosh/Desktop/audio-compressed-zips/LIDO_maths3003_kn.zip
LIDO_maths3005_en.zip,compressed,35,35,674715,356254,0.64,0.34,318461,47.2,/home/santhosh/Desktop/audio-compressed-zips/LIDO_maths3005_en.zip
LIDO_maths3005_hi.zip,compressed,35,35,674531,351618,0.64,0.34,322913,47.87,/home/santhosh/Desktop/audio-compressed-zips/LIDO_maths3005_hi.zip
LIDO_maths3005_kn.zip,compressed,35,35,2039001,361514,1.94,0.34,1677487,82.27,/home/santhosh/Desktop/audio-compressed-zips/LIDO_maths3005_kn.zip
LIDO_maths3006_hi.zip,compressed,35,35,701769,357140,0.67,0.34,344629,49.11,/home/santhosh/Desktop/audio-compressed-zips/LIDO_maths3006_hi.zip
LIDO_maths3006_kn.zip,compressed,35,35,2100139,361377,2,0.34,1738762,82.79,/home/santhosh/Desktop/audio-compressed-zips/LIDO_maths3006_kn.zip
LIDO_maths3008_hi.zip,compressed,35,35,681031,355155,0.65,0.34,325876,47.85,/home/santhosh/Desktop/audio-compressed-zips/LIDO_maths3008_hi.zip
LIDO_maths3009_hi.zip,compressed,35,35,702100,361313,0.67,0.34,340787,48.54,/home/santhosh/Desktop/audio-compressed-zips/LIDO_maths3009_hi.zip
LIDO_maths3010_en.zip,compressed,35,35,708842,358839,0.68,0.34,350003,49.38,/home/santhosh/Desktop/audio-compressed-zips/LIDO_maths3010_en.zip
LIDO_maths3010_kn.zip,compressed,35,35,2078884,351317,1.98,0.34,1727567,83.1,/home/santhosh/Desktop/audio-compressed-zips/LIDO_maths3010_kn.zip
LIDO_maths3011_en.zip,compressed,35,35,751338,352328,0.72,0.34,399010,53.11,/home/santhosh/Desktop/audio-compressed-zips/LIDO_maths3011_en.zip
LIDO_maths3011_kn.zip,compressed,35,35,1968854,353882,1.88,0.34,1614972,82.03,/home/santhosh/Desktop/audio-compressed-zips/LIDO_maths3011_kn.zip
LIDO_pictureboard0002.zip,compressed,1,1,358877,357344,0.34,0.34,1533,0.43,/home/santhosh/Desktop/audio-compressed-zips/LIDO_pictureboard0002.zip
LIDO_pictureboard0005.zip,compressed,1,1,357909,355429,0.34,0.34,2480,0.69,/home/santhosh/Desktop/audio-compressed-zips/LIDO_pictureboard0005.zip
LIDO_pictureboard0009.zip,compressed,1,1,364862,361087,0.35,0.34,3775,1.03,/home/santhosh/Desktop/audio-compressed-zips/LIDO_pictureboard0009.zip
LIDO_pictureboard0010.zip,compressed,1,1,354653,352945,0.34,0.34,1708,0.48,/home/santhosh/Desktop/audio-compressed-zips/LIDO_pictureboard0010.zip
HI_HA_0070.zip,compressed,36,36,1315632,366926,1.25,0.35,948706,72.11,/home/santhosh/Desktop/audio-compressed-zips/HI_HA_0070.zip
LIDO_en0103.zip,compressed,11,11,386496,371676,0.37,0.35,14820,3.83,/home/santhosh/Desktop/audio-compressed-zips/LIDO_en0103.zip
LIDO_en1607.zip,compressed,38,38,589988,366209,0.56,0.35,223779,37.93,/home/santhosh/Desktop/audio-compressed-zips/LIDO_en1607.zip
LIDO_en3619.zip,compressed,20,20,575952,362113,0.55,0.35,213839,37.13,/home/santhosh/Desktop/audio-compressed-zips/LIDO_en3619.zip
LIDO_en_5000.zip,compressed,7,7,377792,369367,0.36,0.35,8425,2.23,/home/santhosh/Desktop/audio-compressed-zips/LIDO_en_5000.zip
LIDO_en_5034.zip,compressed,7,7,375470,367422,0.36,0.35,8048,2.14,/home/santhosh/Desktop/audio-compressed-zips/LIDO_en_5034.zip
LIDO_en_5073.zip,compressed,8,8,375088,365280,0.36,0.35,9808,2.61,/home/santhosh/Desktop/audio-compressed-zips/LIDO_en_5073.zip
LIDO_en_5074.zip,compressed,10,10,378908,366023,0.36,0.35,12885,3.4,/home/santhosh/Desktop/audio-compressed-zips/LIDO_en_5074.zip
LIDO_en_5302.zip,compressed,22,22,491759,369498,0.47,0.35,122261,24.86,/home/santhosh/Desktop/audio-compressed-zips/LIDO_en_5302.zip
LIDO_hi0400.zip,compressed,17,17,490400,367757,0.47,0.35,122643,25.01,/home/santhosh/Desktop/audio-compressed-zips/LIDO_hi0400.zip
LIDO_hi0602.zip,compressed,25,25,569426,371555,0.54,0.35,197871,34.75,/home/santhosh/Desktop/audio-compressed-zips/LIDO_hi0602.zip
LIDO_hi0701.zip,compressed,27,27,598850,371809,0.57,0.35,227041,37.91,/home/santhosh/Desktop/audio-compressed-zips/LIDO_hi0701.zip
LIDO_hi1602.zip,compressed,28,28,670614,368176,0.64,0.35,302438,45.1,/home/santhosh/Desktop/audio-compressed-zips/LIDO_hi1602.zip
LIDO_hi1604.zip,compressed,28,28,680329,367031,0.65,0.35,313298,46.05,/home/santhosh/Desktop/audio-compressed-zips/LIDO_hi1604.zip
LIDO_hi_3612.zip,compressed,25,25,628481,369433,0.6,0.35,259048,41.22,/home/santhosh/Desktop/audio-compressed-zips/LIDO_hi_3612.zip
LIDO_hi_5002.zip,compressed,25,25,575433,370976,0.55,0.35,204457,35.53,/home/santhosh/Desktop/audio-compressed-zips/LIDO_hi_5002.zip
LIDO_kn1703.zip,compressed,23,23,388057,363969,0.37,0.35,24088,6.21,/home/santhosh/Desktop/audio-compressed-zips/LIDO_kn1703.zip
LIDO_kn2405.zip,compressed,15,15,393939,372239,0.38,0.35,21700,5.51,/home/santhosh/Desktop/audio-compressed-zips/LIDO_kn2405.zip
LIDO_kn2802.zip,compressed,26,26,396093,361840,0.38,0.35,34253,8.65,/home/santhosh/Desktop/audio-compressed-zips/LIDO_kn2802.zip
LIDO_kn2_0319.zip,compressed,28,28,509311,366074,0.49,0.35,143237,28.12,/home/santhosh/Desktop/audio-compressed-zips/LIDO_kn2_0319.zip
LIDO_kn2_1504.zip,compressed,35,35,731123,365662,0.7,0.35,365461,49.99,/home/santhosh/Desktop/audio-compressed-zips/LIDO_kn2_1504.zip
LIDO_kn3709.zip,compressed,19,19,514082,369398,0.49,0.35,144684,28.14,/home/santhosh/Desktop/audio-compressed-zips/LIDO_kn3709.zip
LIDO_kn4205.zip,compressed,17,17,518573,364696,0.49,0.35,153877,29.67,/home/santhosh/Desktop/audio-compressed-zips/LIDO_kn4205.zip
LIDO_kn4506.zip,compressed,14,14,379976,367246,0.36,0.35,12730,3.35,/home/santhosh/Desktop/audio-compressed-zips/LIDO_kn4506.zip
LIDO_maths1101_kn.zip,compressed,60,60,3340780,364670,3.19,0.35,2976110,89.08,/home/santhosh/Desktop/audio-compressed-zips/LIDO_maths1101_kn.zip
LIDO_maths1112_kn.zip,compressed,53,53,1622210,368712,1.55,0.35,1253498,77.27,/home/santhosh/Desktop/audio-compressed-zips/LIDO_maths1112_kn.zip
LIDO_maths1311_en.zip,compressed,6,6,406306,366595,0.39,0.35,39711,9.77,/home/santhosh/Desktop/audio-compressed-zips/LIDO_maths1311_en.zip
LIDO_maths2721_en.zip,compressed,35,35,716499,366850,0.68,0.35,349649,48.8,/home/santhosh/Desktop/audio-compressed-zips/LIDO_maths2721_en.zip
LIDO_maths3000_hi.zip,compressed,36,36,800180,367826,0.76,0.35,432354,54.03,/home/santhosh/Desktop/audio-compressed-zips/LIDO_maths3000_hi.zip
LIDO_maths3007_hi.zip,compressed,35,35,1983013,372179,1.89,0.35,1610834,81.23,/home/santhosh/Desktop/audio-compressed-zips/LIDO_maths3007_hi.zip
LIDO_pictureboard0008.zip,compressed,1,1,373870,368115,0.36,0.35,5755,1.54,/home/santhosh/Desktop/audio-compressed-zips/LIDO_pictureboard0008.zip
pictureboard0008.zip,compressed,1,1,373870,368115,0.36,0.35,5755,1.54,/home/santhosh/Desktop/audio-compressed-zips/pictureboard0008.zip
pwc_0000.zip,compressed,35,35,523098,364462,0.5,0.35,158636,30.33,/home/santhosh/Desktop/audio-compressed-zips/pwc_0000.zip
pwc_0029.zip,compressed,65,65,553624,365737,0.53,0.35,187887,33.94,/home/santhosh/Desktop/audio-compressed-zips/pwc_0029.zip
HI_HA_0074.zip,compressed,50,50,1405115,377216,1.34,0.36,1027899,73.15,/home/santhosh/Desktop/audio-compressed-zips/HI_HA_0074.zip
LIDO_en0100.zip,compressed,11,11,391528,377073,0.37,0.36,14455,3.69,/home/santhosh/Desktop/audio-compressed-zips/LIDO_en0100.zip
LIDO_en1708.zip,compressed,45,45,542856,382331,0.52,0.36,160525,29.57,/home/santhosh/Desktop/audio-compressed-zips/LIDO_en1708.zip
LIDO_en1807.zip,compressed,45,45,458666,379053,0.44,0.36,79613,17.36,/home/santhosh/Desktop/audio-compressed-zips/LIDO_en1807.zip
LIDO_en_5069.zip,compressed,9,9,386599,376427,0.37,0.36,10172,2.63,/home/santhosh/Desktop/audio-compressed-zips/LIDO_en_5069.zip
LIDO_en_5072.zip,compressed,10,10,393807,382274,0.38,0.36,11533,2.93,/home/santhosh/Desktop/audio-compressed-zips/LIDO_en_5072.zip
LIDO_en_5077.zip,compressed,8,8,386780,375375,0.37,0.36,11405,2.95,/home/santhosh/Desktop/audio-compressed-zips/LIDO_en_5077.zip
LIDO_hi0308.zip,compressed,19,19,523396,377774,0.5,0.36,145622,27.82,/home/santhosh/Desktop/audio-compressed-zips/LIDO_hi0308.zip
LIDO_hi_3614.zip,compressed,38,38,693195,375454,0.66,0.36,317741,45.84,/home/santhosh/Desktop/audio-compressed-zips/LIDO_hi_3614.zip
LIDO_hi_3703.zip,compressed,34,34,660226,374800,0.63,0.36,285426,43.23,/home/santhosh/Desktop/audio-compressed-zips/LIDO_hi_3703.zip
LIDO_hi_3704.zip,compressed,16,16,644233,373571,0.61,0.36,270662,42.01,/home/santhosh/Desktop/audio-compressed-zips/LIDO_hi_3704.zip
LIDO_hi_5004.zip,compressed,17,17,620377,375895,0.59,0.36,244482,39.41,/home/santhosh/Desktop/audio-compressed-zips/LIDO_hi_5004.zip
LIDO_kn1901.zip,compressed,26,26,403537,380373,0.38,0.36,23164,5.74,/home/santhosh/Desktop/audio-compressed-zips/LIDO_kn1901.zip
LIDO_kn2_1403.zip,compressed,40,40,668317,377623,0.64,0.36,290694,43.5,/home/santhosh/Desktop/audio-compressed-zips/LIDO_kn2_1403.zip
LIDO_kn2_1704.zip,compressed,37,37,696679,380019,0.66,0.36,316660,45.45,/home/santhosh/Desktop/audio-compressed-zips/LIDO_kn2_1704.zip
LIDO_kn3100.zip,compressed,5,5,385332,375148,0.37,0.36,10184,2.64,/home/santhosh/Desktop/audio-compressed-zips/LIDO_kn3100.zip
LIDO_kn4007.zip,compressed,20,20,409488,374842,0.39,0.36,34646,8.46,/home/santhosh/Desktop/audio-compressed-zips/LIDO_kn4007.zip
LIDO_kn4814.zip,compressed,20,20,411859,380909,0.39,0.36,30950,7.51,/home/santhosh/Desktop/audio-compressed-zips/LIDO_kn4814.zip
LIDO_maths1104_hi.zip,compressed,70,70,1166967,378212,1.11,0.36,788755,67.59,/home/santhosh/Desktop/audio-compressed-zips/LIDO_maths1104_hi.zip
LIDO_maths2720_en.zip,compressed,35,35,741690,375704,0.71,0.36,365986,49.34,/home/santhosh/Desktop/audio-compressed-zips/LIDO_maths2720_en.zip
LIDO_maths3000_en.zip,compressed,36,36,804455,375452,0.77,0.36,429003,53.33,/home/santhosh/Desktop/audio-compressed-zips/LIDO_maths3000_en.zip
LIDO_maths3000_kn.zip,compressed,36,36,2249031,376095,2.14,0.36,1872936,83.28,/home/santhosh/Desktop/audio-compressed-zips/LIDO_maths3000_kn.zip
LIDO_maths3002_en.zip,compressed,35,35,760034,379273,0.72,0.36,380761,50.1,/home/santhosh/Desktop/audio-compressed-zips/LIDO_maths3002_en.zip
LIDO_maths3006_en.zip,compressed,35,35,737890,375527,0.7,0.36,362363,49.11,/home/santhosh/Desktop/audio-compressed-zips/LIDO_maths3006_en.zip
LIDO_maths3007_en.zip,compressed,35,35,715812,381110,0.68,0.36,334702,46.76,/home/santhosh/Desktop/audio-compressed-zips/LIDO_maths3007_en.zip
LIDO_maths3008_kn.zip,compressed,35,35,1931590,381639,1.84,0.36,1549951,80.24,/home/santhosh/Desktop/audio-compressed-zips/LIDO_maths3008_kn.zip
LIDO_maths3009_en.zip,compressed,35,35,708101,378192,0.68,0.36,329909,46.59,/home/santhosh/Desktop/audio-compressed-zips/LIDO_maths3009_en.zip
LIDO_pictureboard0004.zip,compressed,1,1,376026,372677,0.36,0.36,3349,0.89,/home/santhosh/Desktop/audio-compressed-zips/LIDO_pictureboard0004.zip
LIDO_pictureboard0012.zip,compressed,1,1,377335,376140,0.36,0.36,1195,0.32,/home/santhosh/Desktop/audio-compressed-zips/LIDO_pictureboard0012.zip
LIDO_pictureboard0018.zip,compressed,1,1,378275,377423,0.36,0.36,852,0.23,/home/santhosh/Desktop/audio-compressed-zips/LIDO_pictureboard0018.zip
LIDO_en0805.zip,compressed,21,21,415035,389578,0.4,0.37,25457,6.13,/home/santhosh/Desktop/audio-compressed-zips/LIDO_en0805.zip
LIDO_en1101.zip,compressed,30,30,436727,383192,0.42,0.37,53535,12.26,/home/santhosh/Desktop/audio-compressed-zips/LIDO_en1101.zip
LIDO_en_5016.zip,compressed,7,7,399435,391371,0.38,0.37,8064,2.02,/home/santhosh/Desktop/audio-compressed-zips/LIDO_en_5016.zip
LIDO_en_5044.zip,compressed,7,7,404977,383255,0.39,0.37,21722,5.36,/home/santhosh/Desktop/audio-compressed-zips/LIDO_en_5044.zip
LIDO_en_5052.zip,compressed,7,7,400243,391818,0.38,0.37,8425,2.1,/home/santhosh/Desktop/audio-compressed-zips/LIDO_en_5052.zip
LIDO_hi0506.zip,compressed,32,32,614988,382742,0.59,0.37,232246,37.76,/home/santhosh/Desktop/audio-compressed-zips/LIDO_hi0506.zip
LIDO_hi0507.zip,compressed,26,26,612807,385323,0.58,0.37,227484,37.12,/home/santhosh/Desktop/audio-compressed-zips/LIDO_hi0507.zip
LIDO_hi0603.zip,compressed,32,32,612425,384280,0.58,0.37,228145,37.25,/home/santhosh/Desktop/audio-compressed-zips/LIDO_hi0603.zip
LIDO_hi0709.zip,compressed,15,15,475076,383167,0.45,0.37,91909,19.35,/home/santhosh/Desktop/audio-compressed-zips/LIDO_hi0709.zip
LIDO_hi_3611.zip,compressed,24,24,684371,388897,0.65,0.37,295474,43.17,/home/santhosh/Desktop/audio-compressed-zips/LIDO_hi_3611.zip
LIDO_hi_3613.zip,compressed,42,42,741933,387163,0.71,0.37,354770,47.82,/home/santhosh/Desktop/audio-compressed-zips/LIDO_hi_3613.zip
LIDO_kn2011.zip,compressed,18,18,403913,387905,0.39,0.37,16008,3.96,/home/santhosh/Desktop/audio-compressed-zips/LIDO_kn2011.zip
LIDO_kn3905.zip,compressed,15,15,493083,386856,0.47,0.37,106227,21.54,/home/santhosh/Desktop/audio-compressed-zips/LIDO_kn3905.zip
LIDO_kn4305.zip,compressed,20,20,411480,387631,0.39,0.37,23849,5.8,/home/santhosh/Desktop/audio-compressed-zips/LIDO_kn4305.zip
LIDO_maths3007_kn.zip,compressed,35,35,1813484,391417,1.73,0.37,1422067,78.42,/home/santhosh/Desktop/audio-compressed-zips/LIDO_maths3007_kn.zip
LIDO_maths3009_kn.zip,compressed,35,35,2056075,386345,1.96,0.37,1669730,81.21,/home/santhosh/Desktop/audio-compressed-zips/LIDO_maths3009_kn.zip
LIDO_pictureboard0013.zip,compressed,1,1,394454,392531,0.38,0.37,1923,0.49,/home/santhosh/Desktop/audio-compressed-zips/LIDO_pictureboard0013.zip
LIDO_pictureboard0015.zip,compressed,1,1,392860,390449,0.37,0.37,2411,0.61,/home/santhosh/Desktop/audio-compressed-zips/LIDO_pictureboard0015.zip
LIDO_pictureboard0019.zip,compressed,1,1,389287,387457,0.37,0.37,1830,0.47,/home/santhosh/Desktop/audio-compressed-zips/LIDO_pictureboard0019.zip
HM_NC_00000.zip,compressed,26,26,884397,397906,0.84,0.38,486491,55.01,/home/santhosh/Desktop/audio-compressed-zips/HM_NC_00000.zip
LIDO_en2100.zip,compressed,19,19,445902,400141,0.43,0.38,45761,10.26,/home/santhosh/Desktop/audio-compressed-zips/LIDO_en2100.zip
LIDO_en2103.zip,compressed,31,31,463520,398508,0.44,0.38,65012,14.03,/home/santhosh/Desktop/audio-compressed-zips/LIDO_en2103.zip
LIDO_en2408.zip,compressed,10,10,414798,402924,0.4,0.38,11874,2.86,/home/santhosh/Desktop/audio-compressed-zips/LIDO_en2408.zip
LIDO_en3612.zip,compressed,25,25,974654,393310,0.93,0.38,581344,59.65,/home/santhosh/Desktop/audio-compressed-zips/LIDO_en3612.zip
LIDO_en_5004.zip,compressed,6,6,412685,402580,0.39,0.38,10105,2.45,/home/santhosh/Desktop/audio-compressed-zips/LIDO_en_5004.zip
LIDO_en_5026.zip,compressed,6,6,404969,397535,0.39,0.38,7434,1.84,/home/santhosh/Desktop/audio-compressed-zips/LIDO_en_5026.zip
LIDO_en_5040.zip,compressed,7,7,408873,400843,0.39,0.38,8030,1.96,/home/santhosh/Desktop/audio-compressed-zips/LIDO_en_5040.zip
LIDO_en_5054.zip,compressed,3,3,398132,394635,0.38,0.38,3497,0.88,/home/santhosh/Desktop/audio-compressed-zips/LIDO_en_5054.zip
LIDO_en_5075.zip,compressed,7,7,406358,396425,0.39,0.38,9933,2.44,/home/santhosh/Desktop/audio-compressed-zips/LIDO_en_5075.zip
LIDO_hi0003.zip,compressed,6,6,434836,395256,0.41,0.38,39580,9.1,/home/santhosh/Desktop/audio-compressed-zips/LIDO_hi0003.zip
LIDO_hi0101.zip,compressed,7,7,438128,393526,0.42,0.38,44602,10.18,/home/santhosh/Desktop/audio-compressed-zips/LIDO_hi0101.zip
LIDO_hi0508.zip,compressed,21,21,542231,403231,0.52,0.38,139000,25.63,/home/santhosh/Desktop/audio-compressed-zips/LIDO_hi0508.zip
LIDO_hi0705.zip,compressed,29,29,597228,402947,0.57,0.38,194281,32.53,/home/santhosh/Desktop/audio-compressed-zips/LIDO_hi0705.zip
LIDO_hi5300.zip,compressed,10,10,455855,397018,0.43,0.38,58837,12.91,/home/santhosh/Desktop/audio-compressed-zips/LIDO_hi5300.zip
LIDO_kn1002.zip,compressed,10,10,429630,394936,0.41,0.38,34694,8.08,/home/santhosh/Desktop/audio-compressed-zips/LIDO_kn1002.zip
LIDO_kn1805.zip,compressed,16,16,414245,393489,0.4,0.38,20756,5.01,/home/santhosh/Desktop/audio-compressed-zips/LIDO_kn1805.zip
LIDO_kn2003.zip,compressed,19,19,428045,403506,0.41,0.38,24539,5.73,/home/santhosh/Desktop/audio-compressed-zips/LIDO_kn2003.zip
LIDO_kn2608.zip,compressed,21,21,507352,395386,0.48,0.38,111966,22.07,/home/santhosh/Desktop/audio-compressed-zips/LIDO_kn2608.zip
LIDO_kn2_0311.zip,compressed,19,19,414778,399309,0.4,0.38,15469,3.73,/home/santhosh/Desktop/audio-compressed-zips/LIDO_kn2_0311.zip
LIDO_kn3401.zip,compressed,21,21,431860,395464,0.41,0.38,36396,8.43,/home/santhosh/Desktop/audio-compressed-zips/LIDO_kn3401.zip
LIDO_kn3707.zip,compressed,23,23,439075,395255,0.42,0.38,43820,9.98,/home/santhosh/Desktop/audio-compressed-zips/LIDO_kn3707.zip
LIDO_kn4211.zip,compressed,17,17,525828,396246,0.5,0.38,129582,24.64,/home/santhosh/Desktop/audio-compressed-zips/LIDO_kn4211.zip
LIDO_maths1102_kn.zip,compressed,60,60,5507104,399088,5.25,0.38,5108016,92.75,/home/santhosh/Desktop/audio-compressed-zips/LIDO_maths1102_kn.zip
LIDO_pictureboard0017.zip,compressed,1,1,403532,401703,0.38,0.38,1829,0.45,/home/santhosh/Desktop/audio-compressed-zips/LIDO_pictureboard0017.zip
pwc_0007.zip,compressed,37,37,566424,399843,0.54,0.38,166581,29.41,/home/santhosh/Desktop/audio-compressed-zips/pwc_0007.zip
pwc_0013.zip,compressed,74,74,534629,401779,0.51,0.38,132850,24.85,/home/santhosh/Desktop/audio-compressed-zips/pwc_0013.zip
pwc_0028.zip,compressed,44,44,659058,396788,0.63,0.38,262270,39.79,/home/santhosh/Desktop/audio-compressed-zips/pwc_0028.zip
EN_NC_00069.zip,compressed,37,37,833777,409075,0.8,0.39,424702,50.94,/home/santhosh/Desktop/audio-compressed-zips/EN_NC_00069.zip
LIDO_en_5104.zip,compressed,35,35,569219,410218,0.54,0.39,159001,27.93,/home/santhosh/Desktop/audio-compressed-zips/LIDO_en_5104.zip
LIDO_en_5113.zip,compressed,40,40,526458,404679,0.5,0.39,121779,23.13,/home/santhosh/Desktop/audio-compressed-zips/LIDO_en_5113.zip
LIDO_hi0132.zip,compressed,8,8,477621,411551,0.46,0.39,66070,13.83,/home/santhosh/Desktop/audio-compressed-zips/LIDO_hi0132.zip
LIDO_kn0207.zip,compressed,25,25,430613,408068,0.41,0.39,22545,5.24,/home/santhosh/Desktop/audio-compressed-zips/LIDO_kn0207.zip
LIDO_kn0605.zip,compressed,25,25,435407,412862,0.42,0.39,22545,5.18,/home/santhosh/Desktop/audio-compressed-zips/LIDO_kn0605.zip
LIDO_kn1501.zip,compressed,19,19,429293,412994,0.41,0.39,16299,3.8,/home/santhosh/Desktop/audio-compressed-zips/LIDO_kn1501.zip
LIDO_maths1904_kn.zip,compressed,61,61,1562325,409113,1.49,0.39,1153212,73.81,/home/santhosh/Desktop/audio-compressed-zips/LIDO_maths1904_kn.zip
LIDO_maths3008_en.zip,compressed,35,35,807753,406101,0.77,0.39,401652,49.72,/home/santhosh/Desktop/audio-compressed-zips/LIDO_maths3008_en.zip
LIDO_pictureboard0020.zip,compressed,1,1,413152,408927,0.39,0.39,4225,1.02,/home/santhosh/Desktop/audio-compressed-zips/LIDO_pictureboard0020.zip
HM_NC_00040.zip,compressed,24,24,846186,419014,0.81,0.4,427172,50.48,/home/santhosh/Desktop/audio-compressed-zips/HM_NC_00040.zip
LIDO_en0806.zip,compressed,23,23,450491,422049,0.43,0.4,28442,6.31,/home/santhosh/Desktop/audio-compressed-zips/LIDO_en0806.zip
LIDO_en1610.zip,compressed,50,50,515814,421869,0.49,0.4,93945,18.21,/home/santhosh/Desktop/audio-compressed-zips/LIDO_en1610.zip
LIDO_en1802.zip,compressed,52,52,521003,418986,0.5,0.4,102017,19.58,/home/santhosh/Desktop/audio-compressed-zips/LIDO_en1802.zip
LIDO_en3604.zip,compressed,22,22,564383,414220,0.54,0.4,150163,26.61,/home/santhosh/Desktop/audio-compressed-zips/LIDO_en3604.zip
LIDO_en3611.zip,compressed,23,23,993171,422078,0.95,0.4,571093,57.5,/home/santhosh/Desktop/audio-compressed-zips/LIDO_en3611.zip
LIDO_en3704.zip,compressed,16,16,557230,422285,0.53,0.4,134945,24.22,/home/santhosh/Desktop/audio-compressed-zips/LIDO_en3704.zip
LIDO_en_5042.zip,compressed,7,7,427456,418917,0.41,0.4,8539,2,/home/santhosh/Desktop/audio-compressed-zips/LIDO_en_5042.zip
LIDO_en_5060.zip,compressed,8,8,432976,423484,0.41,0.4,9492,2.19,/home/santhosh/Desktop/audio-compressed-zips/LIDO_en_5060.zip
LIDO_en_quiz0002.zip,compressed,30,30,509233,422167,0.49,0.4,87066,17.1,/home/santhosh/Desktop/audio-compressed-zips/LIDO_en_quiz0002.zip
LIDO_hi0605.zip,compressed,26,26,607006,422395,0.58,0.4,184611,30.41,/home/santhosh/Desktop/audio-compressed-zips/LIDO_hi0605.zip
LIDO_hi0610.zip,compressed,27,27,626250,419460,0.6,0.4,206790,33.02,/home/santhosh/Desktop/audio-compressed-zips/LIDO_hi0610.zip
LIDO_hi1504.zip,compressed,51,51,1043109,424121,0.99,0.4,618988,59.34,/home/santhosh/Desktop/audio-compressed-zips/LIDO_hi1504.zip
LIDO_hi_3610.zip,compressed,7,7,455483,416921,0.43,0.4,38562,8.47,/home/santhosh/Desktop/audio-compressed-zips/LIDO_hi_3610.zip
LIDO_kn1500.zip,compressed,16,16,436184,418003,0.42,0.4,18181,4.17,/home/santhosh/Desktop/audio-compressed-zips/LIDO_kn1500.zip
LIDO_kn1701.zip,compressed,25,25,443149,421444,0.42,0.4,21705,4.9,/home/santhosh/Desktop/audio-compressed-zips/LIDO_kn1701.zip
LIDO_kn2505.zip,compressed,23,23,459679,421076,0.44,0.4,38603,8.4,/home/santhosh/Desktop/audio-compressed-zips/LIDO_kn2505.zip
LIDO_kn2_0704.zip,compressed,33,33,680532,415059,0.65,0.4,265473,39.01,/home/santhosh/Desktop/audio-compressed-zips/LIDO_kn2_0704.zip
LIDO_kn3204.zip,compressed,18,18,552805,415277,0.53,0.4,137528,24.88,/home/santhosh/Desktop/audio-compressed-zips/LIDO_kn3204.zip
LIDO_kn3501.zip,compressed,29,29,461221,420884,0.44,0.4,40337,8.75,/home/santhosh/Desktop/audio-compressed-zips/LIDO_kn3501.zip
LIDO_kn4206.zip,compressed,18,18,445200,415650,0.42,0.4,29550,6.64,/home/santhosh/Desktop/audio-compressed-zips/LIDO_kn4206.zip
LIDO_kn4406.zip,compressed,16,16,430607,416606,0.41,0.4,14001,3.25,/home/santhosh/Desktop/audio-compressed-zips/LIDO_kn4406.zip
LIDO_maths1103_en.zip,compressed,80,80,1366461,417652,1.3,0.4,948809,69.44,/home/santhosh/Desktop/audio-compressed-zips/LIDO_maths1103_en.zip
HI_HA_0063.zip,compressed,34,34,4068757,434021,3.88,0.41,3634736,89.33,/home/santhosh/Desktop/audio-compressed-zips/HI_HA_0063.zip
LIDO_en1606.zip,compressed,57,57,549767,430148,0.52,0.41,119619,21.76,/home/santhosh/Desktop/audio-compressed-zips/LIDO_en1606.zip
LIDO_en_5010.zip,compressed,4,4,435157,429977,0.41,0.41,5180,1.19,/home/santhosh/Desktop/audio-compressed-zips/LIDO_en_5010.zip
LIDO_en_5070.zip,compressed,10,10,445321,433143,0.42,0.41,12178,2.73,/home/santhosh/Desktop/audio-compressed-zips/LIDO_en_5070.zip
LIDO_hi0503.zip,compressed,25,25,616052,431481,0.59,0.41,184571,29.96,/home/santhosh/Desktop/audio-compressed-zips/LIDO_hi0503.zip
LIDO_hi1310.zip,compressed,31,31,798471,425621,0.76,0.41,372850,46.7,/home/santhosh/Desktop/audio-compressed-zips/LIDO_hi1310.zip
LIDO_hi_3607.zip,compressed,6,6,462346,425920,0.44,0.41,36426,7.88,/home/santhosh/Desktop/audio-compressed-zips/LIDO_hi_3607.zip
LIDO_kn2207.zip,compressed,21,21,452375,434781,0.43,0.41,17594,3.89,/home/santhosh/Desktop/audio-compressed-zips/LIDO_kn2207.zip
LIDO_kn2301.zip,compressed,27,27,456344,431944,0.44,0.41,24400,5.35,/home/santhosh/Desktop/audio-compressed-zips/LIDO_kn2301.zip
LIDO_kn2604.zip,compressed,18,18,440496,426366,0.42,0.41,14130,3.21,/home/santhosh/Desktop/audio-compressed-zips/LIDO_kn2604.zip
LIDO_kn2712.zip,compressed,29,29,474179,426103,0.45,0.41,48076,10.14,/home/santhosh/Desktop/audio-compressed-zips/LIDO_kn2712.zip
LIDO_kn2_0905.zip,compressed,24,24,597825,427416,0.57,0.41,170409,28.5,/home/santhosh/Desktop/audio-compressed-zips/LIDO_kn2_0905.zip
LIDO_kn4207.zip,compressed,25,25,460853,429240,0.44,0.41,31613,6.86,/home/santhosh/Desktop/audio-compressed-zips/LIDO_kn4207.zip
LIDO_maths1103_hi.zip,compressed,80,80,1331346,425122,1.27,0.41,906224,68.07,/home/santhosh/Desktop/audio-compressed-zips/LIDO_maths1103_hi.zip
pwc_0014.zip,compressed,14,14,507640,433577,0.48,0.41,74063,14.59,/home/santhosh/Desktop/audio-compressed-zips/pwc_0014.zip
pwc_0031.zip,compressed,28,28,610577,428588,0.58,0.41,181989,29.81,/home/santhosh/Desktop/audio-compressed-zips/pwc_0031.zip
LIDO_en1608.zip,compressed,31,31,576384,435623,0.55,0.42,140761,24.42,/home/santhosh/Desktop/audio-compressed-zips/LIDO_en1608.zip
LIDO_en1707.zip,compressed,46,46,501232,438224,0.48,0.42,63008,12.57,/home/santhosh/Desktop/audio-compressed-zips/LIDO_en1707.zip
LIDO_en1920.zip,compressed,24,24,497740,442857,0.47,0.42,54883,11.03,/home/santhosh/Desktop/audio-compressed-zips/LIDO_en1920.zip
LIDO_en1921.zip,compressed,26,26,496629,444013,0.47,0.42,52616,10.59,/home/santhosh/Desktop/audio-compressed-zips/LIDO_en1921.zip
LIDO_en2411.zip,compressed,34,34,557042,440143,0.53,0.42,116899,20.99,/home/santhosh/Desktop/audio-compressed-zips/LIDO_en2411.zip
LIDO_en3610.zip,compressed,7,7,494352,440526,0.47,0.42,53826,10.89,/home/santhosh/Desktop/audio-compressed-zips/LIDO_en3610.zip
LIDO_en_5020.zip,compressed,7,7,453966,445547,0.43,0.42,8419,1.85,/home/santhosh/Desktop/audio-compressed-zips/LIDO_en_5020.zip
LIDO_hi0404.zip,compressed,33,33,665561,441749,0.63,0.42,223812,33.63,/home/santhosh/Desktop/audio-compressed-zips/LIDO_hi0404.zip
LIDO_hi5301.zip,compressed,10,10,508760,445355,0.49,0.42,63405,12.46,/home/santhosh/Desktop/audio-compressed-zips/LIDO_hi5301.zip
LIDO_kn0607.zip,compressed,24,24,467484,444546,0.45,0.42,22938,4.91,/home/santhosh/Desktop/audio-compressed-zips/LIDO_kn0607.zip
LIDO_kn1809.zip,compressed,21,21,478476,443195,0.46,0.42,35281,7.37,/home/santhosh/Desktop/audio-compressed-zips/LIDO_kn1809.zip
LIDO_kn2203.zip,compressed,16,16,456127,439321,0.43,0.42,16806,3.68,/home/santhosh/Desktop/audio-compressed-zips/LIDO_kn2203.zip
LIDO_kn2607.zip,compressed,21,21,554752,441987,0.53,0.42,112765,20.33,/home/santhosh/Desktop/audio-compressed-zips/LIDO_kn2607.zip
LIDO_kn2_0400.zip,compressed,6,6,451591,443496,0.43,0.42,8095,1.79,/home/santhosh/Desktop/audio-compressed-zips/LIDO_kn2_0400.zip
LIDO_kn3200.zip,compressed,23,23,476038,444535,0.45,0.42,31503,6.62,/home/santhosh/Desktop/audio-compressed-zips/LIDO_kn3200.zip
LIDO_kn4714.zip,compressed,26,26,485010,439190,0.46,0.42,45820,9.45,/home/santhosh/Desktop/audio-compressed-zips/LIDO_kn4714.zip
puzzle0102.zip,compressed,2,2,610433,439673,0.58,0.42,170760,27.97,/home/santhosh/Desktop/audio-compressed-zips/puzzle0102.zip
pwc_0022.zip,compressed,43,43,658447,437716,0.63,0.42,220731,33.52,/home/santhosh/Desktop/audio-compressed-zips/pwc_0022.zip
pwc_0025.zip,compressed,123,123,784206,435326,0.75,0.42,348880,44.49,/home/santhosh/Desktop/audio-compressed-zips/pwc_0025.zip
EN_NC_00065.zip,compressed,43,43,746748,446471,0.71,0.43,300277,40.21,/home/santhosh/Desktop/audio-compressed-zips/EN_NC_00065.zip
LIDO_en0802.zip,compressed,55,55,633530,449778,0.6,0.43,183752,29,/home/santhosh/Desktop/audio-compressed-zips/LIDO_en0802.zip
LIDO_en0901.zip,compressed,49,49,552586,451535,0.53,0.43,101051,18.29,/home/santhosh/Desktop/audio-compressed-zips/LIDO_en0901.zip
LIDO_en1918.zip,compressed,9,9,479020,447759,0.46,0.43,31261,6.53,/home/santhosh/Desktop/audio-compressed-zips/LIDO_en1918.zip
LIDO_en2300.zip,compressed,29,29,497465,451834,0.47,0.43,45631,9.17,/home/santhosh/Desktop/audio-compressed-zips/LIDO_en2300.zip
LIDO_en_5036.zip,compressed,7,7,459923,451150,0.44,0.43,8773,1.91,/home/santhosh/Desktop/audio-compressed-zips/LIDO_en_5036.zip
LIDO_en_5038.zip,compressed,6,6,462646,456103,0.44,0.43,6543,1.41,/home/santhosh/Desktop/audio-compressed-zips/LIDO_en_5038.zip
LIDO_en_5071.zip,compressed,10,10,460493,449312,0.44,0.43,11181,2.43,/home/santhosh/Desktop/audio-compressed-zips/LIDO_en_5071.zip
LIDO_en_5216.zip,compressed,22,22,544980,451579,0.52,0.43,93401,17.14,/home/santhosh/Desktop/audio-compressed-zips/LIDO_en_5216.zip
LIDO_hi0128.zip,compressed,6,6,499273,446006,0.48,0.43,53267,10.67,/home/santhosh/Desktop/audio-compressed-zips/LIDO_hi0128.zip
LIDO_hi0300.zip,compressed,18,18,623021,453073,0.59,0.43,169948,27.28,/home/santhosh/Desktop/audio-compressed-zips/LIDO_hi0300.zip
LIDO_hi0604.zip,compressed,28,28,670766,451736,0.64,0.43,219030,32.65,/home/santhosh/Desktop/audio-compressed-zips/LIDO_hi0604.zip
LIDO_hi0801.zip,compressed,29,29,619828,451062,0.59,0.43,168766,27.23,/home/santhosh/Desktop/audio-compressed-zips/LIDO_hi0801.zip
LIDO_hi_3602.zip,compressed,20,20,624519,445864,0.6,0.43,178655,28.61,/home/santhosh/Desktop/audio-compressed-zips/LIDO_hi_3602.zip
LIDO_hi_4007.zip,compressed,31,31,682089,448749,0.65,0.43,233340,34.21,/home/santhosh/Desktop/audio-compressed-zips/LIDO_hi_4007.zip
LIDO_kn0007.zip,compressed,12,12,465037,453809,0.44,0.43,11228,2.41,/home/santhosh/Desktop/audio-compressed-zips/LIDO_kn0007.zip
LIDO_kn0601.zip,compressed,12,12,465006,453778,0.44,0.43,11228,2.41,/home/santhosh/Desktop/audio-compressed-zips/LIDO_kn0601.zip
LIDO_kn3907.zip,compressed,15,15,467244,454882,0.45,0.43,12362,2.65,/home/santhosh/Desktop/audio-compressed-zips/LIDO_kn3907.zip
LIDO_kn4307.zip,compressed,20,20,475989,452634,0.45,0.43,23355,4.91,/home/santhosh/Desktop/audio-compressed-zips/LIDO_kn4307.zip
LIDO_maths1310_hi.zip,compressed,16,16,803953,454272,0.77,0.43,349681,43.5,/home/santhosh/Desktop/audio-compressed-zips/LIDO_maths1310_hi.zip
pwc_0003.zip,compressed,33,33,560503,453346,0.53,0.43,107157,19.12,/home/santhosh/Desktop/audio-compressed-zips/pwc_0003.zip
pwc_0026.zip,compressed,44,44,675289,447467,0.64,0.43,227822,33.74,/home/santhosh/Desktop/audio-compressed-zips/pwc_0026.zip
EN_NC_00064.zip,compressed,52,52,827844,460360,0.79,0.44,367484,44.39,/home/santhosh/Desktop/audio-compressed-zips/EN_NC_00064.zip
EN_NC_00068.zip,compressed,38,38,1021137,464253,0.97,0.44,556884,54.54,/home/santhosh/Desktop/audio-compressed-zips/EN_NC_00068.zip
LIDO_en1915.zip,compressed,26,26,513093,462182,0.49,0.44,50911,9.92,/home/santhosh/Desktop/audio-compressed-zips/LIDO_en1915.zip
LIDO_en2007.zip,compressed,27,27,500252,462124,0.48,0.44,38128,7.62,/home/santhosh/Desktop/audio-compressed-zips/LIDO_en2007.zip
LIDO_en2301.zip,compressed,31,31,537877,465234,0.51,0.44,72643,13.51,/home/santhosh/Desktop/audio-compressed-zips/LIDO_en2301.zip
LIDO_en2802.zip,compressed,17,17,598014,465855,0.57,0.44,132159,22.1,/home/santhosh/Desktop/audio-compressed-zips/LIDO_en2802.zip
LIDO_en_5218.zip,compressed,25,25,570836,456372,0.54,0.44,114464,20.05,/home/santhosh/Desktop/audio-compressed-zips/LIDO_en_5218.zip
LIDO_hi0601.zip,compressed,20,20,609059,461562,0.58,0.44,147497,24.22,/home/santhosh/Desktop/audio-compressed-zips/LIDO_hi0601.zip
LIDO_hi0912.zip,compressed,23,23,628749,460499,0.6,0.44,168250,26.76,/home/santhosh/Desktop/audio-compressed-zips/LIDO_hi0912.zip
LIDO_hi_3609.zip,compressed,7,7,513291,465688,0.49,0.44,47603,9.27,/home/santhosh/Desktop/audio-compressed-zips/LIDO_hi_3609.zip
LIDO_kn1806.zip,compressed,16,16,472912,458924,0.45,0.44,13988,2.96,/home/santhosh/Desktop/audio-compressed-zips/LIDO_kn1806.zip
LIDO_kn2_0201.zip,compressed,29,29,653589,462228,0.62,0.44,191361,29.28,/home/santhosh/Desktop/audio-compressed-zips/LIDO_kn2_0201.zip
LIDO_kn2_0500.zip,compressed,13,13,516482,464204,0.49,0.44,52278,10.12,/home/santhosh/Desktop/audio-compressed-zips/LIDO_kn2_0500.zip
LIDO_kn2_0604.zip,compressed,39,39,744614,463431,0.71,0.44,281183,37.76,/home/santhosh/Desktop/audio-compressed-zips/LIDO_kn2_0604.zip
LIDO_kn2_1806.zip,compressed,41,41,861503,464799,0.82,0.44,396704,46.05,/home/santhosh/Desktop/audio-compressed-zips/LIDO_kn2_1806.zip
pwc_0023.zip,compressed,39,39,754179,463769,0.72,0.44,290410,38.51,/home/santhosh/Desktop/audio-compressed-zips/pwc_0023.zip
HI_HA_0061.zip,compressed,44,44,4706986,474830,4.49,0.45,4232156,89.91,/home/santhosh/Desktop/audio-compressed-zips/HI_HA_0061.zip
LIDO_en0304.zip,compressed,12,12,488848,470401,0.47,0.45,18447,3.77,/home/santhosh/Desktop/audio-compressed-zips/LIDO_en0304.zip
LIDO_en2010.zip,compressed,29,29,591813,476405,0.56,0.45,115408,19.5,/home/santhosh/Desktop/audio-compressed-zips/LIDO_en2010.zip
LIDO_en2607.zip,compressed,20,20,493528,468479,0.47,0.45,25049,5.08,/home/santhosh/Desktop/audio-compressed-zips/LIDO_en2607.zip
LIDO_en2608.zip,compressed,23,23,497291,466908,0.47,0.45,30383,6.11,/home/santhosh/Desktop/audio-compressed-zips/LIDO_en2608.zip
LIDO_en_5214.zip,compressed,23,23,573770,473745,0.55,0.45,100025,17.43,/home/santhosh/Desktop/audio-compressed-zips/LIDO_en_5214.zip
LIDO_en_5300.zip,compressed,23,23,590683,472142,0.56,0.45,118541,20.07,/home/santhosh/Desktop/audio-compressed-zips/LIDO_en_5300.zip
LIDO_en_quiz0001.zip,compressed,34,34,602467,475626,0.57,0.45,126841,21.05,/home/santhosh/Desktop/audio-compressed-zips/LIDO_en_quiz0001.zip
LIDO_hi0702.zip,compressed,16,16,588834,467768,0.56,0.45,121066,20.56,/home/santhosh/Desktop/audio-compressed-zips/LIDO_hi0702.zip
LIDO_hi0805.zip,compressed,56,56,1123162,475221,1.07,0.45,647941,57.69,/home/santhosh/Desktop/audio-compressed-zips/LIDO_hi0805.zip
LIDO_kn2407.zip,compressed,24,24,494353,469057,0.47,0.45,25296,5.12,/home/santhosh/Desktop/audio-compressed-zips/LIDO_kn2407.zip
LIDO_kn2_0703.zip,compressed,23,23,510384,466720,0.49,0.45,43664,8.56,/home/santhosh/Desktop/audio-compressed-zips/LIDO_kn2_0703.zip
pwc_0017.zip,compressed,10,10,664422,474729,0.63,0.45,189693,28.55,/home/santhosh/Desktop/audio-compressed-zips/pwc_0017.zip
EN_NC_00067.zip,compressed,50,50,820440,479134,0.78,0.46,341306,41.6,/home/santhosh/Desktop/audio-compressed-zips/EN_NC_00067.zip
HI_HA_0071.zip,compressed,55,55,1644453,486160,1.57,0.46,1158293,70.44,/home/santhosh/Desktop/audio-compressed-zips/HI_HA_0071.zip
LIDO_en0800.zip,compressed,34,34,601993,479839,0.57,0.46,122154,20.29,/home/santhosh/Desktop/audio-compressed-zips/LIDO_en0800.zip
LIDO_en2102.zip,compressed,32,32,539520,480306,0.51,0.46,59214,10.98,/home/santhosh/Desktop/audio-compressed-zips/LIDO_en2102.zip
LIDO_kn0609.zip,compressed,28,28,510536,483128,0.49,0.46,27408,5.37,/home/santhosh/Desktop/audio-compressed-zips/LIDO_kn0609.zip
LIDO_kn1607.zip,compressed,24,24,502164,481320,0.48,0.46,20844,4.15,/home/santhosh/Desktop/audio-compressed-zips/LIDO_kn1607.zip
LIDO_kn1808.zip,compressed,17,17,494252,479371,0.47,0.46,14881,3.01,/home/santhosh/Desktop/audio-compressed-zips/LIDO_kn1808.zip
LIDO_kn2206.zip,compressed,18,18,500575,485108,0.48,0.46,15467,3.09,/home/santhosh/Desktop/audio-compressed-zips/LIDO_kn2206.zip
LIDO_kn2603.zip,compressed,25,25,513997,483724,0.49,0.46,30273,5.89,/home/santhosh/Desktop/audio-compressed-zips/LIDO_kn2603.zip
LIDO_kn4408.zip,compressed,20,20,499742,482144,0.48,0.46,17598,3.52,/home/santhosh/Desktop/audio-compressed-zips/LIDO_kn4408.zip
LIDO_maths2000_en.zip,compressed,10,10,496461,486462,0.47,0.46,9999,2.01,/home/santhosh/Desktop/audio-compressed-zips/LIDO_maths2000_en.zip
assess_en0000.zip,compressed,19,19,533794,479286,0.51,0.46,54508,10.21,/home/santhosh/Desktop/audio-compressed-zips/assess_en0000.zip
assess_hi0000.zip,compressed,25,25,659432,479186,0.63,0.46,180246,27.33,/home/santhosh/Desktop/audio-compressed-zips/assess_hi0000.zip
pwc_0030.zip,compressed,38,38,665695,486224,0.63,0.46,179471,26.96,/home/santhosh/Desktop/audio-compressed-zips/pwc_0030.zip
HI_HA_0069.zip,compressed,34,34,1453552,490994,1.39,0.47,962558,66.22,/home/santhosh/Desktop/audio-compressed-zips/HI_HA_0069.zip
LIDO_en1404.zip,compressed,51,51,638283,490108,0.61,0.47,148175,23.21,/home/santhosh/Desktop/audio-compressed-zips/LIDO_en1404.zip
LIDO_en3703.zip,compressed,33,33,615716,497572,0.59,0.47,118144,19.19,/home/santhosh/Desktop/audio-compressed-zips/LIDO_en3703.zip
LIDO_en_5032.zip,compressed,7,7,505895,497198,0.48,0.47,8697,1.72,/home/santhosh/Desktop/audio-compressed-zips/LIDO_en_5032.zip
LIDO_en_5115.zip,compressed,36,36,586974,494967,0.56,0.47,92007,15.67,/home/santhosh/Desktop/audio-compressed-zips/LIDO_en_5115.zip
LIDO_en_5210.zip,compressed,27,27,624385,495424,0.6,0.47,128961,20.65,/home/santhosh/Desktop/audio-compressed-zips/LIDO_en_5210.zip
LIDO_en_5213.zip,compressed,20,20,571096,489226,0.54,0.47,81870,14.34,/home/santhosh/Desktop/audio-compressed-zips/LIDO_en_5213.zip
LIDO_hi5306.zip,compressed,8,8,538539,496253,0.51,0.47,42286,7.85,/home/santhosh/Desktop/audio-compressed-zips/LIDO_hi5306.zip
LIDO_hi_3504.zip,compressed,18,18,604678,487589,0.58,0.47,117089,19.36,/home/santhosh/Desktop/audio-compressed-zips/LIDO_hi_3504.zip
LIDO_kn1704.zip,compressed,17,17,555359,489304,0.53,0.47,66055,11.89,/home/santhosh/Desktop/audio-compressed-zips/LIDO_kn1704.zip
LIDO_kn1802.zip,compressed,28,28,514066,489251,0.49,0.47,24815,4.83,/home/santhosh/Desktop/audio-compressed-zips/LIDO_kn1802.zip
LIDO_kn2504.zip,compressed,21,21,509628,490610,0.49,0.47,19018,3.73,/home/santhosh/Desktop/audio-compressed-zips/LIDO_kn2504.zip
LIDO_kn3202.zip,compressed,29,29,518904,493436,0.49,0.47,25468,4.91,/home/santhosh/Desktop/audio-compressed-zips/LIDO_kn3202.zip
LIDO_kn3402.zip,compressed,23,23,526378,497416,0.5,0.47,28962,5.5,/home/santhosh/Desktop/audio-compressed-zips/LIDO_kn3402.zip
LIDO_kn3403.zip,compressed,29,29,520798,494982,0.5,0.47,25816,4.96,/home/santhosh/Desktop/audio-compressed-zips/LIDO_kn3403.zip
LIDO_kn4106.zip,compressed,20,20,529040,495920,0.5,0.47,33120,6.26,/home/santhosh/Desktop/audio-compressed-zips/LIDO_kn4106.zip
LIDO_kn4107.zip,compressed,18,18,517806,495753,0.49,0.47,22053,4.26,/home/santhosh/Desktop/audio-compressed-zips/LIDO_kn4107.zip
LIDO_kn4815.zip,compressed,24,24,514292,492028,0.49,0.47,22264,4.33,/home/santhosh/Desktop/audio-compressed-zips/LIDO_kn4815.zip
LIDO_maths0903_en.zip,compressed,10,10,498488,487875,0.48,0.47,10613,2.13,/home/santhosh/Desktop/audio-compressed-zips/LIDO_maths0903_en.zip
LIDO_maths0903_hi.zip,compressed,10,10,498277,488711,0.48,0.47,9566,1.92,/home/santhosh/Desktop/audio-compressed-zips/LIDO_maths0903_hi.zip
LIDO_maths0903_kn.zip,compressed,10,10,502970,490697,0.48,0.47,12273,2.44,/home/santhosh/Desktop/audio-compressed-zips/LIDO_maths0903_kn.zip
LIDO_maths0904_en.zip,compressed,10,10,498429,487816,0.48,0.47,10613,2.13,/home/santhosh/Desktop/audio-compressed-zips/LIDO_maths0904_en.zip
LIDO_maths0904_hi.zip,compressed,10,10,498230,488664,0.48,0.47,9566,1.92,/home/santhosh/Desktop/audio-compressed-zips/LIDO_maths0904_hi.zip
LIDO_maths0904_kn.zip,compressed,10,10,502934,490661,0.48,0.47,12273,2.44,/home/santhosh/Desktop/audio-compressed-zips/LIDO_maths0904_kn.zip
LIDO_maths0905_en.zip,compressed,10,10,498214,487601,0.48,0.47,10613,2.13,/home/santhosh/Desktop/audio-compressed-zips/LIDO_maths0905_en.zip
LIDO_maths0905_hi.zip,compressed,10,10,498273,488707,0.48,0.47,9566,1.92,/home/santhosh/Desktop/audio-compressed-zips/LIDO_maths0905_hi.zip
LIDO_maths0905_kn.zip,compressed,10,10,502958,490685,0.48,0.47,12273,2.44,/home/santhosh/Desktop/audio-compressed-zips/LIDO_maths0905_kn.zip
LIDO_maths1005_en.zip,compressed,10,10,498410,487797,0.48,0.47,10613,2.13,/home/santhosh/Desktop/audio-compressed-zips/LIDO_maths1005_en.zip
LIDO_maths1005_hi.zip,compressed,10,10,498182,488616,0.48,0.47,9566,1.92,/home/santhosh/Desktop/audio-compressed-zips/LIDO_maths1005_hi.zip
LIDO_maths1005_kn.zip,compressed,10,10,502886,490613,0.48,0.47,12273,2.44,/home/santhosh/Desktop/audio-compressed-zips/LIDO_maths1005_kn.zip
LIDO_maths1006_en.zip,compressed,10,10,498438,487825,0.48,0.47,10613,2.13,/home/santhosh/Desktop/audio-compressed-zips/LIDO_maths1006_en.zip
LIDO_maths1006_hi.zip,compressed,10,10,497874,488308,0.47,0.47,9566,1.92,/home/santhosh/Desktop/audio-compressed-zips/LIDO_maths1006_hi.zip
LIDO_maths1006_kn.zip,compressed,10,10,502944,490671,0.48,0.47,12273,2.44,/home/santhosh/Desktop/audio-compressed-zips/LIDO_maths1006_kn.zip
LIDO_maths1405_en.zip,compressed,11,11,500448,489077,0.48,0.47,11371,2.27,/home/santhosh/Desktop/audio-compressed-zips/LIDO_maths1405_en.zip
LIDO_maths1405_hi.zip,compressed,11,11,501185,490530,0.48,0.47,10655,2.13,/home/santhosh/Desktop/audio-compressed-zips/LIDO_maths1405_hi.zip
LIDO_maths1405_kn.zip,compressed,11,11,505915,492434,0.48,0.47,13481,2.66,/home/santhosh/Desktop/audio-compressed-zips/LIDO_maths1405_kn.zip
LIDO_maths1406_en.zip,compressed,10,10,498467,487854,0.48,0.47,10613,2.13,/home/santhosh/Desktop/audio-compressed-zips/LIDO_maths1406_en.zip
LIDO_maths1406_hi.zip,compressed,10,10,498252,488686,0.48,0.47,9566,1.92,/home/santhosh/Desktop/audio-compressed-zips/LIDO_maths1406_hi.zip
LIDO_maths1406_kn.zip,compressed,10,10,502985,490712,0.48,0.47,12273,2.44,/home/santhosh/Desktop/audio-compressed-zips/LIDO_maths1406_kn.zip
LIDO_maths1407_en.zip,compressed,11,11,500550,489179,0.48,0.47,11371,2.27,/home/santhosh/Desktop/audio-compressed-zips/LIDO_maths1407_en.zip
LIDO_maths1407_hi.zip,compressed,11,11,501248,490593,0.48,0.47,10655,2.13,/home/santhosh/Desktop/audio-compressed-zips/LIDO_maths1407_hi.zip
LIDO_maths1407_kn.zip,compressed,11,11,506002,492521,0.48,0.47,13481,2.66,/home/santhosh/Desktop/audio-compressed-zips/LIDO_maths1407_kn.zip
LIDO_maths1408_en.zip,compressed,11,11,500551,489180,0.48,0.47,11371,2.27,/home/santhosh/Desktop/audio-compressed-zips/LIDO_maths1408_en.zip
LIDO_maths1408_hi.zip,compressed,11,11,501253,490598,0.48,0.47,10655,2.13,/home/santhosh/Desktop/audio-compressed-zips/LIDO_maths1408_hi.zip
LIDO_maths1408_kn.zip,compressed,11,11,505963,492482,0.48,0.47,13481,2.66,/home/santhosh/Desktop/audio-compressed-zips/LIDO_maths1408_kn.zip
LIDO_maths1412_en.zip,compressed,11,11,500547,489176,0.48,0.47,11371,2.27,/home/santhosh/Desktop/audio-compressed-zips/LIDO_maths1412_en.zip
LIDO_maths1412_hi.zip,compressed,11,11,501255,490600,0.48,0.47,10655,2.13,/home/santhosh/Desktop/audio-compressed-zips/LIDO_maths1412_hi.zip
LIDO_maths1412_kn.zip,compressed,11,11,505994,492513,0.48,0.47,13481,2.66,/home/santhosh/Desktop/audio-compressed-zips/LIDO_maths1412_kn.zip
LIDO_maths1506_en.zip,compressed,10,10,498464,487851,0.48,0.47,10613,2.13,/home/santhosh/Desktop/audio-compressed-zips/LIDO_maths1506_en.zip
LIDO_maths1506_hi.zip,compressed,10,10,498255,488689,0.48,0.47,9566,1.92,/home/santhosh/Desktop/audio-compressed-zips/LIDO_maths1506_hi.zip
LIDO_maths1506_kn.zip,compressed,10,10,502971,490698,0.48,0.47,12273,2.44,/home/santhosh/Desktop/audio-compressed-zips/LIDO_maths1506_kn.zip
LIDO_maths1507_en.zip,compressed,10,10,498405,487792,0.48,0.47,10613,2.13,/home/santhosh/Desktop/audio-compressed-zips/LIDO_maths1507_en.zip
LIDO_maths1507_hi.zip,compressed,10,10,498194,488628,0.48,0.47,9566,1.92,/home/santhosh/Desktop/audio-compressed-zips/LIDO_maths1507_hi.zip
LIDO_maths1507_kn.zip,compressed,10,10,502925,490652,0.48,0.47,12273,2.44,/home/santhosh/Desktop/audio-compressed-zips/LIDO_maths1507_kn.zip
LIDO_maths1508_en.zip,compressed,10,10,498422,487809,0.48,0.47,10613,2.13,/home/santhosh/Desktop/audio-compressed-zips/LIDO_maths1508_en.zip
LIDO_maths1508_hi.zip,compressed,10,10,498219,488653,0.48,0.47,9566,1.92,/home/santhosh/Desktop/audio-compressed-zips/LIDO_maths1508_hi.zip
LIDO_maths1508_kn.zip,compressed,10,10,502916,490643,0.48,0.47,12273,2.44,/home/santhosh/Desktop/audio-compressed-zips/LIDO_maths1508_kn.zip
LIDO_maths1905_en.zip,compressed,85,85,1674964,491324,1.6,0.47,1183640,70.67,/home/santhosh/Desktop/audio-compressed-zips/LIDO_maths1905_en.zip
LIDO_maths1905_hi.zip,compressed,85,85,1583829,492128,1.51,0.47,1091701,68.93,/home/santhosh/Desktop/audio-compressed-zips/LIDO_maths1905_hi.zip
LIDO_maths2000_hi.zip,compressed,10,10,497415,487948,0.47,0.47,9467,1.9,/home/santhosh/Desktop/audio-compressed-zips/LIDO_maths2000_hi.zip
LIDO_maths2000_kn.zip,compressed,10,10,502012,489684,0.48,0.47,12328,2.46,/home/santhosh/Desktop/audio-compressed-zips/LIDO_maths2000_kn.zip
LIDO_maths2002_en.zip,compressed,10,10,500010,488432,0.48,0.47,11578,2.32,/home/santhosh/Desktop/audio-compressed-zips/LIDO_maths2002_en.zip
LIDO_maths2002_hi.zip,compressed,10,10,501538,489795,0.48,0.47,11743,2.34,/home/santhosh/Desktop/audio-compressed-zips/LIDO_maths2002_hi.zip
LIDO_maths2002_kn.zip,compressed,10,10,506191,491870,0.48,0.47,14321,2.83,/home/santhosh/Desktop/audio-compressed-zips/LIDO_maths2002_kn.zip
LIDO_maths2005_en.zip,compressed,10,10,503380,490247,0.48,0.47,13133,2.61,/home/santhosh/Desktop/audio-compressed-zips/LIDO_maths2005_en.zip
LIDO_maths2005_hi.zip,compressed,10,10,504294,491099,0.48,0.47,13195,2.62,/home/santhosh/Desktop/audio-compressed-zips/LIDO_maths2005_hi.zip
LIDO_maths2005_kn.zip,compressed,10,10,509738,493786,0.49,0.47,15952,3.13,/home/santhosh/Desktop/audio-compressed-zips/LIDO_maths2005_kn.zip
LIDO_maths2210_en.zip,compressed,15,15,512004,495943,0.49,0.47,16061,3.14,/home/santhosh/Desktop/audio-compressed-zips/LIDO_maths2210_en.zip
LIDO_maths2211_en.zip,compressed,15,15,512001,495940,0.49,0.47,16061,3.14,/home/santhosh/Desktop/audio-compressed-zips/LIDO_maths2211_en.zip
LIDO_maths2212_en.zip,compressed,14,14,509910,494607,0.49,0.47,15303,3,/home/santhosh/Desktop/audio-compressed-zips/LIDO_maths2212_en.zip
LIDO_maths2212_hi.zip,compressed,14,14,511150,496441,0.49,0.47,14709,2.88,/home/santhosh/Desktop/audio-compressed-zips/LIDO_maths2212_hi.zip
LIDO_maths2213_en.zip,compressed,14,14,509907,494604,0.49,0.47,15303,3,/home/santhosh/Desktop/audio-compressed-zips/LIDO_maths2213_en.zip
LIDO_maths2213_hi.zip,compressed,14,14,511157,496448,0.49,0.47,14709,2.88,/home/santhosh/Desktop/audio-compressed-zips/LIDO_maths2213_hi.zip
LIDO_maths2215_en.zip,compressed,11,11,501776,489824,0.48,0.47,11952,2.38,/home/santhosh/Desktop/audio-compressed-zips/LIDO_maths2215_en.zip
LIDO_maths2215_hi.zip,compressed,11,11,501535,490593,0.48,0.47,10942,2.18,/home/santhosh/Desktop/audio-compressed-zips/LIDO_maths2215_hi.zip
LIDO_maths2215_kn.zip,compressed,11,11,506528,492759,0.48,0.47,13769,2.72,/home/santhosh/Desktop/audio-compressed-zips/LIDO_maths2215_kn.zip
LIDO_maths2216_en.zip,compressed,11,11,501755,489803,0.48,0.47,11952,2.38,/home/santhosh/Desktop/audio-compressed-zips/LIDO_maths2216_en.zip
LIDO_maths2216_hi.zip,compressed,11,11,501537,490595,0.48,0.47,10942,2.18,/home/santhosh/Desktop/audio-compressed-zips/LIDO_maths2216_hi.zip
LIDO_maths2216_kn.zip,compressed,11,11,506363,492594,0.48,0.47,13769,2.72,/home/santhosh/Desktop/audio-compressed-zips/LIDO_maths2216_kn.zip
LIDO_maths2304_en.zip,compressed,10,10,498463,487850,0.48,0.47,10613,2.13,/home/santhosh/Desktop/audio-compressed-zips/LIDO_maths2304_en.zip
LIDO_maths2304_hi.zip,compressed,10,10,498260,488694,0.48,0.47,9566,1.92,/home/santhosh/Desktop/audio-compressed-zips/LIDO_maths2304_hi.zip
LIDO_maths2304_kn.zip,compressed,10,10,502800,490527,0.48,0.47,12273,2.44,/home/santhosh/Desktop/audio-compressed-zips/LIDO_maths2304_kn.zip
LIDO_maths2305_en.zip,compressed,16,16,515363,497902,0.49,0.47,17461,3.39,/home/santhosh/Desktop/audio-compressed-zips/LIDO_maths2305_en.zip
LIDO_maths2306_en.zip,compressed,16,16,515323,497862,0.49,0.47,17461,3.39,/home/santhosh/Desktop/audio-compressed-zips/LIDO_maths2306_en.zip
LIDO_maths2307_en.zip,compressed,13,13,505036,491797,0.48,0.47,13239,2.62,/home/santhosh/Desktop/audio-compressed-zips/LIDO_maths2307_en.zip
LIDO_maths2307_hi.zip,compressed,13,13,507639,494352,0.48,0.47,13287,2.62,/home/santhosh/Desktop/audio-compressed-zips/LIDO_maths2307_hi.zip
LIDO_maths2307_kn.zip,compressed,13,13,513637,496938,0.49,0.47,16699,3.25,/home/santhosh/Desktop/audio-compressed-zips/LIDO_maths2307_kn.zip
LIDO_maths2716_en.zip,compressed,10,10,498460,487847,0.48,0.47,10613,2.13,/home/santhosh/Desktop/audio-compressed-zips/LIDO_maths2716_en.zip
LIDO_maths2716_hi.zip,compressed,10,10,498260,488694,0.48,0.47,9566,1.92,/home/santhosh/Desktop/audio-compressed-zips/LIDO_maths2716_hi.zip
LIDO_maths2716_kn.zip,compressed,10,10,502961,490688,0.48,0.47,12273,2.44,/home/santhosh/Desktop/audio-compressed-zips/LIDO_maths2716_kn.zip
LIDO_maths2717_en.zip,compressed,10,10,498487,487874,0.48,0.47,10613,2.13,/home/santhosh/Desktop/audio-compressed-zips/LIDO_maths2717_en.zip
LIDO_maths2717_hi.zip,compressed,10,10,498281,488715,0.48,0.47,9566,1.92,/home/santhosh/Desktop/audio-compressed-zips/LIDO_maths2717_hi.zip
LIDO_maths2717_kn.zip,compressed,10,10,502978,490705,0.48,0.47,12273,2.44,/home/santhosh/Desktop/audio-compressed-zips/LIDO_maths2717_kn.zip
LIDO_maths2718_en.zip,compressed,10,10,498463,487850,0.48,0.47,10613,2.13,/home/santhosh/Desktop/audio-compressed-zips/LIDO_maths2718_en.zip
LIDO_maths2718_hi.zip,compressed,10,10,498239,488673,0.48,0.47,9566,1.92,/home/santhosh/Desktop/audio-compressed-zips/LIDO_maths2718_hi.zip
LIDO_maths2718_kn.zip,compressed,10,10,502979,490706,0.48,0.47,12273,2.44,/home/santhosh/Desktop/audio-compressed-zips/LIDO_maths2718_kn.zip
LIDO_maths2719_en.zip,compressed,13,13,505009,491770,0.48,0.47,13239,2.62,/home/santhosh/Desktop/audio-compressed-zips/LIDO_maths2719_en.zip
LIDO_maths2719_hi.zip,compressed,13,13,507816,494529,0.48,0.47,13287,2.62,/home/santhosh/Desktop/audio-compressed-zips/LIDO_maths2719_hi.zip
LIDO_maths2719_kn.zip,compressed,13,13,513634,496935,0.49,0.47,16699,3.25,/home/santhosh/Desktop/audio-compressed-zips/LIDO_maths2719_kn.zip
assess_maths0007.zip,compressed,23,23,660158,495980,0.63,0.47,164178,24.87,/home/santhosh/Desktop/audio-compressed-zips/assess_maths0007.zip
LIDO_en3607.zip,compressed,6,6,568431,507753,0.54,0.48,60678,10.67,/home/santhosh/Desktop/audio-compressed-zips/LIDO_en3607.zip
LIDO_en_5215.zip,compressed,23,23,620720,504119,0.59,0.48,116601,18.78,/home/santhosh/Desktop/audio-compressed-zips/LIDO_en_5215.zip
LIDO_hi0703.zip,compressed,23,23,644775,506227,0.61,0.48,138548,21.49,/home/santhosh/Desktop/audio-compressed-zips/LIDO_hi0703.zip
LIDO_hi5312.zip,compressed,10,10,560206,503828,0.53,0.48,56378,10.06,/home/santhosh/Desktop/audio-compressed-zips/LIDO_hi5312.zip
LIDO_kn0407.zip,compressed,28,28,528789,501381,0.5,0.48,27408,5.18,/home/santhosh/Desktop/audio-compressed-zips/LIDO_kn0407.zip
LIDO_kn1903.zip,compressed,26,26,646039,508054,0.62,0.48,137985,21.36,/home/santhosh/Desktop/audio-compressed-zips/LIDO_kn1903.zip
LIDO_kn2010.zip,compressed,15,15,518398,504008,0.49,0.48,14390,2.78,/home/santhosh/Desktop/audio-compressed-zips/LIDO_kn2010.zip
LIDO_kn2202.zip,compressed,24,24,527336,506987,0.5,0.48,20349,3.86,/home/santhosh/Desktop/audio-compressed-zips/LIDO_kn2202.zip
LIDO_kn2601.zip,compressed,21,21,524405,500865,0.5,0.48,23540,4.49,/home/santhosh/Desktop/audio-compressed-zips/LIDO_kn2601.zip
LIDO_kn2_0102.zip,compressed,39,39,741175,498639,0.71,0.48,242536,32.72,/home/santhosh/Desktop/audio-compressed-zips/LIDO_kn2_0102.zip
LIDO_kn3405.zip,compressed,20,20,668509,500926,0.64,0.48,167583,25.07,/home/santhosh/Desktop/audio-compressed-zips/LIDO_kn3405.zip
LIDO_kn3600.zip,compressed,30,30,545699,506477,0.52,0.48,39222,7.19,/home/santhosh/Desktop/audio-compressed-zips/LIDO_kn3600.zip
LIDO_kn3807.zip,compressed,18,18,534928,508094,0.51,0.48,26834,5.02,/home/santhosh/Desktop/audio-compressed-zips/LIDO_kn3807.zip
LIDO_kn4816.zip,compressed,23,23,637489,498772,0.61,0.48,138717,21.76,/home/santhosh/Desktop/audio-compressed-zips/LIDO_kn4816.zip
LIDO_maths1413_en.zip,compressed,18,18,525555,503598,0.5,0.48,21957,4.18,/home/santhosh/Desktop/audio-compressed-zips/LIDO_maths1413_en.zip
LIDO_maths1413_hi.zip,compressed,18,18,526216,505404,0.5,0.48,20812,3.96,/home/santhosh/Desktop/audio-compressed-zips/LIDO_maths1413_hi.zip
LIDO_maths1414_en.zip,compressed,18,18,523233,502388,0.5,0.48,20845,3.98,/home/santhosh/Desktop/audio-compressed-zips/LIDO_maths1414_en.zip
LIDO_maths1414_hi.zip,compressed,18,18,524688,504717,0.5,0.48,19971,3.81,/home/santhosh/Desktop/audio-compressed-zips/LIDO_maths1414_hi.zip
LIDO_maths1414_kn.zip,compressed,18,18,533348,508380,0.51,0.48,24968,4.68,/home/santhosh/Desktop/audio-compressed-zips/LIDO_maths1414_kn.zip
LIDO_maths1415_en.zip,compressed,18,18,522947,502102,0.5,0.48,20845,3.99,/home/santhosh/Desktop/audio-compressed-zips/LIDO_maths1415_en.zip
LIDO_maths1415_hi.zip,compressed,18,18,524696,504725,0.5,0.48,19971,3.81,/home/santhosh/Desktop/audio-compressed-zips/LIDO_maths1415_hi.zip
LIDO_maths1415_kn.zip,compressed,18,18,533385,508417,0.51,0.48,24968,4.68,/home/santhosh/Desktop/audio-compressed-zips/LIDO_maths1415_kn.zip
LIDO_maths2203_en.zip,compressed,20,20,530390,506565,0.51,0.48,23825,4.49,/home/santhosh/Desktop/audio-compressed-zips/LIDO_maths2203_en.zip
LIDO_maths2204_en.zip,compressed,18,18,524026,502836,0.5,0.48,21190,4.04,/home/santhosh/Desktop/audio-compressed-zips/LIDO_maths2204_en.zip
LIDO_maths2204_hi.zip,compressed,18,18,525640,505176,0.5,0.48,20464,3.89,/home/santhosh/Desktop/audio-compressed-zips/LIDO_maths2204_hi.zip
LIDO_maths2205_en.zip,compressed,19,19,528330,505263,0.5,0.48,23067,4.37,/home/santhosh/Desktop/audio-compressed-zips/LIDO_maths2205_en.zip
LIDO_maths2205_hi.zip,compressed,19,19,529805,507450,0.51,0.48,22355,4.22,/home/santhosh/Desktop/audio-compressed-zips/LIDO_maths2205_hi.zip
LIDO_maths2206_en.zip,compressed,19,19,528322,505255,0.5,0.48,23067,4.37,/home/santhosh/Desktop/audio-compressed-zips/LIDO_maths2206_en.zip
LIDO_maths2206_hi.zip,compressed,19,19,529821,507466,0.51,0.48,22355,4.22,/home/santhosh/Desktop/audio-compressed-zips/LIDO_maths2206_hi.zip
LIDO_maths2207_en.zip,compressed,18,18,524050,502860,0.5,0.48,21190,4.04,/home/santhosh/Desktop/audio-compressed-zips/LIDO_maths2207_en.zip
LIDO_maths2207_hi.zip,compressed,18,18,525651,505187,0.5,0.48,20464,3.89,/home/santhosh/Desktop/audio-compressed-zips/LIDO_maths2207_hi.zip
LIDO_maths2208_en.zip,compressed,15,15,516858,498481,0.49,0.48,18377,3.56,/home/santhosh/Desktop/audio-compressed-zips/LIDO_maths2208_en.zip
LIDO_maths2208_hi.zip,compressed,15,15,516897,499685,0.49,0.48,17212,3.33,/home/santhosh/Desktop/audio-compressed-zips/LIDO_maths2208_hi.zip
LIDO_maths2208_kn.zip,compressed,15,15,522931,502243,0.5,0.48,20688,3.96,/home/santhosh/Desktop/audio-compressed-zips/LIDO_maths2208_kn.zip
LIDO_maths2209_en.zip,compressed,15,15,516858,498481,0.49,0.48,18377,3.56,/home/santhosh/Desktop/audio-compressed-zips/LIDO_maths2209_en.zip
LIDO_maths2209_hi.zip,compressed,15,15,516883,499671,0.49,0.48,17212,3.33,/home/santhosh/Desktop/audio-compressed-zips/LIDO_maths2209_hi.zip
LIDO_maths2209_kn.zip,compressed,15,15,522937,502249,0.5,0.48,20688,3.96,/home/santhosh/Desktop/audio-compressed-zips/LIDO_maths2209_kn.zip
LIDO_maths2210_hi.zip,compressed,15,15,514148,498350,0.49,0.48,15798,3.07,/home/santhosh/Desktop/audio-compressed-zips/LIDO_maths2210_hi.zip
LIDO_maths2210_kn.zip,compressed,15,15,521665,501758,0.5,0.48,19907,3.82,/home/santhosh/Desktop/audio-compressed-zips/LIDO_maths2210_kn.zip
LIDO_maths2211_hi.zip,compressed,15,15,514145,498347,0.49,0.48,15798,3.07,/home/santhosh/Desktop/audio-compressed-zips/LIDO_maths2211_hi.zip
LIDO_maths2211_kn.zip,compressed,15,15,521658,501751,0.5,0.48,19907,3.82,/home/santhosh/Desktop/audio-compressed-zips/LIDO_maths2211_kn.zip
LIDO_maths2212_kn.zip,compressed,14,14,518651,499952,0.49,0.48,18699,3.61,/home/santhosh/Desktop/audio-compressed-zips/LIDO_maths2212_kn.zip
LIDO_maths2213_kn.zip,compressed,14,14,518642,499943,0.49,0.48,18699,3.61,/home/santhosh/Desktop/audio-compressed-zips/LIDO_maths2213_kn.zip
LIDO_maths2214_en.zip,compressed,16,16,519933,500233,0.5,0.48,19700,3.79,/home/santhosh/Desktop/audio-compressed-zips/LIDO_maths2214_en.zip
LIDO_maths2214_hi.zip,compressed,16,16,519016,501131,0.49,0.48,17885,3.45,/home/santhosh/Desktop/audio-compressed-zips/LIDO_maths2214_hi.zip
LIDO_maths2214_kn.zip,compressed,16,16,526645,504514,0.5,0.48,22131,4.2,/home/santhosh/Desktop/audio-compressed-zips/LIDO_maths2214_kn.zip
LIDO_maths2217_en.zip,compressed,18,18,523902,502872,0.5,0.48,21030,4.01,/home/santhosh/Desktop/audio-compressed-zips/LIDO_maths2217_en.zip
LIDO_maths2217_hi.zip,compressed,18,18,524850,504848,0.5,0.48,20002,3.81,/home/santhosh/Desktop/audio-compressed-zips/LIDO_maths2217_hi.zip
LIDO_maths2217_kn.zip,compressed,18,18,533221,508499,0.51,0.48,24722,4.64,/home/santhosh/Desktop/audio-compressed-zips/LIDO_maths2217_kn.zip
LIDO_maths2218_en.zip,compressed,19,19,527312,504611,0.5,0.48,22701,4.31,/home/santhosh/Desktop/audio-compressed-zips/LIDO_maths2218_en.zip
LIDO_maths2218_hi.zip,compressed,19,19,528394,506877,0.5,0.48,21517,4.07,/home/santhosh/Desktop/audio-compressed-zips/LIDO_maths2218_hi.zip
LIDO_maths2305_hi.zip,compressed,16,16,517521,500475,0.49,0.48,17046,3.29,/home/santhosh/Desktop/audio-compressed-zips/LIDO_maths2305_hi.zip
LIDO_maths2305_kn.zip,compressed,16,16,525739,504119,0.5,0.48,21620,4.11,/home/santhosh/Desktop/audio-compressed-zips/LIDO_maths2305_kn.zip
LIDO_maths2306_hi.zip,compressed,16,16,517521,500475,0.49,0.48,17046,3.29,/home/santhosh/Desktop/audio-compressed-zips/LIDO_maths2306_hi.zip
LIDO_maths2306_kn.zip,compressed,16,16,525727,504107,0.5,0.48,21620,4.11,/home/santhosh/Desktop/audio-compressed-zips/LIDO_maths2306_kn.zip
assess_maths0002.zip,compressed,23,23,653507,501175,0.62,0.48,152332,23.31,/home/santhosh/Desktop/audio-compressed-zips/assess_maths0002.zip
assess_maths0012.zip,compressed,23,23,912311,506308,0.87,0.48,406003,44.5,/home/santhosh/Desktop/audio-compressed-zips/assess_maths0012.zip
EN_NC_00066.zip,compressed,65,65,1302643,509338,1.24,0.49,793305,60.9,/home/santhosh/Desktop/audio-compressed-zips/EN_NC_00066.zip
LIDO_hi0501.zip,compressed,48,48,912801,512045,0.87,0.49,400756,43.9,/home/santhosh/Desktop/audio-compressed-zips/LIDO_hi0501.zip
LIDO_hi0711.zip,compressed,63,63,1347705,512683,1.29,0.49,835022,61.96,/home/santhosh/Desktop/audio-compressed-zips/LIDO_hi0711.zip
LIDO_hi_3415.zip,compressed,41,40,767439,510873,0.73,0.49,256566,33.43,/home/santhosh/Desktop/audio-compressed-zips/LIDO_hi_3415.zip
LIDO_hi_3600.zip,compressed,24,24,672247,517638,0.64,0.49,154609,23,/home/santhosh/Desktop/audio-compressed-zips/LIDO_hi_3600.zip
LIDO_kn0603.zip,compressed,22,22,529894,510578,0.51,0.49,19316,3.65,/home/santhosh/Desktop/audio-compressed-zips/LIDO_kn0603.zip
LIDO_kn0907.zip,compressed,29,29,536683,511506,0.51,0.49,25177,4.69,/home/santhosh/Desktop/audio-compressed-zips/LIDO_kn0907.zip
LIDO_kn2002.zip,compressed,25,25,541006,518098,0.52,0.49,22908,4.23,/home/santhosh/Desktop/audio-compressed-zips/LIDO_kn2002.zip
LIDO_kn3104.zip,compressed,21,21,619319,514447,0.59,0.49,104872,16.93,/home/santhosh/Desktop/audio-compressed-zips/LIDO_kn3104.zip
LIDO_kn3703.zip,compressed,22,22,694834,510498,0.66,0.49,184336,26.53,/home/santhosh/Desktop/audio-compressed-zips/LIDO_kn3703.zip
LIDO_kn4006.zip,compressed,19,19,547100,514991,0.52,0.49,32109,5.87,/home/santhosh/Desktop/audio-compressed-zips/LIDO_kn4006.zip
LIDO_kn4304.zip,compressed,20,20,543003,516382,0.52,0.49,26621,4.9,/home/santhosh/Desktop/audio-compressed-zips/LIDO_kn4304.zip
LIDO_maths1413_kn.zip,compressed,18,18,533985,508881,0.51,0.49,25104,4.7,/home/santhosh/Desktop/audio-compressed-zips/LIDO_maths1413_kn.zip
LIDO_maths2200_en.zip,compressed,21,21,539678,511886,0.51,0.49,27792,5.15,/home/santhosh/Desktop/audio-compressed-zips/LIDO_maths2200_en.zip
LIDO_maths2200_hi.zip,compressed,21,21,541565,513638,0.52,0.49,27927,5.16,/home/santhosh/Desktop/audio-compressed-zips/LIDO_maths2200_hi.zip
LIDO_maths2200_kn.zip,compressed,21,21,552062,518991,0.53,0.49,33071,5.99,/home/santhosh/Desktop/audio-compressed-zips/LIDO_maths2200_kn.zip
LIDO_maths2201_en.zip,compressed,21,21,538538,511143,0.51,0.49,27395,5.09,/home/santhosh/Desktop/audio-compressed-zips/LIDO_maths2201_en.zip
LIDO_maths2201_hi.zip,compressed,21,21,539697,512997,0.51,0.49,26700,4.95,/home/santhosh/Desktop/audio-compressed-zips/LIDO_maths2201_hi.zip
LIDO_maths2201_kn.zip,compressed,21,21,548515,517238,0.52,0.49,31277,5.7,/home/santhosh/Desktop/audio-compressed-zips/LIDO_maths2201_kn.zip
LIDO_maths2202_en.zip,compressed,21,21,538935,511411,0.51,0.49,27524,5.11,/home/santhosh/Desktop/audio-compressed-zips/LIDO_maths2202_en.zip
LIDO_maths2202_hi.zip,compressed,21,21,541063,513453,0.52,0.49,27610,5.1,/home/santhosh/Desktop/audio-compressed-zips/LIDO_maths2202_hi.zip
LIDO_maths2202_kn.zip,compressed,21,21,550710,518394,0.53,0.49,32316,5.87,/home/santhosh/Desktop/audio-compressed-zips/LIDO_maths2202_kn.zip
LIDO_maths2203_hi.zip,compressed,20,20,532791,509347,0.51,0.49,23444,4.4,/home/santhosh/Desktop/audio-compressed-zips/LIDO_maths2203_hi.zip
LIDO_maths2203_kn.zip,compressed,20,20,541638,513316,0.52,0.49,28322,5.23,/home/santhosh/Desktop/audio-compressed-zips/LIDO_maths2203_kn.zip
LIDO_maths2204_kn.zip,compressed,18,18,533916,508925,0.51,0.49,24991,4.68,/home/santhosh/Desktop/audio-compressed-zips/LIDO_maths2204_kn.zip
LIDO_maths2205_kn.zip,compressed,19,19,538633,511519,0.51,0.49,27114,5.03,/home/santhosh/Desktop/audio-compressed-zips/LIDO_maths2205_kn.zip
LIDO_maths2206_kn.zip,compressed,19,19,538646,511532,0.51,0.49,27114,5.03,/home/santhosh/Desktop/audio-compressed-zips/LIDO_maths2206_kn.zip
LIDO_maths2207_kn.zip,compressed,18,18,533902,508911,0.51,0.49,24991,4.68,/home/santhosh/Desktop/audio-compressed-zips/LIDO_maths2207_kn.zip
LIDO_maths2218_kn.zip,compressed,19,19,537131,510671,0.51,0.49,26460,4.93,/home/santhosh/Desktop/audio-compressed-zips/LIDO_maths2218_kn.zip
LIDO_maths2801_en.zip,compressed,20,20,534586,509138,0.51,0.49,25448,4.76,/home/santhosh/Desktop/audio-compressed-zips/LIDO_maths2801_en.zip
LIDO_maths2801_hi.zip,compressed,20,20,536304,510922,0.51,0.49,25382,4.73,/home/santhosh/Desktop/audio-compressed-zips/LIDO_maths2801_hi.zip
LIDO_maths2801_kn.zip,compressed,20,20,547906,516550,0.52,0.49,31356,5.72,/home/santhosh/Desktop/audio-compressed-zips/LIDO_maths2801_kn.zip
LIDO_maths2802_en.zip,compressed,20,20,536105,509761,0.51,0.49,26344,4.91,/home/santhosh/Desktop/audio-compressed-zips/LIDO_maths2802_en.zip
LIDO_maths2802_hi.zip,compressed,20,20,535235,510485,0.51,0.49,24750,4.62,/home/santhosh/Desktop/audio-compressed-zips/LIDO_maths2802_hi.zip
LIDO_maths2802_kn.zip,compressed,20,20,546828,515989,0.52,0.49,30839,5.64,/home/santhosh/Desktop/audio-compressed-zips/LIDO_maths2802_kn.zip
assess_maths0008.zip,compressed,26,26,712189,517556,0.68,0.49,194633,27.33,/home/santhosh/Desktop/audio-compressed-zips/assess_maths0008.zip
HN_NC_00046.zip,compressed,13,13,574430,525262,0.55,0.5,49168,8.56,/home/santhosh/Desktop/audio-compressed-zips/HN_NC_00046.zip
LIDO_en0902.zip,compressed,49,49,625000,527711,0.6,0.5,97289,15.57,/home/santhosh/Desktop/audio-compressed-zips/LIDO_en0902.zip
LIDO_en_5119.zip,compressed,37,37,623404,525583,0.59,0.5,97821,15.69,/home/santhosh/Desktop/audio-compressed-zips/LIDO_en_5119.zip
LIDO_en_5202.zip,compressed,24,24,635155,523096,0.61,0.5,112059,17.64,/home/santhosh/Desktop/audio-compressed-zips/LIDO_en_5202.zip
LIDO_hi0606.zip,compressed,29,29,764943,525477,0.73,0.5,239466,31.31,/home/santhosh/Desktop/audio-compressed-zips/LIDO_hi0606.zip
LIDO_kn2_0901.zip,compressed,9,9,539953,526602,0.51,0.5,13351,2.47,/home/santhosh/Desktop/audio-compressed-zips/LIDO_kn2_0901.zip
LIDO_kn2_1105.zip,compressed,33,33,732765,523762,0.7,0.5,209003,28.52,/home/santhosh/Desktop/audio-compressed-zips/LIDO_kn2_1105.zip
LIDO_kn2_1305.zip,compressed,52,52,879141,529195,0.84,0.5,349946,39.81,/home/santhosh/Desktop/audio-compressed-zips/LIDO_kn2_1305.zip
LIDO_kn4507.zip,compressed,21,21,546349,522787,0.52,0.5,23562,4.31,/home/santhosh/Desktop/audio-compressed-zips/LIDO_kn4507.zip
LIDO_maths1104_kn.zip,compressed,70,70,6092463,526922,5.81,0.5,5565541,91.35,/home/santhosh/Desktop/audio-compressed-zips/LIDO_maths1104_kn.zip
LIDO_maths1905_kn.zip,compressed,85,85,2333013,523755,2.22,0.5,1809258,77.55,/home/santhosh/Desktop/audio-compressed-zips/LIDO_maths1905_kn.zip
assess_hi0003.zip,compressed,24,24,637916,527289,0.61,0.5,110627,17.34,/home/santhosh/Desktop/audio-compressed-zips/assess_hi0003.zip
assess_maths0003.zip,compressed,26,26,687105,524835,0.66,0.5,162270,23.62,/home/santhosh/Desktop/audio-compressed-zips/assess_maths0003.zip
LIDO_en2302.zip,compressed,35,35,627620,532457,0.6,0.51,95163,15.16,/home/santhosh/Desktop/audio-compressed-zips/LIDO_en2302.zip
LIDO_en4008.zip,compressed,14,14,724986,533566,0.69,0.51,191420,26.4,/home/santhosh/Desktop/audio-compressed-zips/LIDO_en4008.zip
LIDO_hi0910.zip,compressed,18,18,699568,530784,0.67,0.51,168784,24.13,/home/santhosh/Desktop/audio-compressed-zips/LIDO_hi0910.zip
LIDO_kn0108.zip,compressed,15,15,608447,530211,0.58,0.51,78236,12.86,/home/santhosh/Desktop/audio-compressed-zips/LIDO_kn0108.zip
LIDO_kn1603.zip,compressed,20,20,557017,539733,0.53,0.51,17284,3.1,/home/santhosh/Desktop/audio-compressed-zips/LIDO_kn1603.zip
LIDO_kn4308.zip,compressed,22,22,551843,532292,0.53,0.51,19551,3.54,/home/santhosh/Desktop/audio-compressed-zips/LIDO_kn4308.zip
assess_maths0013.zip,compressed,26,26,915966,529540,0.87,0.51,386426,42.19,/home/santhosh/Desktop/audio-compressed-zips/assess_maths0013.zip
pwc_0008.zip,compressed,33,33,779261,536506,0.74,0.51,242755,31.15,/home/santhosh/Desktop/audio-compressed-zips/pwc_0008.zip
pwc_0016.zip,compressed,46,46,793047,535619,0.76,0.51,257428,32.46,/home/santhosh/Desktop/audio-compressed-zips/pwc_0016.zip
pwc_0032.zip,compressed,46,46,798145,537866,0.76,0.51,260279,32.61,/home/santhosh/Desktop/audio-compressed-zips/pwc_0032.zip
LIDO_en_5219.zip,compressed,22,22,628263,543670,0.6,0.52,84593,13.46,/home/santhosh/Desktop/audio-compressed-zips/LIDO_en_5219.zip
LIDO_kn1101.zip,compressed,19,19,600107,549405,0.57,0.52,50702,8.45,/home/santhosh/Desktop/audio-compressed-zips/LIDO_kn1101.zip
LIDO_kn1502.zip,compressed,17,17,555360,541933,0.53,0.52,13427,2.42,/home/santhosh/Desktop/audio-compressed-zips/LIDO_kn1502.zip
LIDO_kn2_1604.zip,compressed,52,52,1026602,543788,0.98,0.52,482814,47.03,/home/santhosh/Desktop/audio-compressed-zips/LIDO_kn2_1604.zip
LIDO_kn3004.zip,compressed,24,24,582098,548962,0.56,0.52,33136,5.69,/home/santhosh/Desktop/audio-compressed-zips/LIDO_kn3004.zip
LIDO_kn4716.zip,compressed,23,23,684535,546784,0.65,0.52,137751,20.12,/home/santhosh/Desktop/audio-compressed-zips/LIDO_kn4716.zip
HN_NC_00041.zip,compressed,32,32,647046,555855,0.62,0.53,91191,14.09,/home/santhosh/Desktop/audio-compressed-zips/HN_NC_00041.zip
LIDO_en0205.zip,compressed,11,11,569523,555752,0.54,0.53,13771,2.42,/home/santhosh/Desktop/audio-compressed-zips/LIDO_en0205.zip
LIDO_en2412.zip,compressed,8,8,568576,556970,0.54,0.53,11606,2.04,/home/santhosh/Desktop/audio-compressed-zips/LIDO_en2412.zip
LIDO_en3405.zip,compressed,23,23,648392,553842,0.62,0.53,94550,14.58,/home/santhosh/Desktop/audio-compressed-zips/LIDO_en3405.zip
LIDO_en4004.zip,compressed,7,7,569259,559084,0.54,0.53,10175,1.79,/home/santhosh/Desktop/audio-compressed-zips/LIDO_en4004.zip
LIDO_en4010.zip,compressed,12,12,715088,553851,0.68,0.53,161237,22.55,/home/santhosh/Desktop/audio-compressed-zips/LIDO_en4010.zip
LIDO_hi_3608.zip,compressed,6,6,580086,551660,0.55,0.53,28426,4.9,/home/santhosh/Desktop/audio-compressed-zips/LIDO_hi_3608.zip
LIDO_kn0707.zip,compressed,27,27,583845,560651,0.56,0.53,23194,3.97,/home/santhosh/Desktop/audio-compressed-zips/LIDO_kn0707.zip
LIDO_kn0807.zip,compressed,25,25,579950,558166,0.55,0.53,21784,3.76,/home/santhosh/Desktop/audio-compressed-zips/LIDO_kn0807.zip
LIDO_kn0905.zip,compressed,20,20,577240,560677,0.55,0.53,16563,2.87,/home/santhosh/Desktop/audio-compressed-zips/LIDO_kn0905.zip
LIDO_kn4004.zip,compressed,30,30,592779,551792,0.57,0.53,40987,6.91,/home/santhosh/Desktop/audio-compressed-zips/LIDO_kn4004.zip
LIDO_kn4715.zip,compressed,29,29,599132,552092,0.57,0.53,47040,7.85,/home/santhosh/Desktop/audio-compressed-zips/LIDO_kn4715.zip
LIDO_maths1108_en.zip,compressed,100,100,1931069,551192,1.84,0.53,1379877,71.46,/home/santhosh/Desktop/audio-compressed-zips/LIDO_maths1108_en.zip
LIDO_maths1110_en.zip,compressed,110,110,1899802,554694,1.81,0.53,1345108,70.8,/home/santhosh/Desktop/audio-compressed-zips/LIDO_maths1110_en.zip
LIDO_maths2800_en.zip,compressed,42,42,615846,556684,0.59,0.53,59162,9.61,/home/santhosh/Desktop/audio-compressed-zips/LIDO_maths2800_en.zip
LIDO_maths2800_hi.zip,compressed,42,42,616047,558648,0.59,0.53,57399,9.32,/home/santhosh/Desktop/audio-compressed-zips/LIDO_maths2800_hi.zip
pwc_0002.zip,compressed,36,36,772588,560488,0.74,0.53,212100,27.45,/home/santhosh/Desktop/audio-compressed-zips/pwc_0002.zip
pwc_0009.zip,compressed,34,34,809315,555574,0.77,0.53,253741,31.35,/home/santhosh/Desktop/audio-compressed-zips/pwc_0009.zip
pwc_0027.zip,compressed,31,31,820502,552125,0.78,0.53,268377,32.71,/home/santhosh/Desktop/audio-compressed-zips/pwc_0027.zip
HM_NC_00055.zip,compressed,42,2,636453,562589,0.61,0.54,73864,11.61,/home/santhosh/Desktop/audio-compressed-zips/HM_NC_00055.zip
LIDO_en0900.zip,compressed,49,49,646316,561335,0.62,0.54,84981,13.15,/home/santhosh/Desktop/audio-compressed-zips/LIDO_en0900.zip
LIDO_en2009.zip,compressed,9,9,575276,561958,0.55,0.54,13318,2.32,/home/santhosh/Desktop/audio-compressed-zips/LIDO_en2009.zip
LIDO_en2603.zip,compressed,25,25,735065,569899,0.7,0.54,165166,22.47,/home/santhosh/Desktop/audio-compressed-zips/LIDO_en2603.zip
LIDO_en2706.zip,compressed,29,29,825976,571295,0.79,0.54,254681,30.83,/home/santhosh/Desktop/audio-compressed-zips/LIDO_en2706.zip
LIDO_en3412.zip,compressed,23,23,670086,568277,0.64,0.54,101809,15.19,/home/santhosh/Desktop/audio-compressed-zips/LIDO_en3412.zip
LIDO_hi1601.zip,compressed,36,36,955274,567846,0.91,0.54,387428,40.56,/home/santhosh/Desktop/audio-compressed-zips/LIDO_hi1601.zip
LIDO_kn2007.zip,compressed,22,22,591638,571159,0.56,0.54,20479,3.46,/home/santhosh/Desktop/audio-compressed-zips/LIDO_kn2007.zip
LIDO_kn2602.zip,compressed,21,21,585097,565118,0.56,0.54,19979,3.41,/home/santhosh/Desktop/audio-compressed-zips/LIDO_kn2602.zip
LIDO_kn3003.zip,compressed,22,22,607812,565358,0.58,0.54,42454,6.98,/home/santhosh/Desktop/audio-compressed-zips/LIDO_kn3003.zip
LIDO_kn3601.zip,compressed,21,21,600789,570374,0.57,0.54,30415,5.06,/home/santhosh/Desktop/audio-compressed-zips/LIDO_kn3601.zip
LIDO_maths1105_en.zip,compressed,110,110,1960591,567308,1.87,0.54,1393283,71.06,/home/santhosh/Desktop/audio-compressed-zips/LIDO_maths1105_en.zip
LIDO_maths2800_kn.zip,compressed,42,42,640063,569973,0.61,0.54,70090,10.95,/home/santhosh/Desktop/audio-compressed-zips/LIDO_maths2800_kn.zip
pwc_0004.zip,compressed,46,46,762372,569149,0.73,0.54,193223,25.34,/home/santhosh/Desktop/audio-compressed-zips/pwc_0004.zip
HM_NC_00003.zip,compressed,60,60,1565613,576718,1.49,0.55,988895,63.16,/home/santhosh/Desktop/audio-compressed-zips/HM_NC_00003.zip
HN_NC_00049.zip,compressed,35,35,1005698,580214,0.96,0.55,425484,42.31,/home/santhosh/Desktop/audio-compressed-zips/HN_NC_00049.zip
LIDO_en0002.zip,compressed,10,10,590233,577536,0.56,0.55,12697,2.15,/home/santhosh/Desktop/audio-compressed-zips/LIDO_en0002.zip
LIDO_en3404.zip,compressed,28,28,740195,579068,0.71,0.55,161127,21.77,/home/santhosh/Desktop/audio-compressed-zips/LIDO_en3404.zip
LIDO_en4005.zip,compressed,9,9,592188,576022,0.56,0.55,16166,2.73,/home/santhosh/Desktop/audio-compressed-zips/LIDO_en4005.zip
LIDO_en4006.zip,compressed,7,7,591847,579006,0.56,0.55,12841,2.17,/home/santhosh/Desktop/audio-compressed-zips/LIDO_en4006.zip
LIDO_en_5211.zip,compressed,26,26,714793,571928,0.68,0.55,142865,19.99,/home/santhosh/Desktop/audio-compressed-zips/LIDO_en_5211.zip
LIDO_hi0913.zip,compressed,25,25,777439,580591,0.74,0.55,196848,25.32,/home/santhosh/Desktop/audio-compressed-zips/LIDO_hi0913.zip
LIDO_kn0107.zip,compressed,22,22,594606,575290,0.57,0.55,19316,3.25,/home/santhosh/Desktop/audio-compressed-zips/LIDO_kn0107.zip
LIDO_kn2501.zip,compressed,19,19,601083,579431,0.57,0.55,21652,3.6,/home/santhosh/Desktop/audio-compressed-zips/LIDO_kn2501.zip
LIDO_kn2_0312.zip,compressed,17,17,586462,572425,0.56,0.55,14037,2.39,/home/santhosh/Desktop/audio-compressed-zips/LIDO_kn2_0312.zip
LIDO_kn3502.zip,compressed,23,23,758254,575952,0.72,0.55,182302,24.04,/home/santhosh/Desktop/audio-compressed-zips/LIDO_kn3502.zip
LIDO_kn4407.zip,compressed,23,23,601131,572569,0.57,0.55,28562,4.75,/home/santhosh/Desktop/audio-compressed-zips/LIDO_kn4407.zip
LIDO_maths1106_hi.zip,compressed,110,110,1854202,577200,1.77,0.55,1277002,68.87,/home/santhosh/Desktop/audio-compressed-zips/LIDO_maths1106_hi.zip
LIDO_maths1108_hi.zip,compressed,100,100,1829217,577245,1.74,0.55,1251972,68.44,/home/santhosh/Desktop/audio-compressed-zips/LIDO_maths1108_hi.zip
LIDO_maths1110_hi.zip,compressed,110,110,1855354,574857,1.77,0.55,1280497,69.02,/home/santhosh/Desktop/audio-compressed-zips/LIDO_maths1110_hi.zip
assess_en0003.zip,compressed,33,33,679953,580561,0.65,0.55,99392,14.62,/home/santhosh/Desktop/audio-compressed-zips/assess_en0003.zip
HN_NC_00005.zip,compressed,48,48,1436430,582138,1.37,0.56,854292,59.47,/home/santhosh/Desktop/audio-compressed-zips/HN_NC_00005.zip
HN_NC_00028.zip,compressed,14,14,1255565,591937,1.2,0.56,663628,52.85,/home/santhosh/Desktop/audio-compressed-zips/HN_NC_00028.zip
LIDO_en1804.zip,compressed,62,62,704035,590462,0.67,0.56,113573,16.13,/home/santhosh/Desktop/audio-compressed-zips/LIDO_en1804.zip
LIDO_en1806.zip,compressed,68,68,739342,588775,0.71,0.56,150567,20.37,/home/santhosh/Desktop/audio-compressed-zips/LIDO_en1806.zip
LIDO_en2703.zip,compressed,22,22,706685,585533,0.67,0.56,121152,17.14,/home/santhosh/Desktop/audio-compressed-zips/LIDO_en2703.zip
LIDO_en2707.zip,compressed,45,45,823801,587346,0.79,0.56,236455,28.7,/home/santhosh/Desktop/audio-compressed-zips/LIDO_en2707.zip
LIDO_en_5205.zip,compressed,25,25,696051,583248,0.66,0.56,112803,16.21,/home/santhosh/Desktop/audio-compressed-zips/LIDO_en_5205.zip
LIDO_en_quiz0003.zip,compressed,38,38,940422,586885,0.9,0.56,353537,37.59,/home/santhosh/Desktop/audio-compressed-zips/LIDO_en_quiz0003.zip
LIDO_hi5309.zip,compressed,12,12,638249,585607,0.61,0.56,52642,8.25,/home/santhosh/Desktop/audio-compressed-zips/LIDO_hi5309.zip
LIDO_kn0708.zip,compressed,19,19,688895,589001,0.66,0.56,99894,14.5,/home/santhosh/Desktop/audio-compressed-zips/LIDO_kn0708.zip
LIDO_kn4208.zip,compressed,16,16,607564,584268,0.58,0.56,23296,3.83,/home/santhosh/Desktop/audio-compressed-zips/LIDO_kn4208.zip
LIDO_kn4310.zip,compressed,20,20,602065,583921,0.57,0.56,18144,3.01,/home/santhosh/Desktop/audio-compressed-zips/LIDO_kn4310.zip
LIDO_maths1111_en.zip,compressed,109,109,2064786,592055,1.97,0.56,1472731,71.33,/home/santhosh/Desktop/audio-compressed-zips/LIDO_maths1111_en.zip
HN_NC_00063.zip,compressed,25,25,1042695,593686,0.99,0.57,449009,43.06,/home/santhosh/Desktop/audio-compressed-zips/HN_NC_00063.zip
LIDO_en2101.zip,compressed,30,30,656754,596224,0.63,0.57,60530,9.22,/home/santhosh/Desktop/audio-compressed-zips/LIDO_en2101.zip
LIDO_en_5076.zip,compressed,7,7,603460,593568,0.58,0.57,9892,1.64,/home/santhosh/Desktop/audio-compressed-zips/LIDO_en_5076.zip
LIDO_hi1305.zip,compressed,32,32,1013255,595970,0.97,0.57,417285,41.18,/home/santhosh/Desktop/audio-compressed-zips/LIDO_hi1305.zip
LIDO_hi5311.zip,compressed,10,10,641701,597833,0.61,0.57,43868,6.84,/home/santhosh/Desktop/audio-compressed-zips/LIDO_hi5311.zip
LIDO_hi_3401.zip,compressed,28,28,802001,598859,0.76,0.57,203142,25.33,/home/santhosh/Desktop/audio-compressed-zips/LIDO_hi_3401.zip
LIDO_kn0408.zip,compressed,23,23,732118,600551,0.7,0.57,131567,17.97,/home/santhosh/Desktop/audio-compressed-zips/LIDO_kn0408.zip
LIDO_kn0507.zip,compressed,28,28,619880,594490,0.59,0.57,25390,4.1,/home/santhosh/Desktop/audio-compressed-zips/LIDO_kn0507.zip
LIDO_kn2507.zip,compressed,25,25,747793,598338,0.71,0.57,149455,19.99,/home/santhosh/Desktop/audio-compressed-zips/LIDO_kn2507.zip
LIDO_kn2600.zip,compressed,21,21,617665,600068,0.59,0.57,17597,2.85,/home/santhosh/Desktop/audio-compressed-zips/LIDO_kn2600.zip
LIDO_kn2709.zip,compressed,20,20,621031,598092,0.59,0.57,22939,3.69,/home/santhosh/Desktop/audio-compressed-zips/LIDO_kn2709.zip
LIDO_kn2_1904.zip,compressed,33,33,852362,600810,0.81,0.57,251552,29.51,/home/santhosh/Desktop/audio-compressed-zips/LIDO_kn2_1904.zip
LIDO_kn3711.zip,compressed,29,29,632040,594760,0.6,0.57,37280,5.9,/home/santhosh/Desktop/audio-compressed-zips/LIDO_kn3711.zip
LIDO_kn4608.zip,compressed,27,27,618256,595448,0.59,0.57,22808,3.69,/home/santhosh/Desktop/audio-compressed-zips/LIDO_kn4608.zip
LIDO_maths1106_en.zip,compressed,110,110,2057242,600977,1.96,0.57,1456265,70.79,/home/santhosh/Desktop/audio-compressed-zips/LIDO_maths1106_en.zip
da8fdef0-3147-48ad-9cb2-20e5101f81dc.zip,compressed,1,1,636306,601503,0.61,0.57,34803,5.47,/home/santhosh/Desktop/audio-compressed-zips/da8fdef0-3147-48ad-9cb2-20e5101f81dc.zip
HI_HA_0067.zip,compressed,55,55,5194941,610244,4.95,0.58,4584697,88.25,/home/santhosh/Desktop/audio-compressed-zips/HI_HA_0067.zip
HI_HA_0068.zip,compressed,63,63,1630205,605398,1.55,0.58,1024807,62.86,/home/santhosh/Desktop/audio-compressed-zips/HI_HA_0068.zip
HN_NC_00013.zip,compressed,26,26,959077,609356,0.91,0.58,349721,36.46,/home/santhosh/Desktop/audio-compressed-zips/HN_NC_00013.zip
HN_NC_00027.zip,compressed,17,17,838043,609822,0.8,0.58,228221,27.23,/home/santhosh/Desktop/audio-compressed-zips/HN_NC_00027.zip
LIDO_en_5220.zip,compressed,25,25,749774,606772,0.72,0.58,143002,19.07,/home/santhosh/Desktop/audio-compressed-zips/LIDO_en_5220.zip
LIDO_hi1600.zip,compressed,31,31,965041,603668,0.92,0.58,361373,37.45,/home/santhosh/Desktop/audio-compressed-zips/LIDO_hi1600.zip
LIDO_kn1103.zip,compressed,30,30,682333,606093,0.65,0.58,76240,11.17,/home/santhosh/Desktop/audio-compressed-zips/LIDO_kn1103.zip
LIDO_kn1601.zip,compressed,21,21,621142,604377,0.59,0.58,16765,2.7,/home/santhosh/Desktop/audio-compressed-zips/LIDO_kn1601.zip
LIDO_kn1605.zip,compressed,24,24,626196,605659,0.6,0.58,20537,3.28,/home/santhosh/Desktop/audio-compressed-zips/LIDO_kn1605.zip
LIDO_kn2904.zip,compressed,24,24,771941,609301,0.74,0.58,162640,21.07,/home/santhosh/Desktop/audio-compressed-zips/LIDO_kn2904.zip
LIDO_kn2_2004.zip,compressed,29,29,827302,605964,0.79,0.58,221338,26.75,/home/santhosh/Desktop/audio-compressed-zips/LIDO_kn2_2004.zip
LIDO_maths1105_hi.zip,compressed,110,110,1955264,609989,1.86,0.58,1345275,68.8,/home/santhosh/Desktop/audio-compressed-zips/LIDO_maths1105_hi.zip
HM_NC_00017.zip,compressed,43,3,715949,621311,0.68,0.59,94638,13.22,/home/santhosh/Desktop/audio-compressed-zips/HM_NC_00017.zip
HN_NC_00048.zip,compressed,40,40,1112603,622545,1.06,0.59,490058,44.05,/home/santhosh/Desktop/audio-compressed-zips/HN_NC_00048.zip
LIDO_en0306.zip,compressed,12,12,639361,623876,0.61,0.59,15485,2.42,/home/santhosh/Desktop/audio-compressed-zips/LIDO_en0306.zip
LIDO_en2602.zip,compressed,32,32,875660,614770,0.84,0.59,260890,29.79,/home/santhosh/Desktop/audio-compressed-zips/LIDO_en2602.zip
LIDO_en2704.zip,compressed,36,36,742519,622789,0.71,0.59,119730,16.12,/home/santhosh/Desktop/audio-compressed-zips/LIDO_en2704.zip
LIDO_en_5201.zip,compressed,25,25,727941,621459,0.69,0.59,106482,14.63,/home/santhosh/Desktop/audio-compressed-zips/LIDO_en_5201.zip
LIDO_maths1107_hi.zip,compressed,110,110,1963598,614440,1.87,0.59,1349158,68.71,/home/santhosh/Desktop/audio-compressed-zips/LIDO_maths1107_hi.zip
LIDO_maths1107_kn.zip,compressed,110,110,7256203,621875,6.92,0.59,6634328,91.43,/home/santhosh/Desktop/audio-compressed-zips/LIDO_maths1107_kn.zip
LIDO_maths1111_hi.zip,compressed,109,109,1986714,617230,1.89,0.59,1369484,68.93,/home/santhosh/Desktop/audio-compressed-zips/LIDO_maths1111_hi.zip
LIDO_maths1312_kn.zip,compressed,5,5,640227,615911,0.61,0.59,24316,3.8,/home/santhosh/Desktop/audio-compressed-zips/LIDO_maths1312_kn.zip
pwc_0006.zip,compressed,44,44,829348,623747,0.79,0.59,205601,24.79,/home/santhosh/Desktop/audio-compressed-zips/pwc_0006.zip
EN_NC_00103.zip,compressed,35,35,1090901,624983,1.04,0.6,465918,42.71,/home/santhosh/Desktop/audio-compressed-zips/EN_NC_00103.zip
EN_NC_00109.zip,compressed,33,33,1331031,627855,1.27,0.6,703176,52.83,/home/santhosh/Desktop/audio-compressed-zips/EN_NC_00109.zip
HI_HA_0073.zip,compressed,55,55,1562369,629421,1.49,0.6,932948,59.71,/home/santhosh/Desktop/audio-compressed-zips/HI_HA_0073.zip
HN_NC_00015.zip,compressed,28,28,1591075,628172,1.52,0.6,962903,60.52,/home/santhosh/Desktop/audio-compressed-zips/HN_NC_00015.zip
HN_NC_00040.zip,compressed,32,32,726944,624492,0.69,0.6,102452,14.09,/home/santhosh/Desktop/audio-compressed-zips/HN_NC_00040.zip
HN_NC_00067.zip,compressed,29,29,1053056,633689,1,0.6,419367,39.82,/home/santhosh/Desktop/audio-compressed-zips/HN_NC_00067.zip
LIDO_en2409.zip,compressed,25,25,682596,633478,0.65,0.6,49118,7.2,/home/santhosh/Desktop/audio-compressed-zips/LIDO_en2409.zip
LIDO_en4001.zip,compressed,30,30,856531,632035,0.82,0.6,224496,26.21,/home/santhosh/Desktop/audio-compressed-zips/LIDO_en4001.zip
LIDO_en4002.zip,compressed,29,29,866178,625911,0.83,0.6,240267,27.74,/home/santhosh/Desktop/audio-compressed-zips/LIDO_en4002.zip
LIDO_kn0508.zip,compressed,18,18,709814,632838,0.68,0.6,76976,10.84,/home/santhosh/Desktop/audio-compressed-zips/LIDO_kn0508.zip
LIDO_kn4209.zip,compressed,23,23,668675,630187,0.64,0.6,38488,5.76,/home/santhosh/Desktop/audio-compressed-zips/LIDO_kn4209.zip
LIDO_kn4210.zip,compressed,22,22,652982,633270,0.62,0.6,19712,3.02,/home/santhosh/Desktop/audio-compressed-zips/LIDO_kn4210.zip
LIDO_kn4504.zip,compressed,31,31,677218,624908,0.65,0.6,52310,7.72,/home/santhosh/Desktop/audio-compressed-zips/LIDO_kn4504.zip
LIDO_maths1107_en.zip,compressed,110,110,2146333,630286,2.05,0.6,1516047,70.63,/home/santhosh/Desktop/audio-compressed-zips/LIDO_maths1107_en.zip
LIDO_maths1109_hi.zip,compressed,110,110,2078591,626040,1.98,0.6,1452551,69.88,/home/santhosh/Desktop/audio-compressed-zips/LIDO_maths1109_hi.zip
LIDO_maths1312_en.zip,compressed,5,5,663270,627612,0.63,0.6,35658,5.38,/home/santhosh/Desktop/audio-compressed-zips/LIDO_maths1312_en.zip
MT_NC_00000.zip,compressed,20,20,724866,628445,0.69,0.6,96421,13.3,/home/santhosh/Desktop/audio-compressed-zips/MT_NC_00000.zip
HI_HA_0056.zip,compressed,35,35,1056818,636014,1.01,0.61,420804,39.82,/home/santhosh/Desktop/audio-compressed-zips/HI_HA_0056.zip
HN_NC_00004.zip,compressed,37,37,825581,640346,0.79,0.61,185235,22.44,/home/santhosh/Desktop/audio-compressed-zips/HN_NC_00004.zip
HN_NC_00009.zip,compressed,32,32,821244,639032,0.78,0.61,182212,22.19,/home/santhosh/Desktop/audio-compressed-zips/HN_NC_00009.zip
HN_NC_00014.zip,compressed,33,33,1048233,643948,1,0.61,404285,38.57,/home/santhosh/Desktop/audio-compressed-zips/HN_NC_00014.zip
HN_NC_00050.zip,compressed,47,47,1084195,643859,1.03,0.61,440336,40.61,/home/santhosh/Desktop/audio-compressed-zips/HN_NC_00050.zip
LIDO_en2304.zip,compressed,37,37,733606,637897,0.7,0.61,95709,13.05,/home/santhosh/Desktop/audio-compressed-zips/LIDO_en2304.zip
LIDO_en3616.zip,compressed,20,20,905228,638709,0.86,0.61,266519,29.44,/home/santhosh/Desktop/audio-compressed-zips/LIDO_en3616.zip
LIDO_en_5048.zip,compressed,6,6,644631,635882,0.61,0.61,8749,1.36,/home/santhosh/Desktop/audio-compressed-zips/LIDO_en_5048.zip
LIDO_hi0502.zip,compressed,44,44,1068538,636368,1.02,0.61,432170,40.44,/home/santhosh/Desktop/audio-compressed-zips/LIDO_hi0502.zip
LIDO_hi0510_hi.zip,compressed,16,16,779825,644379,0.74,0.61,135446,17.37,/home/santhosh/Desktop/audio-compressed-zips/LIDO_hi0510_hi.zip
LIDO_hi1302.zip,compressed,20,20,846492,636566,0.81,0.61,209926,24.8,/home/santhosh/Desktop/audio-compressed-zips/LIDO_hi1302.zip
LIDO_hi1410.zip,compressed,30,30,955089,644661,0.91,0.61,310428,32.5,/home/santhosh/Desktop/audio-compressed-zips/LIDO_hi1410.zip
LIDO_hi5310.zip,compressed,17,17,715328,640803,0.68,0.61,74525,10.42,/home/santhosh/Desktop/audio-compressed-zips/LIDO_hi5310.zip
LIDO_kn2006.zip,compressed,18,18,656749,641598,0.63,0.61,15151,2.31,/home/santhosh/Desktop/audio-compressed-zips/LIDO_kn2006.zip
LIDO_kn2408.zip,compressed,21,21,657930,640286,0.63,0.61,17644,2.68,/home/santhosh/Desktop/audio-compressed-zips/LIDO_kn2408.zip
LIDO_maths1103_kn.zip,compressed,80,80,7402414,642627,7.06,0.61,6759787,91.32,/home/santhosh/Desktop/audio-compressed-zips/LIDO_maths1103_kn.zip
LIDO_maths1109_en.zip,compressed,110,110,2241644,638729,2.14,0.61,1602915,71.51,/home/santhosh/Desktop/audio-compressed-zips/LIDO_maths1109_en.zip
assess_maths0005.zip,compressed,21,21,795473,640009,0.76,0.61,155464,19.54,/home/santhosh/Desktop/audio-compressed-zips/assess_maths0005.zip
assess_maths0010.zip,compressed,21,21,697564,636725,0.67,0.61,60839,8.72,/home/santhosh/Desktop/audio-compressed-zips/assess_maths0010.zip
pwc_0005.zip,compressed,44,44,828360,636153,0.79,0.61,192207,23.2,/home/santhosh/Desktop/audio-compressed-zips/pwc_0005.zip
EN_NC_00033.zip,compressed,14,14,780447,653072,0.74,0.62,127375,16.32,/home/santhosh/Desktop/audio-compressed-zips/EN_NC_00033.zip
EN_NC_00062.zip,compressed,30,30,961628,647125,0.92,0.62,314503,32.71,/home/santhosh/Desktop/audio-compressed-zips/EN_NC_00062.zip
HI_HA_0057.zip,compressed,82,82,1236724,653142,1.18,0.62,583582,47.19,/home/santhosh/Desktop/audio-compressed-zips/HI_HA_0057.zip
HN_NC_00032.zip,compressed,28,28,730025,645044,0.7,0.62,84981,11.64,/home/santhosh/Desktop/audio-compressed-zips/HN_NC_00032.zip
HN_NC_00036.zip,compressed,35,35,969130,650477,0.92,0.62,318653,32.88,/home/santhosh/Desktop/audio-compressed-zips/HN_NC_00036.zip
HN_NC_00042.zip,compressed,30,30,1067183,646416,1.02,0.62,420767,39.43,/home/santhosh/Desktop/audio-compressed-zips/HN_NC_00042.zip
LIDO_en0909.zip,compressed,38,38,720640,649689,0.69,0.62,70951,9.85,/home/santhosh/Desktop/audio-compressed-zips/LIDO_en0909.zip
LIDO_en1909.zip,compressed,17,17,682967,650393,0.65,0.62,32574,4.77,/home/santhosh/Desktop/audio-compressed-zips/LIDO_en1909.zip
LIDO_en2008.zip,compressed,40,40,857281,653306,0.82,0.62,203975,23.79,/home/santhosh/Desktop/audio-compressed-zips/LIDO_en2008.zip
LIDO_en3803.zip,compressed,43,43,1004976,651019,0.96,0.62,353957,35.22,/home/santhosh/Desktop/audio-compressed-zips/LIDO_en3803.zip
LIDO_en_5109.zip,compressed,45,45,785588,653547,0.75,0.62,132041,16.81,/home/santhosh/Desktop/audio-compressed-zips/LIDO_en_5109.zip
LIDO_hi1304.zip,compressed,39,39,1104490,647329,1.05,0.62,457161,41.39,/home/santhosh/Desktop/audio-compressed-zips/LIDO_hi1304.zip
LIDO_hi1407.zip,compressed,26,26,873608,652341,0.83,0.62,221267,25.33,/home/santhosh/Desktop/audio-compressed-zips/LIDO_hi1407.zip
LIDO_hi1605.zip,compressed,32,32,1020826,654678,0.97,0.62,366148,35.87,/home/santhosh/Desktop/audio-compressed-zips/LIDO_hi1605.zip
LIDO_kn1100.zip,compressed,19,19,700096,655171,0.67,0.62,44925,6.42,/home/santhosh/Desktop/audio-compressed-zips/LIDO_kn1100.zip
LIDO_kn1900.zip,compressed,30,30,676477,649827,0.65,0.62,26650,3.94,/home/santhosh/Desktop/audio-compressed-zips/LIDO_kn1900.zip
LIDO_kn2900.zip,compressed,19,19,686021,651787,0.65,0.62,34234,4.99,/home/santhosh/Desktop/audio-compressed-zips/LIDO_kn2900.zip
LIDO_kn2_0605.zip,compressed,35,35,700409,652099,0.67,0.62,48310,6.9,/home/santhosh/Desktop/audio-compressed-zips/LIDO_kn2_0605.zip
LIDO_kn3604.zip,compressed,23,23,758524,650705,0.72,0.62,107819,14.21,/home/santhosh/Desktop/audio-compressed-zips/LIDO_kn3604.zip
LIDO_maths1109_kn.zip,compressed,110,110,8355324,652587,7.97,0.62,7702737,92.19,/home/santhosh/Desktop/audio-compressed-zips/LIDO_maths1109_kn.zip
MT_NC_00017.zip,compressed,28,28,751943,653530,0.72,0.62,98413,13.09,/home/santhosh/Desktop/audio-compressed-zips/MT_NC_00017.zip
MT_NC_00033.zip,compressed,29,29,790936,650128,0.75,0.62,140808,17.8,/home/santhosh/Desktop/audio-compressed-zips/MT_NC_00033.zip
assess_maths0000.zip,compressed,21,21,819325,648927,0.78,0.62,170398,20.8,/home/santhosh/Desktop/audio-compressed-zips/assess_maths0000.zip
EN_NC_00114.zip,compressed,33,33,1124184,664057,1.07,0.63,460127,40.93,/home/santhosh/Desktop/audio-compressed-zips/EN_NC_00114.zip
HN_NC_00047.zip,compressed,39,39,1304613,665158,1.24,0.63,639455,49.01,/home/santhosh/Desktop/audio-compressed-zips/HN_NC_00047.zip
LIDO_en2_PreQuiz.zip,compressed,73,73,1232329,662542,1.18,0.63,569787,46.24,/home/santhosh/Desktop/audio-compressed-zips/LIDO_en2_PreQuiz.zip
LIDO_en_5058.zip,compressed,5,5,665908,659329,0.64,0.63,6579,0.99,/home/santhosh/Desktop/audio-compressed-zips/LIDO_en_5058.zip
LIDO_en_5063.zip,compressed,8,8,667811,657833,0.64,0.63,9978,1.49,/home/santhosh/Desktop/audio-compressed-zips/LIDO_en_5063.zip
LIDO_hi0802.zip,compressed,29,29,842466,663512,0.8,0.63,178954,21.24,/home/santhosh/Desktop/audio-compressed-zips/LIDO_hi0802.zip
LIDO_hi1309.zip,compressed,33,33,1066280,657127,1.02,0.63,409153,38.37,/home/santhosh/Desktop/audio-compressed-zips/LIDO_hi1309.zip
LIDO_hi5307.zip,compressed,9,9,714636,657903,0.68,0.63,56733,7.94,/home/santhosh/Desktop/audio-compressed-zips/LIDO_hi5307.zip
LIDO_kn0307.zip,compressed,24,24,687690,664752,0.66,0.63,22938,3.34,/home/santhosh/Desktop/audio-compressed-zips/LIDO_kn0307.zip
LIDO_kn2_1200.zip,compressed,16,16,769215,656160,0.73,0.63,113055,14.7,/home/santhosh/Desktop/audio-compressed-zips/LIDO_kn2_1200.zip
LIDO_kn2_1700.zip,compressed,6,6,671855,663496,0.64,0.63,8359,1.24,/home/santhosh/Desktop/audio-compressed-zips/LIDO_kn2_1700.zip
LIDO_maths1106_kn.zip,compressed,110,110,7288972,662669,6.95,0.63,6626303,90.91,/home/santhosh/Desktop/audio-compressed-zips/LIDO_maths1106_kn.zip
LIDO_maths1111_kn.zip,compressed,109,109,10117194,665684,9.65,0.63,9451510,93.42,/home/santhosh/Desktop/audio-compressed-zips/LIDO_maths1111_kn.zip
MT_NC_00041.zip,compressed,24,24,768054,661867,0.73,0.63,106187,13.83,/home/santhosh/Desktop/audio-compressed-zips/MT_NC_00041.zip
EN_NC_00058.zip,compressed,23,23,755971,673964,0.72,0.64,82007,10.85,/home/santhosh/Desktop/audio-compressed-zips/EN_NC_00058.zip
HN_NC_00003.zip,compressed,44,44,865396,670843,0.83,0.64,194553,22.48,/home/santhosh/Desktop/audio-compressed-zips/HN_NC_00003.zip
HN_NC_00038.zip,compressed,41,41,1040423,668845,0.99,0.64,371578,35.71,/home/santhosh/Desktop/audio-compressed-zips/HN_NC_00038.zip
LIDO_en0910.zip,compressed,43,43,747276,672874,0.71,0.64,74402,9.96,/home/santhosh/Desktop/audio-compressed-zips/LIDO_en0910.zip
LIDO_en1910.zip,compressed,14,14,695317,670308,0.66,0.64,25009,3.6,/home/santhosh/Desktop/audio-compressed-zips/LIDO_en1910.zip
LIDO_en1919.zip,compressed,10,10,699647,667457,0.67,0.64,32190,4.6,/home/santhosh/Desktop/audio-compressed-zips/LIDO_en1919.zip
LIDO_en2610.zip,compressed,32,32,867768,675985,0.83,0.64,191783,22.1,/home/santhosh/Desktop/audio-compressed-zips/LIDO_en2610.zip
LIDO_en3609.zip,compressed,7,7,738320,670811,0.7,0.64,67509,9.14,/home/santhosh/Desktop/audio-compressed-zips/LIDO_en3609.zip
LIDO_en_5204.zip,compressed,25,25,822235,668401,0.78,0.64,153834,18.71,/home/santhosh/Desktop/audio-compressed-zips/LIDO_en_5204.zip
LIDO_kn0611.zip,compressed,28,28,697575,672185,0.67,0.64,25390,3.64,/home/santhosh/Desktop/audio-compressed-zips/LIDO_kn0611.zip
LIDO_kn2500.zip,compressed,15,15,784486,673424,0.75,0.64,111062,14.16,/home/santhosh/Desktop/audio-compressed-zips/LIDO_kn2500.zip
LIDO_kn3804.zip,compressed,25,25,715728,672818,0.68,0.64,42910,6,/home/santhosh/Desktop/audio-compressed-zips/LIDO_kn3804.zip
LIDO_kn4104.zip,compressed,32,32,708856,666152,0.68,0.64,42704,6.02,/home/santhosh/Desktop/audio-compressed-zips/LIDO_kn4104.zip
LIDO_kn4309.zip,compressed,20,20,690793,669205,0.66,0.64,21588,3.13,/home/santhosh/Desktop/audio-compressed-zips/LIDO_kn4309.zip
EN_NC_00044.zip,compressed,33,33,1199920,682436,1.14,0.65,517484,43.13,/home/santhosh/Desktop/audio-compressed-zips/EN_NC_00044.zip
HN_NC_00029.zip,compressed,44,44,973170,683063,0.93,0.65,290107,29.81,/home/santhosh/Desktop/audio-compressed-zips/HN_NC_00029.zip
HN_NC_00044.zip,compressed,37,37,1294402,682439,1.23,0.65,611963,47.28,/home/santhosh/Desktop/audio-compressed-zips/HN_NC_00044.zip
HN_NC_00054.zip,compressed,42,42,1488760,680578,1.42,0.65,808182,54.29,/home/santhosh/Desktop/audio-compressed-zips/HN_NC_00054.zip
LIDO_en_5012.zip,compressed,5,5,686677,680098,0.65,0.65,6579,0.96,/home/santhosh/Desktop/audio-compressed-zips/LIDO_en_5012.zip
LIDO_en_5022.zip,compressed,7,7,688095,679597,0.66,0.65,8498,1.24,/home/santhosh/Desktop/audio-compressed-zips/LIDO_en_5022.zip
LIDO_kn1803.zip,compressed,23,23,710394,684882,0.68,0.65,25512,3.59,/home/santhosh/Desktop/audio-compressed-zips/LIDO_kn1803.zip
LIDO_kn2_0200.zip,compressed,5,5,688947,682878,0.66,0.65,6069,0.88,/home/santhosh/Desktop/audio-compressed-zips/LIDO_kn2_0200.zip
LIDO_kn2_1000.zip,compressed,13,13,714071,680909,0.68,0.65,33162,4.64,/home/santhosh/Desktop/audio-compressed-zips/LIDO_kn2_1000.zip
c3002e52-6e5b-4b32-a69f-274634b45825.zip,unchanged (compression gave no saving),0,0,678368,678368,0.65,0.65,0,0,/home/santhosh/Desktop/audio-compressed-zips/c3002e52-6e5b-4b32-a69f-274634b45825.zip
EN_NC_00014.zip,compressed,23,23,770687,695320,0.73,0.66,75367,9.78,/home/santhosh/Desktop/audio-compressed-zips/EN_NC_00014.zip
EN_NC_00028.zip,compressed,21,21,764595,694297,0.73,0.66,70298,9.19,/home/santhosh/Desktop/audio-compressed-zips/EN_NC_00028.zip
EN_NC_00115.zip,compressed,28,28,841709,692267,0.8,0.66,149442,17.75,/home/santhosh/Desktop/audio-compressed-zips/EN_NC_00115.zip
LIDO_en2303.zip,compressed,35,35,760087,693193,0.72,0.66,66894,8.8,/home/santhosh/Desktop/audio-compressed-zips/LIDO_en2303.zip
LIDO_en3608.zip,compressed,6,6,734183,691823,0.7,0.66,42360,5.77,/home/santhosh/Desktop/audio-compressed-zips/LIDO_en3608.zip
LIDO_en_5207.zip,compressed,24,24,822593,690688,0.78,0.66,131905,16.04,/home/santhosh/Desktop/audio-compressed-zips/LIDO_en_5207.zip
LIDO_kn0005.zip,compressed,12,12,706048,694065,0.67,0.66,11983,1.7,/home/santhosh/Desktop/audio-compressed-zips/LIDO_kn0005.zip
LIDO_kn3906.zip,compressed,15,15,708855,695965,0.68,0.66,12890,1.82,/home/santhosh/Desktop/audio-compressed-zips/LIDO_kn3906.zip
LIDO_maths1105_kn.zip,compressed,110,110,8911576,690200,8.5,0.66,8221376,92.26,/home/santhosh/Desktop/audio-compressed-zips/LIDO_maths1105_kn.zip
LIDO_maths1108_kn.zip,compressed,100,100,11600394,694493,11.06,0.66,10905901,94.01,/home/santhosh/Desktop/audio-compressed-zips/LIDO_maths1108_kn.zip
MT_NC_00055.zip,compressed,34,34,817682,691507,0.78,0.66,126175,15.43,/home/santhosh/Desktop/audio-compressed-zips/MT_NC_00055.zip
MT_NC_00069.zip,compressed,35,35,4505127,691149,4.3,0.66,3813978,84.66,/home/santhosh/Desktop/audio-compressed-zips/MT_NC_00069.zip
assess_maths0006.zip,compressed,36,36,904793,695005,0.86,0.66,209788,23.19,/home/santhosh/Desktop/audio-compressed-zips/assess_maths0006.zip
EN_NC_00082.zip,compressed,36,36,848892,704844,0.81,0.67,144048,16.97,/home/santhosh/Desktop/audio-compressed-zips/EN_NC_00082.zip
HN_NC_00031.zip,compressed,34,34,1007901,701748,0.96,0.67,306153,30.38,/home/santhosh/Desktop/audio-compressed-zips/HN_NC_00031.zip
HN_NC_00053.zip,compressed,47,47,1341304,707306,1.28,0.67,633998,47.27,/home/santhosh/Desktop/audio-compressed-zips/HN_NC_00053.zip
HN_NC_00080.zip,compressed,41,41,1616077,705661,1.54,0.67,910416,56.33,/home/santhosh/Desktop/audio-compressed-zips/HN_NC_00080.zip
LIDO_en0706.zip,compressed,34,34,807374,698514,0.77,0.67,108860,13.48,/home/santhosh/Desktop/audio-compressed-zips/LIDO_en0706.zip
LIDO_en0904.zip,compressed,42,42,794792,701475,0.76,0.67,93317,11.74,/home/santhosh/Desktop/audio-compressed-zips/LIDO_en0904.zip
LIDO_en1914.zip,compressed,9,9,731669,700161,0.7,0.67,31508,4.31,/home/santhosh/Desktop/audio-compressed-zips/LIDO_en1914.zip
LIDO_en4100.zip,compressed,8,8,949900,703145,0.91,0.67,246755,25.98,/home/santhosh/Desktop/audio-compressed-zips/LIDO_en4100.zip
LIDO_en_5203.zip,compressed,25,25,851514,702977,0.81,0.67,148537,17.44,/home/santhosh/Desktop/audio-compressed-zips/LIDO_en_5203.zip
LIDO_en_5209.zip,compressed,22,22,837782,706466,0.8,0.67,131316,15.67,/home/santhosh/Desktop/audio-compressed-zips/LIDO_en_5209.zip
assess_maths0001.zip,compressed,36,36,865151,699295,0.83,0.67,165856,19.17,/home/santhosh/Desktop/audio-compressed-zips/assess_maths0001.zip
assess_maths0011.zip,compressed,36,36,1151389,702975,1.1,0.67,448414,38.95,/home/santhosh/Desktop/audio-compressed-zips/assess_maths0011.zip
EN_NC_00010.zip,compressed,45,45,913522,714822,0.87,0.68,198700,21.75,/home/santhosh/Desktop/audio-compressed-zips/EN_NC_00010.zip
EN_NC_00013.zip,compressed,43,43,950929,715414,0.91,0.68,235515,24.77,/home/santhosh/Desktop/audio-compressed-zips/EN_NC_00013.zip
EN_NC_00048.zip,compressed,32,32,1061990,711436,1.01,0.68,350554,33.01,/home/santhosh/Desktop/audio-compressed-zips/EN_NC_00048.zip
HN_NC_00007.zip,compressed,40,40,898977,717530,0.86,0.68,181447,20.18,/home/santhosh/Desktop/audio-compressed-zips/HN_NC_00007.zip
HN_NC_00043.zip,compressed,22,22,1380390,712300,1.32,0.68,668090,48.4,/home/santhosh/Desktop/audio-compressed-zips/HN_NC_00043.zip
HN_NC_00087.zip,compressed,35,35,1710784,716905,1.63,0.68,993879,58.09,/home/santhosh/Desktop/audio-compressed-zips/HN_NC_00087.zip
HN_NC_00166.zip,compressed,14,14,2650524,708563,2.53,0.68,1941961,73.27,/home/santhosh/Desktop/audio-compressed-zips/HN_NC_00166.zip
LIDO_en_5106.zip,compressed,35,35,838917,709613,0.8,0.68,129304,15.41,/home/santhosh/Desktop/audio-compressed-zips/LIDO_en_5106.zip
LIDO_en_5212.zip,compressed,22,22,845267,712776,0.81,0.68,132491,15.67,/home/santhosh/Desktop/audio-compressed-zips/LIDO_en_5212.zip
LIDO_hi_3403.zip,compressed,6,6,764606,717952,0.73,0.68,46654,6.1,/home/santhosh/Desktop/audio-compressed-zips/LIDO_hi_3403.zip
LIDO_kn2502.zip,compressed,24,24,732601,712577,0.7,0.68,20024,2.73,/home/santhosh/Desktop/audio-compressed-zips/LIDO_kn2502.zip
LIDO_kn2_1100.zip,compressed,10,10,719328,708301,0.69,0.68,11027,1.53,/home/santhosh/Desktop/audio-compressed-zips/LIDO_kn2_1100.zip
LIDO_kn4610.zip,compressed,25,25,737792,712658,0.7,0.68,25134,3.41,/home/santhosh/Desktop/audio-compressed-zips/LIDO_kn4610.zip
EN_NC_00073.zip,compressed,25,25,1820373,722028,1.74,0.69,1098345,60.34,/home/santhosh/Desktop/audio-compressed-zips/EN_NC_00073.zip
HN_NC_00037.zip,compressed,44,44,1256721,721172,1.2,0.69,535549,42.61,/home/santhosh/Desktop/audio-compressed-zips/HN_NC_00037.zip
HN_NC_00138.zip,compressed,34,34,1097033,724019,1.05,0.69,373014,34,/home/santhosh/Desktop/audio-compressed-zips/HN_NC_00138.zip
LIDO_en2612.zip,compressed,35,35,1055234,725234,1.01,0.69,330000,31.27,/home/santhosh/Desktop/audio-compressed-zips/LIDO_en2612.zip
LIDO_en3615.zip,compressed,26,26,969241,722972,0.92,0.69,246269,25.41,/home/santhosh/Desktop/audio-compressed-zips/LIDO_en3615.zip
LIDO_en4003.zip,compressed,22,22,797962,720335,0.76,0.69,77627,9.73,/home/santhosh/Desktop/audio-compressed-zips/LIDO_en4003.zip
LIDO_en_5206.zip,compressed,25,25,833165,728709,0.79,0.69,104456,12.54,/home/santhosh/Desktop/audio-compressed-zips/LIDO_en_5206.zip
LIDO_hi_3503.zip,compressed,15,15,847124,726249,0.81,0.69,120875,14.27,/home/santhosh/Desktop/audio-compressed-zips/LIDO_hi_3503.zip
LIDO_kn2_1300.zip,compressed,32,32,956484,726681,0.91,0.69,229803,24.03,/home/santhosh/Desktop/audio-compressed-zips/LIDO_kn2_1300.zip
EN_NC_00011.zip,compressed,39,39,879063,736262,0.84,0.7,142801,16.24,/home/santhosh/Desktop/audio-compressed-zips/EN_NC_00011.zip
EN_NC_00015.zip,compressed,20,20,799917,730084,0.76,0.7,69833,8.73,/home/santhosh/Desktop/audio-compressed-zips/EN_NC_00015.zip
EN_NC_00124.zip,compressed,35,35,1521864,736167,1.45,0.7,785697,51.63,/home/santhosh/Desktop/audio-compressed-zips/EN_NC_00124.zip
HN_NC_00058.zip,compressed,47,47,914683,734363,0.87,0.7,180320,19.71,/home/santhosh/Desktop/audio-compressed-zips/HN_NC_00058.zip
HN_NC_00070.zip,compressed,47,47,1332076,735030,1.27,0.7,597046,44.82,/home/santhosh/Desktop/audio-compressed-zips/HN_NC_00070.zip
HN_NC_00076.zip,compressed,40,40,899246,738910,0.86,0.7,160336,17.83,/home/santhosh/Desktop/audio-compressed-zips/HN_NC_00076.zip
LIDO_en1609.zip,compressed,41,41,831908,731905,0.79,0.7,100003,12.02,/home/santhosh/Desktop/audio-compressed-zips/LIDO_en1609.zip
LIDO_en3403.zip,compressed,6,6,782020,736783,0.75,0.7,45237,5.78,/home/santhosh/Desktop/audio-compressed-zips/LIDO_en3403.zip
LIDO_hi1403.zip,compressed,25,25,991888,732081,0.95,0.7,259807,26.19,/home/santhosh/Desktop/audio-compressed-zips/LIDO_hi1403.zip
LIDO_kn0705.zip,compressed,29,29,757078,732131,0.72,0.7,24947,3.3,/home/santhosh/Desktop/audio-compressed-zips/LIDO_kn0705.zip
EN_NC_00023.zip,compressed,28,28,893314,743907,0.85,0.71,149407,16.73,/home/santhosh/Desktop/audio-compressed-zips/EN_NC_00023.zip
HM_NC_00043.zip,compressed,31,31,1077306,744405,1.03,0.71,332901,30.9,/home/santhosh/Desktop/audio-compressed-zips/HM_NC_00043.zip
HN_NC_00026.zip,compressed,30,30,806601,741421,0.77,0.71,65180,8.08,/home/santhosh/Desktop/audio-compressed-zips/HN_NC_00026.zip
HN_NC_00051.zip,compressed,43,43,961361,746585,0.92,0.71,214776,22.34,/home/santhosh/Desktop/audio-compressed-zips/HN_NC_00051.zip
LIDO_en3202.zip,compressed,17,17,920620,748188,0.88,0.71,172432,18.73,/home/santhosh/Desktop/audio-compressed-zips/LIDO_en3202.zip
LIDO_en4000.zip,compressed,34,34,1053280,742767,1,0.71,310513,29.48,/home/santhosh/Desktop/audio-compressed-zips/LIDO_en4000.zip
LIDO_en_5200.zip,compressed,21,21,852772,746920,0.81,0.71,105852,12.41,/home/santhosh/Desktop/audio-compressed-zips/LIDO_en_5200.zip
LIDO_kn1400.zip,compressed,29,29,792946,748442,0.76,0.71,44504,5.61,/home/santhosh/Desktop/audio-compressed-zips/LIDO_kn1400.zip
LIDO_kn1700.zip,compressed,27,27,769334,747540,0.73,0.71,21794,2.83,/home/santhosh/Desktop/audio-compressed-zips/LIDO_kn1700.zip
LIDO_kn2_0101.zip,compressed,10,10,759289,743633,0.72,0.71,15656,2.06,/home/santhosh/Desktop/audio-compressed-zips/LIDO_kn2_0101.zip
LIDO_kn3806.zip,compressed,18,18,775494,749655,0.74,0.71,25839,3.33,/home/santhosh/Desktop/audio-compressed-zips/LIDO_kn3806.zip
EN_NC_00006.zip,compressed,34,34,900433,754073,0.86,0.72,146360,16.25,/home/santhosh/Desktop/audio-compressed-zips/EN_NC_00006.zip
HM_NC_00009.zip,compressed,23,23,3753794,751128,3.58,0.72,3002666,79.99,/home/santhosh/Desktop/audio-compressed-zips/HM_NC_00009.zip
HN_NC_00020.zip,compressed,47,47,1611791,757007,1.54,0.72,854784,53.03,/home/santhosh/Desktop/audio-compressed-zips/HN_NC_00020.zip
HN_NC_00159.zip,compressed,27,27,3028227,754908,2.89,0.72,2273319,75.07,/home/santhosh/Desktop/audio-compressed-zips/HN_NC_00159.zip
LIDO_hi1409.zip,compressed,32,32,1079704,757522,1.03,0.72,322182,29.84,/home/santhosh/Desktop/audio-compressed-zips/LIDO_hi1409.zip
LIDO_kn1102.zip,compressed,33,33,838870,758251,0.8,0.72,80619,9.61,/home/santhosh/Desktop/audio-compressed-zips/LIDO_kn1102.zip
LIDO_kn2410.zip,compressed,24,24,781172,759956,0.74,0.72,21216,2.72,/home/santhosh/Desktop/audio-compressed-zips/LIDO_kn2410.zip
LIDO_kn4204.zip,compressed,33,33,799377,753748,0.76,0.72,45629,5.71,/home/santhosh/Desktop/audio-compressed-zips/LIDO_kn4204.zip
MT_NC_00012.zip,compressed,39,39,1128486,752515,1.08,0.72,375971,33.32,/home/santhosh/Desktop/audio-compressed-zips/MT_NC_00012.zip
MT_NC_00048.zip,compressed,37,37,4071722,754348,3.88,0.72,3317374,81.47,/home/santhosh/Desktop/audio-compressed-zips/MT_NC_00048.zip
EN_NC_00029.zip,compressed,31,31,846234,760637,0.81,0.73,85597,10.12,/home/santhosh/Desktop/audio-compressed-zips/EN_NC_00029.zip
EN_NC_00061.zip,compressed,43,43,1257833,767301,1.2,0.73,490532,39,/home/santhosh/Desktop/audio-compressed-zips/EN_NC_00061.zip
EN_NC_00075.zip,compressed,23,23,842669,768811,0.8,0.73,73858,8.76,/home/santhosh/Desktop/audio-compressed-zips/EN_NC_00075.zip
HM_NC_00048.zip,compressed,37,37,1336655,763703,1.27,0.73,572952,42.86,/home/santhosh/Desktop/audio-compressed-zips/HM_NC_00048.zip
HN_NC_00012.zip,compressed,47,47,1547267,764822,1.48,0.73,782445,50.57,/home/santhosh/Desktop/audio-compressed-zips/HN_NC_00012.zip
HN_NC_00157.zip,compressed,37,37,1486099,769091,1.42,0.73,717008,48.25,/home/santhosh/Desktop/audio-compressed-zips/HN_NC_00157.zip
HN_NC_00165.zip,compressed,31,31,1518493,762495,1.45,0.73,755998,49.79,/home/santhosh/Desktop/audio-compressed-zips/HN_NC_00165.zip
LIDO_en3300.zip,compressed,28,28,1021578,764612,0.97,0.73,256966,25.15,/home/santhosh/Desktop/audio-compressed-zips/LIDO_en3300.zip
LIDO_en4009.zip,compressed,14,14,961577,770157,0.92,0.73,191420,19.91,/home/santhosh/Desktop/audio-compressed-zips/LIDO_en4009.zip
LIDO_kn3904.zip,compressed,29,29,803210,761599,0.77,0.73,41611,5.18,/home/santhosh/Desktop/audio-compressed-zips/LIDO_kn3904.zip
EN_NC_00040.zip,compressed,21,21,851705,779313,0.81,0.74,72392,8.5,/home/santhosh/Desktop/audio-compressed-zips/EN_NC_00040.zip
EN_NC_00084.zip,compressed,19,19,848016,780076,0.81,0.74,67940,8.01,/home/santhosh/Desktop/audio-compressed-zips/EN_NC_00084.zip
EN_NC_00089.zip,compressed,21,21,865614,780623,0.83,0.74,84991,9.82,/home/santhosh/Desktop/audio-compressed-zips/EN_NC_00089.zip
HI_HA_0028.zip,compressed,39,39,1221451,771938,1.16,0.74,449513,36.8,/home/santhosh/Desktop/audio-compressed-zips/HI_HA_0028.zip
HN_NC_00002.zip,compressed,50,50,987284,774937,0.94,0.74,212347,21.51,/home/santhosh/Desktop/audio-compressed-zips/HN_NC_00002.zip
HN_NC_00068.zip,compressed,45,45,1243120,774059,1.19,0.74,469061,37.73,/home/santhosh/Desktop/audio-compressed-zips/HN_NC_00068.zip
LIDO_en1912.zip,compressed,20,20,807472,775576,0.77,0.74,31896,3.95,/home/santhosh/Desktop/audio-compressed-zips/LIDO_en1912.zip
LIDO_en2402.zip,compressed,31,31,893248,777519,0.85,0.74,115729,12.96,/home/santhosh/Desktop/audio-compressed-zips/LIDO_en2402.zip
LIDO_en2410.zip,compressed,12,12,804880,773346,0.77,0.74,31534,3.92,/home/santhosh/Desktop/audio-compressed-zips/LIDO_en2410.zip
LIDO_en2611.zip,compressed,35,35,1086530,771133,1.04,0.74,315397,29.03,/home/santhosh/Desktop/audio-compressed-zips/LIDO_en2611.zip
LIDO_en_5303.zip,compressed,25,25,888985,774939,0.85,0.74,114046,12.83,/home/santhosh/Desktop/audio-compressed-zips/LIDO_en_5303.zip
LIDO_kn2409.zip,compressed,24,24,799385,774106,0.76,0.74,25279,3.16,/home/santhosh/Desktop/audio-compressed-zips/LIDO_kn2409.zip
LIDO_kn2708.zip,compressed,24,24,823266,772558,0.79,0.74,50708,6.16,/home/santhosh/Desktop/audio-compressed-zips/LIDO_kn2708.zip
LIDO_kn4404.zip,compressed,30,30,800580,772019,0.76,0.74,28561,3.57,/home/santhosh/Desktop/audio-compressed-zips/LIDO_kn4404.zip
LIDO_maths1110_kn.zip,compressed,110,110,12892726,773064,12.3,0.74,12119662,94,/home/santhosh/Desktop/audio-compressed-zips/LIDO_maths1110_kn.zip
MT_NC_00006.zip,compressed,44,44,4591978,778695,4.38,0.74,3813283,83.04,/home/santhosh/Desktop/audio-compressed-zips/MT_NC_00006.zip
assess_en0002.zip,compressed,20,20,842845,780575,0.8,0.74,62270,7.39,/home/santhosh/Desktop/audio-compressed-zips/assess_en0002.zip
EN_NC_00049.zip,compressed,20,20,854132,783821,0.81,0.75,70311,8.23,/home/santhosh/Desktop/audio-compressed-zips/EN_NC_00049.zip
EN_NC_00080.zip,compressed,49,49,940836,783556,0.9,0.75,157280,16.72,/home/santhosh/Desktop/audio-compressed-zips/EN_NC_00080.zip
EN_NC_00093.zip,compressed,21,21,861345,791349,0.82,0.75,69996,8.13,/home/santhosh/Desktop/audio-compressed-zips/EN_NC_00093.zip
EN_NC_00125.zip,compressed,32,32,1657980,784418,1.58,0.75,873562,52.69,/home/santhosh/Desktop/audio-compressed-zips/EN_NC_00125.zip
HI_HA_0004.zip,compressed,46,46,6237017,786532,5.95,0.75,5450485,87.39,/home/santhosh/Desktop/audio-compressed-zips/HI_HA_0004.zip
HM_NC_00021.zip,compressed,47,2,844063,789745,0.8,0.75,54318,6.44,/home/santhosh/Desktop/audio-compressed-zips/HM_NC_00021.zip
HM_NC_00086.zip,compressed,89,5,974073,789413,0.93,0.75,184660,18.96,/home/santhosh/Desktop/audio-compressed-zips/HM_NC_00086.zip
HN_NC_00062.zip,compressed,44,44,1329170,786564,1.27,0.75,542606,40.82,/home/santhosh/Desktop/audio-compressed-zips/HN_NC_00062.zip
HN_NC_00077.zip,compressed,43,43,1006423,791434,0.96,0.75,214989,21.36,/home/santhosh/Desktop/audio-compressed-zips/HN_NC_00077.zip
HN_NC_00105.zip,compressed,46,46,1468148,790648,1.4,0.75,677500,46.15,/home/santhosh/Desktop/audio-compressed-zips/HN_NC_00105.zip
LIDO_en3201.zip,compressed,33,33,1089599,786671,1.04,0.75,302928,27.8,/home/santhosh/Desktop/audio-compressed-zips/LIDO_en3201.zip
LIDO_hi1412.zip,compressed,24,24,990460,784613,0.94,0.75,205847,20.78,/home/santhosh/Desktop/audio-compressed-zips/LIDO_hi1412.zip
LIDO_kn0205.zip,compressed,27,27,806197,781948,0.77,0.75,24249,3.01,/home/santhosh/Desktop/audio-compressed-zips/LIDO_kn0205.zip
LIDO_kn2100.zip,compressed,33,33,823720,788843,0.79,0.75,34877,4.23,/home/santhosh/Desktop/audio-compressed-zips/LIDO_kn2100.zip
LIDO_kn3500.zip,compressed,39,39,838623,790961,0.8,0.75,47662,5.68,/home/santhosh/Desktop/audio-compressed-zips/LIDO_kn3500.zip
MT_NC_00013.zip,compressed,26,26,975852,785852,0.93,0.75,190000,19.47,/home/santhosh/Desktop/audio-compressed-zips/MT_NC_00013.zip
assess_maths0009.zip,compressed,21,21,1244617,784505,1.19,0.75,460112,36.97,/home/santhosh/Desktop/audio-compressed-zips/assess_maths0009.zip
EN_NC_00027.zip,compressed,23,23,871492,796923,0.83,0.76,74569,8.56,/home/santhosh/Desktop/audio-compressed-zips/EN_NC_00027.zip
EN_NC_00042.zip,compressed,62,62,1026670,799869,0.98,0.76,226801,22.09,/home/santhosh/Desktop/audio-compressed-zips/EN_NC_00042.zip
EN_NC_00074.zip,compressed,39,39,1107212,792069,1.06,0.76,315143,28.46,/home/santhosh/Desktop/audio-compressed-zips/EN_NC_00074.zip
EN_NC_00091.zip,compressed,48,48,1304697,801552,1.24,0.76,503145,38.56,/home/santhosh/Desktop/audio-compressed-zips/EN_NC_00091.zip
EN_NC_00112.zip,compressed,33,33,1797086,792018,1.71,0.76,1005068,55.93,/home/santhosh/Desktop/audio-compressed-zips/EN_NC_00112.zip
HN_NC_00021.zip,compressed,49,49,1524218,802045,1.45,0.76,722173,47.38,/home/santhosh/Desktop/audio-compressed-zips/HN_NC_00021.zip
HN_NC_00035.zip,compressed,60,60,1605151,802064,1.53,0.76,803087,50.03,/home/santhosh/Desktop/audio-compressed-zips/HN_NC_00035.zip
HN_NC_00045.zip,compressed,56,56,1345103,797302,1.28,0.76,547801,40.73,/home/santhosh/Desktop/audio-compressed-zips/HN_NC_00045.zip
HN_NC_00055.zip,compressed,58,58,2369851,792799,2.26,0.76,1577052,66.55,/home/santhosh/Desktop/audio-compressed-zips/HN_NC_00055.zip
HN_NC_00107.zip,compressed,37,37,1640026,796517,1.56,0.76,843509,51.43,/home/santhosh/Desktop/audio-compressed-zips/HN_NC_00107.zip
LIDO_hi_3400.zip,compressed,32,32,1093834,792508,1.04,0.76,301326,27.55,/home/santhosh/Desktop/audio-compressed-zips/LIDO_hi_3400.zip
LIDO_hi_3502.zip,compressed,21,21,983457,794330,0.94,0.76,189127,19.23,/home/santhosh/Desktop/audio-compressed-zips/LIDO_hi_3502.zip
LIDO_hi_3601.zip,compressed,23,23,1042962,795499,0.99,0.76,247463,23.73,/home/santhosh/Desktop/audio-compressed-zips/LIDO_hi_3601.zip
LIDO_maths1312_hi.zip,compressed,8,8,951691,800850,0.91,0.76,150841,15.85,/home/santhosh/Desktop/audio-compressed-zips/LIDO_maths1312_hi.zip
assess_maths0004.zip,compressed,21,21,1156366,800596,1.1,0.76,355770,30.77,/home/santhosh/Desktop/audio-compressed-zips/assess_maths0004.zip
EN_NC_00012.zip,compressed,43,43,936250,809054,0.89,0.77,127196,13.59,/home/santhosh/Desktop/audio-compressed-zips/EN_NC_00012.zip
EN_NC_00051.zip,compressed,32,32,1355533,805657,1.29,0.77,549876,40.57,/home/santhosh/Desktop/audio-compressed-zips/EN_NC_00051.zip
EN_NC_00108.zip,compressed,49,49,1917792,802213,1.83,0.77,1115579,58.17,/home/santhosh/Desktop/audio-compressed-zips/EN_NC_00108.zip
EN_NC_00118.zip,compressed,57,57,1826652,803847,1.74,0.77,1022805,55.99,/home/santhosh/Desktop/audio-compressed-zips/EN_NC_00118.zip
HN_NC_00006.zip,compressed,65,65,1783823,804672,1.7,0.77,979151,54.89,/home/santhosh/Desktop/audio-compressed-zips/HN_NC_00006.zip
HN_NC_00064.zip,compressed,49,49,1594826,809606,1.52,0.77,785220,49.24,/home/santhosh/Desktop/audio-compressed-zips/HN_NC_00064.zip
HN_NC_00073.zip,compressed,27,27,1724688,804124,1.64,0.77,920564,53.38,/home/santhosh/Desktop/audio-compressed-zips/HN_NC_00073.zip
HN_NC_00116.zip,compressed,52,52,1486740,808064,1.42,0.77,678676,45.65,/home/santhosh/Desktop/audio-compressed-zips/HN_NC_00116.zip
HN_NC_00150.zip,compressed,41,41,1286672,803631,1.23,0.77,483041,37.54,/home/santhosh/Desktop/audio-compressed-zips/HN_NC_00150.zip
HN_NC_00184.zip,compressed,43,43,1414121,811741,1.35,0.77,602380,42.6,/home/santhosh/Desktop/audio-compressed-zips/HN_NC_00184.zip
HN_NC_00186.zip,compressed,32,32,4968056,811226,4.74,0.77,4156830,83.67,/home/santhosh/Desktop/audio-compressed-zips/HN_NC_00186.zip
LIDO_hi1405.zip,compressed,30,30,1092810,807815,1.04,0.77,284995,26.08,/home/santhosh/Desktop/audio-compressed-zips/LIDO_hi1405.zip
LIDO_kn1005.zip,compressed,20,20,828998,809775,0.79,0.77,19223,2.32,/home/santhosh/Desktop/audio-compressed-zips/LIDO_kn1005.zip
LIDO_kn2300.zip,compressed,32,32,830545,803118,0.79,0.77,27427,3.3,/home/santhosh/Desktop/audio-compressed-zips/LIDO_kn2300.zip
LIDO_kn2707.zip,compressed,23,23,836938,805557,0.8,0.77,31381,3.75,/home/santhosh/Desktop/audio-compressed-zips/LIDO_kn2707.zip
EN_NC_00024.zip,compressed,17,17,872284,822996,0.83,0.78,49288,5.65,/home/santhosh/Desktop/audio-compressed-zips/EN_NC_00024.zip
EN_NC_00060.zip,compressed,24,24,897658,821760,0.86,0.78,75898,8.46,/home/santhosh/Desktop/audio-compressed-zips/EN_NC_00060.zip
EN_NC_00092.zip,compressed,40,40,1386600,818909,1.32,0.78,567691,40.94,/home/santhosh/Desktop/audio-compressed-zips/EN_NC_00092.zip
EN_NC_00116.zip,compressed,25,25,1629636,820704,1.55,0.78,808932,49.64,/home/santhosh/Desktop/audio-compressed-zips/EN_NC_00116.zip
HI_HA_0065.zip,compressed,47,47,5501983,814134,5.25,0.78,4687849,85.2,/home/santhosh/Desktop/audio-compressed-zips/HI_HA_0065.zip
HM_NC_00012.zip,compressed,20,20,1256449,819282,1.2,0.78,437167,34.79,/home/santhosh/Desktop/audio-compressed-zips/HM_NC_00012.zip
HN_NC_00074.zip,compressed,35,35,1649186,814227,1.57,0.78,834959,50.63,/home/santhosh/Desktop/audio-compressed-zips/HN_NC_00074.zip
HN_NC_00081.zip,compressed,54,54,2318957,822225,2.21,0.78,1496732,64.54,/home/santhosh/Desktop/audio-compressed-zips/HN_NC_00081.zip
HN_NC_00130.zip,compressed,44,44,1866068,815689,1.78,0.78,1050379,56.29,/home/santhosh/Desktop/audio-compressed-zips/HN_NC_00130.zip
LIDO_en0908.zip,compressed,38,38,912645,821944,0.87,0.78,90701,9.94,/home/santhosh/Desktop/audio-compressed-zips/LIDO_en0908.zip
LIDO_en3617.zip,compressed,20,20,1013169,815058,0.97,0.78,198111,19.55,/home/santhosh/Desktop/audio-compressed-zips/LIDO_en3617.zip
LIDO_en_5217.zip,compressed,26,26,949874,820826,0.91,0.78,129048,13.59,/home/santhosh/Desktop/audio-compressed-zips/LIDO_en_5217.zip
LIDO_en_5221.zip,compressed,27,27,944873,820360,0.9,0.78,124513,13.18,/home/santhosh/Desktop/audio-compressed-zips/LIDO_en_5221.zip
LIDO_hi1414.zip,compressed,30,30,1144535,819474,1.09,0.78,325061,28.4,/home/santhosh/Desktop/audio-compressed-zips/LIDO_hi1414.zip
LIDO_kn1702.zip,compressed,40,40,850184,814944,0.81,0.78,35240,4.14,/home/santhosh/Desktop/audio-compressed-zips/LIDO_kn1702.zip
EN_NC_00110.zip,compressed,52,52,1630192,823694,1.55,0.79,806498,49.47,/home/santhosh/Desktop/audio-compressed-zips/EN_NC_00110.zip
EN_NC_00117.zip,compressed,60,60,1751919,825952,1.67,0.79,925967,52.85,/home/santhosh/Desktop/audio-compressed-zips/EN_NC_00117.zip
HI_HA_0010.zip,compressed,61,61,4461696,828454,4.26,0.79,3633242,81.43,/home/santhosh/Desktop/audio-compressed-zips/HI_HA_0010.zip
HN_NC_00011.zip,compressed,50,50,1587808,823200,1.51,0.79,764608,48.15,/home/santhosh/Desktop/audio-compressed-zips/HN_NC_00011.zip
HN_NC_00039.zip,compressed,52,52,1060172,826802,1.01,0.79,233370,22.01,/home/santhosh/Desktop/audio-compressed-zips/HN_NC_00039.zip
HN_NC_00066.zip,compressed,28,28,922249,831552,0.88,0.79,90697,9.83,/home/santhosh/Desktop/audio-compressed-zips/HN_NC_00066.zip
HN_NC_00069.zip,compressed,60,60,1785386,831314,1.7,0.79,954072,53.44,/home/santhosh/Desktop/audio-compressed-zips/HN_NC_00069.zip
HN_NC_00088.zip,compressed,47,47,1575537,824075,1.5,0.79,751462,47.7,/home/santhosh/Desktop/audio-compressed-zips/HN_NC_00088.zip
LIDO_en0905.zip,compressed,48,48,915681,825436,0.87,0.79,90245,9.86,/home/santhosh/Desktop/audio-compressed-zips/LIDO_en0905.zip
LIDO_en3101.zip,compressed,18,18,857362,825937,0.82,0.79,31425,3.67,/home/santhosh/Desktop/audio-compressed-zips/LIDO_en3101.zip
LIDO_en3613.zip,compressed,36,36,1211128,832573,1.16,0.79,378555,31.26,/home/santhosh/Desktop/audio-compressed-zips/LIDO_en3613.zip
LIDO_en3614.zip,compressed,33,33,1195347,824011,1.14,0.79,371336,31.07,/home/santhosh/Desktop/audio-compressed-zips/LIDO_en3614.zip
MT_NC_00062.zip,compressed,33,33,1005587,833249,0.96,0.79,172338,17.14,/home/santhosh/Desktop/audio-compressed-zips/MT_NC_00062.zip
assess_maths0014.zip,compressed,21,21,1199997,825957,1.14,0.79,374040,31.17,/home/santhosh/Desktop/audio-compressed-zips/assess_maths0014.zip
EN_NC_00137.zip,compressed,36,36,1121902,838210,1.07,0.8,283692,25.29,/home/santhosh/Desktop/audio-compressed-zips/EN_NC_00137.zip
HN_NC_00082.zip,compressed,55,55,2912881,834810,2.78,0.8,2078071,71.34,/home/santhosh/Desktop/audio-compressed-zips/HN_NC_00082.zip
LIDO_en2403.zip,compressed,45,45,978454,837410,0.93,0.8,141044,14.41,/home/santhosh/Desktop/audio-compressed-zips/LIDO_en2403.zip
MT_NC_00005.zip,compressed,43,43,1135700,839926,1.08,0.8,295774,26.04,/home/santhosh/Desktop/audio-compressed-zips/MT_NC_00005.zip
assess_en0001.zip,compressed,55,55,988793,844070,0.94,0.8,144723,14.64,/home/santhosh/Desktop/audio-compressed-zips/assess_en0001.zip
HN_NC_00024.zip,compressed,53,53,1737995,847116,1.66,0.81,890879,51.26,/home/santhosh/Desktop/audio-compressed-zips/HN_NC_00024.zip
HN_NC_00089.zip,compressed,54,54,1185797,853539,1.13,0.81,332258,28.02,/home/santhosh/Desktop/audio-compressed-zips/HN_NC_00089.zip
HN_NC_00106.zip,compressed,43,43,1782984,849253,1.7,0.81,933731,52.37,/home/santhosh/Desktop/audio-compressed-zips/HN_NC_00106.zip
HN_NC_00112.zip,compressed,64,64,1884745,849538,1.8,0.81,1035207,54.93,/home/santhosh/Desktop/audio-compressed-zips/HN_NC_00112.zip
HN_NC_00121.zip,compressed,46,46,1895185,853913,1.81,0.81,1041272,54.94,/home/santhosh/Desktop/audio-compressed-zips/HN_NC_00121.zip
HN_NC_00145.zip,compressed,62,62,1512629,849726,1.44,0.81,662903,43.82,/home/santhosh/Desktop/audio-compressed-zips/HN_NC_00145.zip
LIDO_hi_5003.zip,compressed,33,33,1173809,846167,1.12,0.81,327642,27.91,/home/santhosh/Desktop/audio-compressed-zips/LIDO_hi_5003.zip
LIDO_kn2_0900.zip,compressed,12,12,877863,848815,0.84,0.81,29048,3.31,/home/santhosh/Desktop/audio-compressed-zips/LIDO_kn2_0900.zip
lido_test_001.zip,unchanged (compression gave no saving),5,0,853643,853643,0.81,0.81,0,0,/home/santhosh/Desktop/audio-compressed-zips/lido_test_001.zip
EN_NC_00035.zip,compressed,21,21,920710,854907,0.88,0.82,65803,7.15,/home/santhosh/Desktop/audio-compressed-zips/EN_NC_00035.zip
EN_NC_00063.zip,compressed,26,26,945794,861842,0.9,0.82,83952,8.88,/home/santhosh/Desktop/audio-compressed-zips/EN_NC_00063.zip
EN_NC_00120.zip,compressed,53,53,1655149,860181,1.58,0.82,794968,48.03,/home/santhosh/Desktop/audio-compressed-zips/EN_NC_00120.zip
EN_NC_00136.zip,compressed,54,54,2294101,862241,2.19,0.82,1431860,62.41,/home/santhosh/Desktop/audio-compressed-zips/EN_NC_00136.zip
HI_HA_0064.zip,compressed,66,66,7362508,855891,7.02,0.82,6506617,88.38,/home/santhosh/Desktop/audio-compressed-zips/HI_HA_0064.zip
HM_NC_00015.zip,compressed,25,25,1701243,860646,1.62,0.82,840597,49.41,/home/santhosh/Desktop/audio-compressed-zips/HM_NC_00015.zip
HM_NC_00062.zip,compressed,40,1,893389,856457,0.85,0.82,36932,4.13,/home/santhosh/Desktop/audio-compressed-zips/HM_NC_00062.zip
HM_NC_00069.zip,compressed,39,1,894251,857319,0.85,0.82,36932,4.13,/home/santhosh/Desktop/audio-compressed-zips/HM_NC_00069.zip
HN_NC_00123.zip,compressed,39,39,1412243,854741,1.35,0.82,557502,39.48,/home/santhosh/Desktop/audio-compressed-zips/HN_NC_00123.zip
HN_NC_00146.zip,compressed,52,52,1405097,859284,1.34,0.82,545813,38.85,/home/santhosh/Desktop/audio-compressed-zips/HN_NC_00146.zip
HN_NC_00155.zip,compressed,40,40,1399416,860243,1.33,0.82,539173,38.53,/home/santhosh/Desktop/audio-compressed-zips/HN_NC_00155.zip
HN_NC_00191.zip,compressed,34,34,1691370,859933,1.61,0.82,831437,49.16,/home/santhosh/Desktop/audio-compressed-zips/HN_NC_00191.zip
LIDO_en2506.zip,compressed,38,38,1125108,856418,1.07,0.82,268690,23.88,/home/santhosh/Desktop/audio-compressed-zips/LIDO_en2506.zip
LIDO_en2601.zip,compressed,45,45,1108007,861205,1.06,0.82,246802,22.27,/home/santhosh/Desktop/audio-compressed-zips/LIDO_en2601.zip
LIDO_hi1301.zip,compressed,27,27,1122577,858753,1.07,0.82,263824,23.5,/home/santhosh/Desktop/audio-compressed-zips/LIDO_hi1301.zip
LIDO_hi1404.zip,compressed,23,23,1074284,862146,1.02,0.82,212138,19.75,/home/santhosh/Desktop/audio-compressed-zips/LIDO_hi1404.zip
LIDO_hi_3501.zip,compressed,15,15,932180,862861,0.89,0.82,69319,7.44,/home/santhosh/Desktop/audio-compressed-zips/LIDO_hi_3501.zip
MT_NC_00057.zip,compressed,20,20,1066163,863437,1.02,0.82,202726,19.01,/home/santhosh/Desktop/audio-compressed-zips/MT_NC_00057.zip
EN_NC_00054.zip,compressed,60,60,1281611,869400,1.22,0.83,412211,32.16,/home/santhosh/Desktop/audio-compressed-zips/EN_NC_00054.zip
HI_HA_0006.zip,compressed,49,49,5183816,870344,4.94,0.83,4313472,83.21,/home/santhosh/Desktop/audio-compressed-zips/HI_HA_0006.zip
HI_HA_0058.zip,compressed,61,61,1340189,869821,1.28,0.83,470368,35.1,/home/santhosh/Desktop/audio-compressed-zips/HI_HA_0058.zip
HN_NC_00017.zip,compressed,49,49,1107816,874949,1.06,0.83,232867,21.02,/home/santhosh/Desktop/audio-compressed-zips/HN_NC_00017.zip
HN_NC_00019.zip,compressed,26,26,954343,871384,0.91,0.83,82959,8.69,/home/santhosh/Desktop/audio-compressed-zips/HN_NC_00019.zip
HN_NC_00056.zip,compressed,63,63,1640271,872559,1.56,0.83,767712,46.8,/home/santhosh/Desktop/audio-compressed-zips/HN_NC_00056.zip
HN_NC_00122.zip,compressed,52,52,1827024,865217,1.74,0.83,961807,52.64,/home/santhosh/Desktop/audio-compressed-zips/HN_NC_00122.zip
HN_NC_00127.zip,compressed,30,30,1172732,869627,1.12,0.83,303105,25.85,/home/santhosh/Desktop/audio-compressed-zips/HN_NC_00127.zip
LIDO_en1703.zip,compressed,33,33,934123,869067,0.89,0.83,65056,6.96,/home/santhosh/Desktop/audio-compressed-zips/LIDO_en1703.zip
LIDO_en_5208.zip,compressed,21,21,962816,866678,0.92,0.83,96138,9.99,/home/santhosh/Desktop/audio-compressed-zips/LIDO_en_5208.zip
EN_NC_00057.zip,compressed,54,54,1961683,876249,1.87,0.84,1085434,55.33,/home/santhosh/Desktop/audio-compressed-zips/EN_NC_00057.zip
EN_NC_00098.zip,compressed,72,72,1907907,881149,1.82,0.84,1026758,53.82,/home/santhosh/Desktop/audio-compressed-zips/EN_NC_00098.zip
EN_NC_00126.zip,compressed,35,35,1373257,879488,1.31,0.84,493769,35.96,/home/santhosh/Desktop/audio-compressed-zips/EN_NC_00126.zip
HN_NC_00023.zip,compressed,43,43,2819560,881989,2.69,0.84,1937571,68.72,/home/santhosh/Desktop/audio-compressed-zips/HN_NC_00023.zip
HN_NC_00030.zip,compressed,26,26,1276281,883331,1.22,0.84,392950,30.79,/home/santhosh/Desktop/audio-compressed-zips/HN_NC_00030.zip
HN_NC_00034.zip,compressed,29,29,951436,879482,0.91,0.84,71954,7.56,/home/santhosh/Desktop/audio-compressed-zips/HN_NC_00034.zip
HN_NC_00075.zip,compressed,34,34,1017056,885324,0.97,0.84,131732,12.95,/home/santhosh/Desktop/audio-compressed-zips/HN_NC_00075.zip
HN_NC_00152.zip,compressed,44,44,1047005,876835,1,0.84,170170,16.25,/home/santhosh/Desktop/audio-compressed-zips/HN_NC_00152.zip
LIDO_en2505.zip,compressed,25,25,1051163,885328,1,0.84,165835,15.78,/home/santhosh/Desktop/audio-compressed-zips/LIDO_en2505.zip
LIDO_en_5301.zip,compressed,17,17,980688,877387,0.94,0.84,103301,10.53,/home/santhosh/Desktop/audio-compressed-zips/LIDO_en_5301.zip
LIDO_hi1300.zip,compressed,32,32,1242673,883730,1.19,0.84,358943,28.88,/home/santhosh/Desktop/audio-compressed-zips/LIDO_hi1300.zip
LIDO_kn0505.zip,compressed,27,27,910383,885629,0.87,0.84,24754,2.72,/home/santhosh/Desktop/audio-compressed-zips/LIDO_kn0505.zip
MT_NC_00022.zip,compressed,56,1,901020,883634,0.86,0.84,17386,1.93,/home/santhosh/Desktop/audio-compressed-zips/MT_NC_00022.zip
MT_NC_00076.zip,compressed,45,45,4696976,879672,4.48,0.84,3817304,81.27,/home/santhosh/Desktop/audio-compressed-zips/MT_NC_00076.zip
EN_NC_00031.zip,compressed,29,29,988476,893505,0.94,0.85,94971,9.61,/home/santhosh/Desktop/audio-compressed-zips/EN_NC_00031.zip
HM_NC_00024.zip,compressed,48,48,4647473,887515,4.43,0.85,3759958,80.9,/home/santhosh/Desktop/audio-compressed-zips/HM_NC_00024.zip
HN_NC_00079.zip,compressed,28,28,1199818,889743,1.14,0.85,310075,25.84,/home/santhosh/Desktop/audio-compressed-zips/HN_NC_00079.zip
HN_NC_00086.zip,compressed,56,56,1988477,890515,1.9,0.85,1097962,55.22,/home/santhosh/Desktop/audio-compressed-zips/HN_NC_00086.zip
HN_NC_00131.zip,compressed,51,51,1980783,886828,1.89,0.85,1093955,55.23,/home/santhosh/Desktop/audio-compressed-zips/HN_NC_00131.zip
HN_NC_00141.zip,compressed,42,42,1701705,893149,1.62,0.85,808556,47.51,/home/santhosh/Desktop/audio-compressed-zips/HN_NC_00141.zip
LIDO_en0906.zip,compressed,74,74,1014543,890192,0.97,0.85,124351,12.26,/home/santhosh/Desktop/audio-compressed-zips/LIDO_en0906.zip
LIDO_en3003.zip,compressed,18,18,1051165,896272,1,0.85,154893,14.74,/home/santhosh/Desktop/audio-compressed-zips/LIDO_en3003.zip
LIDO_en3618.zip,compressed,19,19,1087149,894410,1.04,0.85,192739,17.73,/home/santhosh/Desktop/audio-compressed-zips/LIDO_en3618.zip
LIDO_hi1411.zip,compressed,39,39,1348003,892944,1.29,0.85,455059,33.76,/home/santhosh/Desktop/audio-compressed-zips/LIDO_hi1411.zip
LIDO_hi_2000.zip,compressed,36,36,1159319,886198,1.11,0.85,273121,23.56,/home/santhosh/Desktop/audio-compressed-zips/LIDO_hi_2000.zip
LIDO_kn0805.zip,compressed,22,22,905315,886880,0.86,0.85,18435,2.04,/home/santhosh/Desktop/audio-compressed-zips/LIDO_kn0805.zip
Dummy_activities.zip,compressed,37,37,1036368,899665,0.99,0.86,136703,13.19,/home/santhosh/Desktop/audio-compressed-zips/Dummy_activities.zip
EN_NC_00039.zip,compressed,28,28,982010,898737,0.94,0.86,83273,8.48,/home/santhosh/Desktop/audio-compressed-zips/EN_NC_00039.zip
EN_NC_00052.zip,compressed,59,59,1466025,900316,1.4,0.86,565709,38.59,/home/santhosh/Desktop/audio-compressed-zips/EN_NC_00052.zip
EN_NC_00055.zip,compressed,42,42,1248395,901040,1.19,0.86,347355,27.82,/home/santhosh/Desktop/audio-compressed-zips/EN_NC_00055.zip
HI_HA_0060.zip,compressed,64,64,8956226,904660,8.54,0.86,8051566,89.9,/home/santhosh/Desktop/audio-compressed-zips/HI_HA_0060.zip
HM_NC_00005.zip,compressed,27,27,4739142,905094,4.52,0.86,3834048,80.9,/home/santhosh/Desktop/audio-compressed-zips/HM_NC_00005.zip
HN_NC_00152 .zip,compressed,49,49,2152880,904882,2.05,0.86,1247998,57.97,/home/santhosh/Desktop/audio-compressed-zips/HN_NC_00152 .zip
LIDO_en3104.zip,compressed,30,30,1050487,897490,1,0.86,152997,14.56,/home/santhosh/Desktop/audio-compressed-zips/LIDO_en3104.zip
LIDO_en3801.zip,compressed,32,32,953478,897225,0.91,0.86,56253,5.9,/home/santhosh/Desktop/audio-compressed-zips/LIDO_en3801.zip
LIDO_hi1501.zip,compressed,31,31,1269293,901367,1.21,0.86,367926,28.99,/home/santhosh/Desktop/audio-compressed-zips/LIDO_hi1501.zip
LIDO_kn0902.zip,compressed,21,21,951205,899940,0.91,0.86,51265,5.39,/home/santhosh/Desktop/audio-compressed-zips/LIDO_kn0902.zip
MT_NC_00052.zip,compressed,50,50,1292554,904891,1.23,0.86,387663,29.99,/home/santhosh/Desktop/audio-compressed-zips/MT_NC_00052.zip
EN_NC_00045.zip,compressed,47,47,1595595,914282,1.52,0.87,681313,42.7,/home/santhosh/Desktop/audio-compressed-zips/EN_NC_00045.zip
EN_NC_00072.zip,compressed,29,29,3843473,908817,3.67,0.87,2934656,76.35,/home/santhosh/Desktop/audio-compressed-zips/EN_NC_00072.zip
HI_HA_0030.zip,compressed,44,44,2508618,907537,2.39,0.87,1601081,63.82,/home/santhosh/Desktop/audio-compressed-zips/HI_HA_0030.zip
HM_NC_00033.zip,compressed,35,35,6303872,915899,6.01,0.87,5387973,85.47,/home/santhosh/Desktop/audio-compressed-zips/HM_NC_00033.zip
HM_NC_00056.zip,compressed,41,2,964132,909814,0.92,0.87,54318,5.63,/home/santhosh/Desktop/audio-compressed-zips/HM_NC_00056.zip
HM_NC_00057.zip,compressed,25,1,949990,913058,0.91,0.87,36932,3.89,/home/santhosh/Desktop/audio-compressed-zips/HM_NC_00057.zip
HN_NC_00001.zip,compressed,39,39,1018590,913066,0.97,0.87,105524,10.36,/home/santhosh/Desktop/audio-compressed-zips/HN_NC_00001.zip
HN_NC_00111.zip,compressed,63,63,2389289,912354,2.28,0.87,1476935,61.81,/home/santhosh/Desktop/audio-compressed-zips/HN_NC_00111.zip
HN_NC_00143.zip,compressed,34,34,2058798,912445,1.96,0.87,1146353,55.68,/home/santhosh/Desktop/audio-compressed-zips/HN_NC_00143.zip
HN_NC_00160.zip,compressed,38,38,2061471,914453,1.97,0.87,1147018,55.64,/home/santhosh/Desktop/audio-compressed-zips/HN_NC_00160.zip
LIDO_hi1400.zip,compressed,33,33,1189841,912192,1.13,0.87,277649,23.33,/home/santhosh/Desktop/audio-compressed-zips/LIDO_hi1400.zip
MT_NC_00090.zip,compressed,40,40,1670132,916256,1.59,0.87,753876,45.14,/home/santhosh/Desktop/audio-compressed-zips/MT_NC_00090.zip
MT_NC_00091.zip,compressed,40,40,1670133,916257,1.59,0.87,753876,45.14,/home/santhosh/Desktop/audio-compressed-zips/MT_NC_00091.zip
EN_NC_00056.zip,compressed,51,51,1761700,917893,1.68,0.88,843807,47.9,/home/santhosh/Desktop/audio-compressed-zips/EN_NC_00056.zip
EN_NC_00059.zip,compressed,59,59,1490403,919345,1.42,0.88,571058,38.32,/home/santhosh/Desktop/audio-compressed-zips/EN_NC_00059.zip
EN_NC_00113.zip,compressed,24,24,1538422,919258,1.47,0.88,619164,40.25,/home/santhosh/Desktop/audio-compressed-zips/EN_NC_00113.zip
EN_NC_00119.zip,compressed,69,69,1978631,922688,1.89,0.88,1055943,53.37,/home/santhosh/Desktop/audio-compressed-zips/EN_NC_00119.zip
HN_NC_00061.zip,compressed,57,57,1482453,923233,1.41,0.88,559220,37.72,/home/santhosh/Desktop/audio-compressed-zips/HN_NC_00061.zip
HN_NC_00119.zip,compressed,46,46,1134446,920738,1.08,0.88,213708,18.84,/home/santhosh/Desktop/audio-compressed-zips/HN_NC_00119.zip
HN_NC_00142.zip,compressed,40,40,2029645,919523,1.94,0.88,1110122,54.7,/home/santhosh/Desktop/audio-compressed-zips/HN_NC_00142.zip
HN_NC_00167.zip,compressed,34,34,1833179,922703,1.75,0.88,910476,49.67,/home/santhosh/Desktop/audio-compressed-zips/HN_NC_00167.zip
HN_NC_00193.zip,compressed,39,39,1689700,919802,1.61,0.88,769898,45.56,/home/santhosh/Desktop/audio-compressed-zips/HN_NC_00193.zip
LIDO_en4007.zip,compressed,31,31,1215552,921584,1.16,0.88,293968,24.18,/home/santhosh/Desktop/audio-compressed-zips/LIDO_en4007.zip
LIDO_kn3005.zip,compressed,41,41,1231768,926385,1.17,0.88,305383,24.79,/home/santhosh/Desktop/audio-compressed-zips/LIDO_kn3005.zip
LIDO_kn3400.zip,compressed,7,7,942695,920119,0.9,0.88,22576,2.39,/home/santhosh/Desktop/audio-compressed-zips/LIDO_kn3400.zip
MT_NC_00056.zip,compressed,33,33,1180362,921582,1.13,0.88,258780,21.92,/home/santhosh/Desktop/audio-compressed-zips/MT_NC_00056.zip
assess_hi0002.zip,compressed,17,17,983194,924836,0.94,0.88,58358,5.94,/home/santhosh/Desktop/audio-compressed-zips/assess_hi0002.zip
pwc_0001.zip,compressed,43,43,1231795,926305,1.17,0.88,305490,24.8,/home/santhosh/Desktop/audio-compressed-zips/pwc_0001.zip
EN_NC_00086.zip,compressed,66,66,1672198,937450,1.59,0.89,734748,43.94,/home/santhosh/Desktop/audio-compressed-zips/EN_NC_00086.zip
EN_NC_00090.zip,compressed,22,22,2197029,938272,2.1,0.89,1258757,57.29,/home/santhosh/Desktop/audio-compressed-zips/EN_NC_00090.zip
HI_HA_0026.zip,compressed,20,20,1859609,934820,1.77,0.89,924789,49.73,/home/santhosh/Desktop/audio-compressed-zips/HI_HA_0026.zip
HN_NC_00083.zip,compressed,67,67,2528222,938215,2.41,0.89,1590007,62.89,/home/santhosh/Desktop/audio-compressed-zips/HN_NC_00083.zip
HN_NC_00103.zip,compressed,55,55,2600658,931168,2.48,0.89,1669490,64.19,/home/santhosh/Desktop/audio-compressed-zips/HN_NC_00103.zip
HN_NC_00114.zip,compressed,50,50,2236175,937868,2.13,0.89,1298307,58.06,/home/santhosh/Desktop/audio-compressed-zips/HN_NC_00114.zip
HN_NC_00187.zip,compressed,47,47,2120999,931468,2.02,0.89,1189531,56.08,/home/santhosh/Desktop/audio-compressed-zips/HN_NC_00187.zip
LIDO_en0502.zip,compressed,26,26,979872,937862,0.93,0.89,42010,4.29,/home/santhosh/Desktop/audio-compressed-zips/LIDO_en0502.zip
MT_NC_00054.zip,compressed,44,44,1611600,933737,1.54,0.89,677863,42.06,/home/santhosh/Desktop/audio-compressed-zips/MT_NC_00054.zip
EN_NC_00104.zip,compressed,67,67,1896851,940462,1.81,0.9,956389,50.42,/home/santhosh/Desktop/audio-compressed-zips/EN_NC_00104.zip
EN_NC_00121.zip,compressed,51,51,1442515,946897,1.38,0.9,495618,34.36,/home/santhosh/Desktop/audio-compressed-zips/EN_NC_00121.zip
HI_HA_0040.zip,compressed,62,62,1806905,946419,1.72,0.9,860486,47.62,/home/santhosh/Desktop/audio-compressed-zips/HI_HA_0040.zip
HN_NC_00108.zip,compressed,54,54,2200715,947296,2.1,0.9,1253419,56.96,/home/santhosh/Desktop/audio-compressed-zips/HN_NC_00108.zip
HN_NC_00109.zip,compressed,43,43,1171001,948553,1.12,0.9,222448,19,/home/santhosh/Desktop/audio-compressed-zips/HN_NC_00109.zip
HN_NC_00190.zip,compressed,32,32,1676009,942997,1.6,0.9,733012,43.74,/home/santhosh/Desktop/audio-compressed-zips/HN_NC_00190.zip
LIDO_hi1308.zip,compressed,29,29,1328673,942206,1.27,0.9,386467,29.09,/home/santhosh/Desktop/audio-compressed-zips/LIDO_hi1308.zip
pwc0003.zip,compressed,1,1,975702,940899,0.93,0.9,34803,3.57,/home/santhosh/Desktop/audio-compressed-zips/pwc0003.zip
EN_NC_00047.zip,compressed,36,36,1100100,949792,1.05,0.91,150308,13.66,/home/santhosh/Desktop/audio-compressed-zips/EN_NC_00047.zip
EN_NC_00095.zip,compressed,77,77,1711575,949956,1.63,0.91,761619,44.5,/home/santhosh/Desktop/audio-compressed-zips/EN_NC_00095.zip
EN_NC_00105.zip,compressed,37,37,1162182,955640,1.11,0.91,206542,17.77,/home/santhosh/Desktop/audio-compressed-zips/EN_NC_00105.zip
HI_HA_0021.zip,compressed,57,57,2208734,956970,2.11,0.91,1251764,56.67,/home/santhosh/Desktop/audio-compressed-zips/HI_HA_0021.zip
HI_HA_0072.zip,compressed,71,71,1976238,952491,1.88,0.91,1023747,51.8,/home/santhosh/Desktop/audio-compressed-zips/HI_HA_0072.zip
HM_NC_00019.zip,compressed,67,67,2784013,950024,2.66,0.91,1833989,65.88,/home/santhosh/Desktop/audio-compressed-zips/HM_NC_00019.zip
HM_NC_00053.zip,compressed,46,2,1005552,951234,0.96,0.91,54318,5.4,/home/santhosh/Desktop/audio-compressed-zips/HM_NC_00053.zip
HM_NC_00094.zip,unchanged (compression gave no saving),47,0,957281,957281,0.91,0.91,0,0,/home/santhosh/Desktop/audio-compressed-zips/HM_NC_00094.zip
HN_NC_00052.zip,compressed,34,34,1046570,958834,1,0.91,87736,8.38,/home/santhosh/Desktop/audio-compressed-zips/HN_NC_00052.zip
HN_NC_00117.zip,compressed,52,52,1935971,957442,1.85,0.91,978529,50.54,/home/santhosh/Desktop/audio-compressed-zips/HN_NC_00117.zip
HN_NC_00151.zip,compressed,45,45,1957549,949700,1.87,0.91,1007849,51.49,/home/santhosh/Desktop/audio-compressed-zips/HN_NC_00151.zip
HN_NC_00185.zip,compressed,55,55,1761770,949427,1.68,0.91,812343,46.11,/home/santhosh/Desktop/audio-compressed-zips/HN_NC_00185.zip
LIDO_en3105.zip,compressed,28,28,1071353,952065,1.02,0.91,119288,11.13,/home/santhosh/Desktop/audio-compressed-zips/LIDO_en3105.zip
LIDO_en3205.zip,compressed,21,21,1151459,954078,1.1,0.91,197381,17.14,/home/santhosh/Desktop/audio-compressed-zips/LIDO_en3205.zip
LIDO_kn0405.zip,compressed,26,26,976667,950503,0.93,0.91,26164,2.68,/home/santhosh/Desktop/audio-compressed-zips/LIDO_kn0405.zip
LIDO_kn0502.zip,compressed,22,22,1000065,957996,0.95,0.91,42069,4.21,/home/santhosh/Desktop/audio-compressed-zips/LIDO_kn0502.zip
MT_NC_00001.zip,compressed,54,54,1208253,958523,1.15,0.91,249730,20.67,/home/santhosh/Desktop/audio-compressed-zips/MT_NC_00001.zip
EN_NC_00016.zip,compressed,35,35,1069743,961934,1.02,0.92,107809,10.08,/home/santhosh/Desktop/audio-compressed-zips/EN_NC_00016.zip
LIDO_en2415.zip,compressed,49,49,1178196,963545,1.12,0.92,214651,18.22,/home/santhosh/Desktop/audio-compressed-zips/LIDO_en2415.zip
LIDO_en2504.zip,compressed,29,29,1121788,960159,1.07,0.92,161629,14.41,/home/santhosh/Desktop/audio-compressed-zips/LIDO_en2504.zip
LIDO_en3301.zip,compressed,33,33,1253689,965165,1.2,0.92,288524,23.01,/home/santhosh/Desktop/audio-compressed-zips/LIDO_en3301.zip
MT_NC_00021.zip,compressed,61,1,978232,960846,0.93,0.92,17386,1.78,/home/santhosh/Desktop/audio-compressed-zips/MT_NC_00021.zip
MT_NC_00051.zip,compressed,41,41,1454044,959510,1.39,0.92,494534,34.01,/home/santhosh/Desktop/audio-compressed-zips/MT_NC_00051.zip
lido_test_002.zip,compressed,5,5,1143870,965666,1.09,0.92,178204,15.58,/home/santhosh/Desktop/audio-compressed-zips/lido_test_002.zip
EN_NC_00077.zip,compressed,70,70,1740416,973363,1.66,0.93,767053,44.07,/home/santhosh/Desktop/audio-compressed-zips/EN_NC_00077.zip
HM_NC_00016.zip,compressed,41,41,6772993,977569,6.46,0.93,5795424,85.57,/home/santhosh/Desktop/audio-compressed-zips/HM_NC_00016.zip
HN_NC_00057.zip,compressed,48,48,1657624,971790,1.58,0.93,685834,41.37,/home/santhosh/Desktop/audio-compressed-zips/HN_NC_00057.zip
HN_NC_00110.zip,compressed,40,40,1084954,971062,1.03,0.93,113892,10.5,/home/santhosh/Desktop/audio-compressed-zips/HN_NC_00110.zip
HN_NC_00115.zip,compressed,41,41,2137223,971980,2.04,0.93,1165243,54.52,/home/santhosh/Desktop/audio-compressed-zips/HN_NC_00115.zip
HN_NC_00153.zip,compressed,43,43,1971285,976092,1.88,0.93,995193,50.48,/home/santhosh/Desktop/audio-compressed-zips/HN_NC_00153.zip
HN_NC_00164.zip,compressed,23,23,5896714,970979,5.62,0.93,4925735,83.53,/home/santhosh/Desktop/audio-compressed-zips/HN_NC_00164.zip
HN_NC_00182.zip,compressed,43,43,6379800,972007,6.08,0.93,5407793,84.76,/home/santhosh/Desktop/audio-compressed-zips/HN_NC_00182.zip
HN_NC_00195.zip,compressed,35,35,1796082,979006,1.71,0.93,817076,45.49,/home/santhosh/Desktop/audio-compressed-zips/HN_NC_00195.zip
LIDO_en1907.zip,compressed,29,29,1042146,978811,0.99,0.93,63335,6.08,/home/santhosh/Desktop/audio-compressed-zips/LIDO_en1907.zip
LIDO_en2701.zip,compressed,51,51,1299936,977359,1.24,0.93,322577,24.81,/home/santhosh/Desktop/audio-compressed-zips/LIDO_en2701.zip
EN_NC_00088.zip,compressed,70,70,1923326,987007,1.83,0.94,936319,48.68,/home/santhosh/Desktop/audio-compressed-zips/EN_NC_00088.zip
EN_NC_00127.zip,compressed,36,36,1726287,986438,1.65,0.94,739849,42.86,/home/santhosh/Desktop/audio-compressed-zips/EN_NC_00127.zip
HI_HA_0025.zip,compressed,47,47,2503626,988568,2.39,0.94,1515058,60.51,/home/santhosh/Desktop/audio-compressed-zips/HI_HA_0025.zip
HI_HA_0053.zip,compressed,57,57,2043753,990750,1.95,0.94,1053003,51.52,/home/santhosh/Desktop/audio-compressed-zips/HI_HA_0053.zip
HI_HA_0054.zip,compressed,57,57,2005252,980974,1.91,0.94,1024278,51.08,/home/santhosh/Desktop/audio-compressed-zips/HI_HA_0054.zip
HN_NC_00065.zip,compressed,54,54,1163198,987390,1.11,0.94,175808,15.11,/home/santhosh/Desktop/audio-compressed-zips/HN_NC_00065.zip
HN_NC_00071.zip,compressed,75,75,2816188,983225,2.69,0.94,1832963,65.09,/home/santhosh/Desktop/audio-compressed-zips/HN_NC_00071.zip
HN_NC_00097.zip,compressed,46,46,1957636,985499,1.87,0.94,972137,49.66,/home/santhosh/Desktop/audio-compressed-zips/HN_NC_00097.zip
HN_NC_00181.zip,compressed,47,47,1789323,984496,1.71,0.94,804827,44.98,/home/santhosh/Desktop/audio-compressed-zips/HN_NC_00181.zip
HN_NC_00189.zip,compressed,33,33,1848029,983661,1.76,0.94,864368,46.77,/home/santhosh/Desktop/audio-compressed-zips/HN_NC_00189.zip
LIDO_en1911.zip,compressed,15,15,1008868,982462,0.96,0.94,26406,2.62,/home/santhosh/Desktop/audio-compressed-zips/LIDO_en1911.zip
LIDO_en2600.zip,compressed,39,39,1218314,990063,1.16,0.94,228251,18.73,/home/santhosh/Desktop/audio-compressed-zips/LIDO_en2600.zip
MT_NC_00028.zip,compressed,69,69,4692761,984208,4.48,0.94,3708553,79.03,/home/santhosh/Desktop/audio-compressed-zips/MT_NC_00028.zip
EN_NC_00076.zip,compressed,26,26,1117542,994576,1.07,0.95,122966,11,/home/santhosh/Desktop/audio-compressed-zips/EN_NC_00076.zip
EN_NC_00106.zip,compressed,44,44,1832240,998595,1.75,0.95,833645,45.5,/home/santhosh/Desktop/audio-compressed-zips/EN_NC_00106.zip
HN_NC_00144.zip,compressed,31,31,1547651,997213,1.48,0.95,550438,35.57,/home/santhosh/Desktop/audio-compressed-zips/HN_NC_00144.zip
HN_NC_00147.zip,compressed,53,53,1539964,991430,1.47,0.95,548534,35.62,/home/santhosh/Desktop/audio-compressed-zips/HN_NC_00147.zip
LIDO_en2606.zip,compressed,37,37,1337059,995586,1.28,0.95,341473,25.54,/home/santhosh/Desktop/audio-compressed-zips/LIDO_en2606.zip
LIDO_hi1303.zip,compressed,31,31,1402354,1000753,1.34,0.95,401601,28.64,/home/santhosh/Desktop/audio-compressed-zips/LIDO_hi1303.zip
MT_NC_00064.zip,compressed,47,47,1411695,998544,1.35,0.95,413151,29.27,/home/santhosh/Desktop/audio-compressed-zips/MT_NC_00064.zip
EN_NC_00002.zip,compressed,50,50,1218494,1011102,1.16,0.96,207392,17.02,/home/santhosh/Desktop/audio-compressed-zips/EN_NC_00002.zip
EN_NC_00071.zip,compressed,68,68,1397165,1004568,1.33,0.96,392597,28.1,/home/santhosh/Desktop/audio-compressed-zips/EN_NC_00071.zip
EN_NC_00078.zip,compressed,68,68,1708428,1002462,1.63,0.96,705966,41.32,/home/santhosh/Desktop/audio-compressed-zips/EN_NC_00078.zip
EN_NC_00079.zip,compressed,62,62,1716043,1006519,1.64,0.96,709524,41.35,/home/santhosh/Desktop/audio-compressed-zips/EN_NC_00079.zip
EN_NC_00097.zip,compressed,70,70,2137187,1006227,2.04,0.96,1130960,52.92,/home/santhosh/Desktop/audio-compressed-zips/EN_NC_00097.zip
EN_NC_00134.zip,compressed,44,44,2093278,1011565,2,0.96,1081713,51.68,/home/santhosh/Desktop/audio-compressed-zips/EN_NC_00134.zip
HM_NC_00035.zip,compressed,49,49,7690108,1002633,7.33,0.96,6687475,86.96,/home/santhosh/Desktop/audio-compressed-zips/HM_NC_00035.zip
HN_NC_00060.zip,compressed,64,64,2010909,1002456,1.92,0.96,1008453,50.15,/home/santhosh/Desktop/audio-compressed-zips/HN_NC_00060.zip
HN_NC_00096.zip,compressed,45,45,1867618,1002782,1.78,0.96,864836,46.31,/home/santhosh/Desktop/audio-compressed-zips/HN_NC_00096.zip
HN_NC_00161.zip,compressed,56,56,2521038,1004885,2.4,0.96,1516153,60.14,/home/santhosh/Desktop/audio-compressed-zips/HN_NC_00161.zip
HN_NC_00183.zip,compressed,43,43,1931376,1007554,1.84,0.96,923822,47.83,/home/santhosh/Desktop/audio-compressed-zips/HN_NC_00183.zip
LIDO_kn1007.zip,compressed,22,22,1023780,1002747,0.98,0.96,21033,2.05,/home/santhosh/Desktop/audio-compressed-zips/LIDO_kn1007.zip
MT_NC_00061.zip,compressed,48,48,1316825,1010435,1.26,0.96,306390,23.27,/home/santhosh/Desktop/audio-compressed-zips/MT_NC_00061.zip
MT_NC_00063.zip,compressed,40,40,1274397,1008921,1.22,0.96,265476,20.83,/home/santhosh/Desktop/audio-compressed-zips/MT_NC_00063.zip
MT_NC_00094.zip,compressed,38,38,1774799,1003176,1.69,0.96,771623,43.48,/home/santhosh/Desktop/audio-compressed-zips/MT_NC_00094.zip
HI_HA_0027.zip,compressed,46,46,2355950,1015960,2.25,0.97,1339990,56.88,/home/santhosh/Desktop/audio-compressed-zips/HI_HA_0027.zip
HI_HA_0029.zip,compressed,45,45,1796465,1018835,1.71,0.97,777630,43.29,/home/santhosh/Desktop/audio-compressed-zips/HI_HA_0029.zip
HN_NC_00018.zip,compressed,34,34,1113296,1022281,1.06,0.97,91015,8.18,/home/santhosh/Desktop/audio-compressed-zips/HN_NC_00018.zip
HN_NC_00120.zip,compressed,33,33,1311854,1017299,1.25,0.97,294555,22.45,/home/santhosh/Desktop/audio-compressed-zips/HN_NC_00120.zip
HN_NC_00177.zip,compressed,38,38,4192964,1015105,4,0.97,3177859,75.79,/home/santhosh/Desktop/audio-compressed-zips/HN_NC_00177.zip
HN_NC_00180.zip,compressed,43,43,1966993,1015948,1.88,0.97,951045,48.35,/home/santhosh/Desktop/audio-compressed-zips/HN_NC_00180.zip
LIDO_en1913.zip,compressed,36,36,1077867,1013807,1.03,0.97,64060,5.94,/home/santhosh/Desktop/audio-compressed-zips/LIDO_en1913.zip
LIDO_kn0305.zip,compressed,25,25,1036753,1013572,0.99,0.97,23181,2.24,/home/santhosh/Desktop/audio-compressed-zips/LIDO_kn0305.zip
LIDO_kn2503.zip,compressed,24,24,1036710,1015416,0.99,0.97,21294,2.05,/home/santhosh/Desktop/audio-compressed-zips/LIDO_kn2503.zip
MT_NC_00058.zip,compressed,34,34,1261639,1012419,1.2,0.97,249220,19.75,/home/santhosh/Desktop/audio-compressed-zips/MT_NC_00058.zip
MT_NC_00080.zip,compressed,40,40,4610359,1020195,4.4,0.97,3590164,77.87,/home/santhosh/Desktop/audio-compressed-zips/MT_NC_00080.zip
EN_NC_00046.zip,compressed,58,58,1217623,1023607,1.16,0.98,194016,15.93,/home/santhosh/Desktop/audio-compressed-zips/EN_NC_00046.zip
EN_NC_00050.zip,compressed,35,35,1157595,1030259,1.1,0.98,127336,11,/home/santhosh/Desktop/audio-compressed-zips/EN_NC_00050.zip
EN_NC_00053.zip,compressed,77,77,2399231,1027884,2.29,0.98,1371347,57.16,/home/santhosh/Desktop/audio-compressed-zips/EN_NC_00053.zip
EN_NC_00102.zip,compressed,68,68,1768266,1024908,1.69,0.98,743358,42.04,/home/santhosh/Desktop/audio-compressed-zips/EN_NC_00102.zip
EN_NC_00135.zip,compressed,41,41,2691110,1023712,2.57,0.98,1667398,61.96,/home/santhosh/Desktop/audio-compressed-zips/EN_NC_00135.zip
HI_HA_0007.zip,compressed,68,68,6010635,1023424,5.73,0.98,4987211,82.97,/home/santhosh/Desktop/audio-compressed-zips/HI_HA_0007.zip
HM_NC_00004.zip,compressed,48,48,4644517,1031581,4.43,0.98,3612936,77.79,/home/santhosh/Desktop/audio-compressed-zips/HM_NC_00004.zip
HM_NC_00006.zip,compressed,31,31,6905064,1025228,6.59,0.98,5879836,85.15,/home/santhosh/Desktop/audio-compressed-zips/HM_NC_00006.zip
HM_NC_00061.zip,compressed,63,3,1121691,1030441,1.07,0.98,91250,8.14,/home/santhosh/Desktop/audio-compressed-zips/HM_NC_00061.zip
HN_NC_00113.zip,compressed,59,59,2366668,1024717,2.26,0.98,1341951,56.7,/home/santhosh/Desktop/audio-compressed-zips/HN_NC_00113.zip
HN_NC_00196.zip,compressed,40,40,1832795,1023358,1.75,0.98,809437,44.16,/home/santhosh/Desktop/audio-compressed-zips/HN_NC_00196.zip
LIDO_en3504.zip,compressed,14,14,1096774,1022505,1.05,0.98,74269,6.77,/home/santhosh/Desktop/audio-compressed-zips/LIDO_en3504.zip
LIDO_hi1413.zip,compressed,36,36,1432989,1027522,1.37,0.98,405467,28.3,/home/santhosh/Desktop/audio-compressed-zips/LIDO_hi1413.zip
MT_NC_00059.zip,compressed,42,42,1309196,1023815,1.25,0.98,285381,21.8,/home/santhosh/Desktop/audio-compressed-zips/MT_NC_00059.zip
MT_NC_00095.zip,compressed,26,26,4550339,1030909,4.34,0.98,3519430,77.34,/home/santhosh/Desktop/audio-compressed-zips/MT_NC_00095.zip
HM_NC_00032.zip,compressed,49,49,5848938,1037026,5.58,0.99,4811912,82.27,/home/santhosh/Desktop/audio-compressed-zips/HM_NC_00032.zip
HM_NC_00052.zip,compressed,57,2,1106410,1038447,1.06,0.99,67963,6.14,/home/santhosh/Desktop/audio-compressed-zips/HM_NC_00052.zip
HM_NC_00091.zip,compressed,50,2,1106740,1032876,1.06,0.99,73864,6.67,/home/santhosh/Desktop/audio-compressed-zips/HM_NC_00091.zip
HN_NC_00016.zip,compressed,63,63,2095119,1038916,2,0.99,1056203,50.41,/home/santhosh/Desktop/audio-compressed-zips/HN_NC_00016.zip
HN_NC_00093.zip,compressed,50,50,1938295,1041575,1.85,0.99,896720,46.26,/home/santhosh/Desktop/audio-compressed-zips/HN_NC_00093.zip
LIDO_en1905.zip,compressed,24,24,1077953,1034452,1.03,0.99,43501,4.04,/home/santhosh/Desktop/audio-compressed-zips/LIDO_en1905.zip
MT_NC_00003.zip,compressed,25,25,3474776,1036774,3.31,0.99,2438002,70.16,/home/santhosh/Desktop/audio-compressed-zips/MT_NC_00003.zip
MT_NC_00039.zip,compressed,32,32,4533996,1041129,4.32,0.99,3492867,77.04,/home/santhosh/Desktop/audio-compressed-zips/MT_NC_00039.zip
EN_NC_00020.zip,compressed,27,27,1359519,1053377,1.3,1,306142,22.52,/home/santhosh/Desktop/audio-compressed-zips/EN_NC_00020.zip
HI_HA_0000.zip,compressed,46,46,5414805,1053414,5.16,1,4361391,80.55,/home/santhosh/Desktop/audio-compressed-zips/HI_HA_0000.zip
HM_NC_00011.zip,compressed,40,40,2082760,1051740,1.99,1,1031020,49.5,/home/santhosh/Desktop/audio-compressed-zips/HM_NC_00011.zip
HN_NC_00102.zip,compressed,50,50,2076269,1044112,1.98,1,1032157,49.71,/home/santhosh/Desktop/audio-compressed-zips/HN_NC_00102.zip
MT_NC_00031.zip,compressed,61,61,1336275,1048919,1.27,1,287356,21.5,/home/santhosh/Desktop/audio-compressed-zips/MT_NC_00031.zip
EN_NC_00081.zip,compressed,36,36,1195625,1062433,1.14,1.01,133192,11.14,/home/santhosh/Desktop/audio-compressed-zips/EN_NC_00081.zip
EN_NC_00085.zip,compressed,23,23,1148995,1063781,1.1,1.01,85214,7.42,/home/santhosh/Desktop/audio-compressed-zips/EN_NC_00085.zip
HN_NC_00025.zip,compressed,55,55,1792410,1056130,1.71,1.01,736280,41.08,/home/santhosh/Desktop/audio-compressed-zips/HN_NC_00025.zip
HN_NC_00118.zip,compressed,47,47,1841374,1061743,1.76,1.01,779631,42.34,/home/santhosh/Desktop/audio-compressed-zips/HN_NC_00118.zip
LIDO_kn0903.zip,compressed,24,24,1081781,1061264,1.03,1.01,20517,1.9,/home/santhosh/Desktop/audio-compressed-zips/LIDO_kn0903.zip
LIDO_maths1311_hi.zip,compressed,18,18,1513792,1055399,1.44,1.01,458393,30.28,/home/santhosh/Desktop/audio-compressed-zips/LIDO_maths1311_hi.zip
EN_NC_00111.zip,compressed,70,70,2393213,1067153,2.28,1.02,1326060,55.41,/home/santhosh/Desktop/audio-compressed-zips/EN_NC_00111.zip
EN_NC_00128.zip,compressed,84,84,2828026,1064510,2.7,1.02,1763516,62.36,/home/santhosh/Desktop/audio-compressed-zips/EN_NC_00128.zip
HM_NC_00014.zip,compressed,45,45,2377590,1070806,2.27,1.02,1306784,54.96,/home/santhosh/Desktop/audio-compressed-zips/HM_NC_00014.zip
HM_NC_00071.zip,compressed,34,1,1102701,1065769,1.05,1.02,36932,3.35,/home/santhosh/Desktop/audio-compressed-zips/HM_NC_00071.zip
HN_NC_00022.zip,compressed,80,80,1962724,1071083,1.87,1.02,891641,45.43,/home/santhosh/Desktop/audio-compressed-zips/HN_NC_00022.zip
HN_NC_00098.zip,compressed,45,45,1322602,1070051,1.26,1.02,252551,19.1,/home/santhosh/Desktop/audio-compressed-zips/HN_NC_00098.zip
HN_NC_00156.zip,compressed,52,52,2066035,1072239,1.97,1.02,993796,48.1,/home/santhosh/Desktop/audio-compressed-zips/HN_NC_00156.zip
LIDO_en2401.zip,compressed,37,37,1166641,1065423,1.11,1.02,101218,8.68,/home/santhosh/Desktop/audio-compressed-zips/LIDO_en2401.zip
LIDO_hi1502.zip,compressed,25,25,1456308,1068358,1.39,1.02,387950,26.64,/home/santhosh/Desktop/audio-compressed-zips/LIDO_hi1502.zip
LIDO_hi1503.zip,compressed,32,32,1580042,1073356,1.51,1.02,506686,32.07,/home/santhosh/Desktop/audio-compressed-zips/LIDO_hi1503.zip
LIDO_kn0302.zip,compressed,20,20,1126696,1071722,1.07,1.02,54974,4.88,/home/santhosh/Desktop/audio-compressed-zips/LIDO_kn0302.zip
MT_NC_00018.zip,compressed,76,76,1373372,1073823,1.31,1.02,299549,21.81,/home/santhosh/Desktop/audio-compressed-zips/MT_NC_00018.zip
MT_NC_00096.zip,compressed,51,51,4573040,1067063,4.36,1.02,3505977,76.67,/home/santhosh/Desktop/audio-compressed-zips/MT_NC_00096.zip
pwc0002.zip,compressed,1,1,1108686,1072163,1.06,1.02,36523,3.29,/home/santhosh/Desktop/audio-compressed-zips/pwc0002.zip
EN_NC_00094.zip,compressed,30,30,1663606,1078205,1.59,1.03,585401,35.19,/home/santhosh/Desktop/audio-compressed-zips/EN_NC_00094.zip
HI_HA_0003.zip,compressed,44,44,5649053,1078864,5.39,1.03,4570189,80.9,/home/santhosh/Desktop/audio-compressed-zips/HI_HA_0003.zip
HN_NC_00092.zip,compressed,60,60,2210239,1084495,2.11,1.03,1125744,50.93,/home/santhosh/Desktop/audio-compressed-zips/HN_NC_00092.zip
HN_NC_00100.zip,compressed,50,50,2516814,1081357,2.4,1.03,1435457,57.03,/home/santhosh/Desktop/audio-compressed-zips/HN_NC_00100.zip
HN_NC_00104.zip,compressed,50,50,2176771,1083729,2.08,1.03,1093042,50.21,/home/santhosh/Desktop/audio-compressed-zips/HN_NC_00104.zip
HN_NC_00132.zip,compressed,47,47,2516603,1084265,2.4,1.03,1432338,56.92,/home/santhosh/Desktop/audio-compressed-zips/HN_NC_00132.zip
HN_NC_00168.zip,compressed,36,36,7857845,1081575,7.49,1.03,6776270,86.24,/home/santhosh/Desktop/audio-compressed-zips/HN_NC_00168.zip
LIDO_hi5308.zip,compressed,11,11,1143309,1082102,1.09,1.03,61207,5.35,/home/santhosh/Desktop/audio-compressed-zips/LIDO_hi5308.zip
MT_NC_00030.zip,compressed,76,76,1389084,1079953,1.32,1.03,309131,22.25,/home/santhosh/Desktop/audio-compressed-zips/MT_NC_00030.zip
MT_NC_00079.zip,compressed,56,56,4701606,1082836,4.48,1.03,3618770,76.97,/home/santhosh/Desktop/audio-compressed-zips/MT_NC_00079.zip
EN_NC_00087.zip,compressed,78,78,2249880,1086569,2.15,1.04,1163311,51.71,/home/santhosh/Desktop/audio-compressed-zips/EN_NC_00087.zip
HM_NC_00060.zip,compressed,60,1,1123454,1086522,1.07,1.04,36932,3.29,/home/santhosh/Desktop/audio-compressed-zips/HM_NC_00060.zip
HN_NC_00085.zip,compressed,83,83,3210478,1094774,3.06,1.04,2115704,65.9,/home/santhosh/Desktop/audio-compressed-zips/HN_NC_00085.zip
HN_NC_00099.zip,compressed,43,43,1584799,1092614,1.51,1.04,492185,31.06,/home/santhosh/Desktop/audio-compressed-zips/HN_NC_00099.zip
LIDO_en1908.zip,compressed,28,28,1139949,1094880,1.09,1.04,45069,3.95,/home/santhosh/Desktop/audio-compressed-zips/LIDO_en1908.zip
LIDO_hi_3500.zip,compressed,21,21,1180584,1085552,1.13,1.04,95032,8.05,/home/santhosh/Desktop/audio-compressed-zips/LIDO_hi_3500.zip
MT_NC_00099.zip,compressed,45,45,4614159,1086594,4.4,1.04,3527565,76.45,/home/santhosh/Desktop/audio-compressed-zips/MT_NC_00099.zip
EN_NC_00107.zip,compressed,73,73,2943102,1096698,2.81,1.05,1846404,62.74,/home/santhosh/Desktop/audio-compressed-zips/EN_NC_00107.zip
HM_NC_00080.zip,compressed,61,2,1170754,1096890,1.12,1.05,73864,6.31,/home/santhosh/Desktop/audio-compressed-zips/HM_NC_00080.zip
HN_NC_00059.zip,compressed,76,76,1904146,1106141,1.82,1.05,798005,41.91,/home/santhosh/Desktop/audio-compressed-zips/HN_NC_00059.zip
HN_NC_00078.zip,compressed,47,47,1254900,1103325,1.2,1.05,151575,12.08,/home/santhosh/Desktop/audio-compressed-zips/HN_NC_00078.zip
HN_NC_00091.zip,compressed,57,57,2124565,1106135,2.03,1.05,1018430,47.94,/home/santhosh/Desktop/audio-compressed-zips/HN_NC_00091.zip
HN_NC_00158.zip,compressed,43,43,1354862,1101237,1.29,1.05,253625,18.72,/home/santhosh/Desktop/audio-compressed-zips/HN_NC_00158.zip
HN_NC_00169.zip,compressed,53,53,2250852,1098425,2.15,1.05,1152427,51.2,/home/santhosh/Desktop/audio-compressed-zips/HN_NC_00169.zip
LIDO_hi1406.zip,compressed,37,37,1492656,1102029,1.42,1.05,390627,26.17,/home/santhosh/Desktop/audio-compressed-zips/LIDO_hi1406.zip
EN_NC_00083.zip,compressed,69,69,2061503,1112086,1.97,1.06,949417,46.05,/home/santhosh/Desktop/audio-compressed-zips/EN_NC_00083.zip
HI_HA_0031.zip,compressed,38,38,2606743,1109103,2.49,1.06,1497640,57.45,/home/santhosh/Desktop/audio-compressed-zips/HI_HA_0031.zip
HI_HA_0066.zip,compressed,82,82,10127109,1109055,9.66,1.06,9018054,89.05,/home/santhosh/Desktop/audio-compressed-zips/HI_HA_0066.zip
HM_NC_00050.zip,compressed,43,1,1146100,1109168,1.09,1.06,36932,3.22,/home/santhosh/Desktop/audio-compressed-zips/HM_NC_00050.zip
HM_NC_00076.zip,compressed,50,1,1151257,1114325,1.1,1.06,36932,3.21,/home/santhosh/Desktop/audio-compressed-zips/HM_NC_00076.zip
HN_NC_00133.zip,compressed,57,57,2547081,1108446,2.43,1.06,1438635,56.48,/home/santhosh/Desktop/audio-compressed-zips/HN_NC_00133.zip
HN_NC_00162.zip,compressed,62,62,2678787,1112455,2.55,1.06,1566332,58.47,/home/santhosh/Desktop/audio-compressed-zips/HN_NC_00162.zip
HN_NC_00176.zip,compressed,28,28,6487923,1114880,6.19,1.06,5373043,82.82,/home/santhosh/Desktop/audio-compressed-zips/HN_NC_00176.zip
HN_NC_00192.zip,compressed,45,45,2267247,1111086,2.16,1.06,1156161,50.99,/home/santhosh/Desktop/audio-compressed-zips/HN_NC_00192.zip
MT_NC_00072.zip,compressed,33,33,4655147,1112588,4.44,1.06,3542559,76.1,/home/santhosh/Desktop/audio-compressed-zips/MT_NC_00072.zip
Comprehension_Skills.zip,compressed,42,42,1411881,1124462,1.35,1.07,287419,20.36,/home/santhosh/Desktop/audio-compressed-zips/Comprehension_Skills.zip
HM_NC_00034.zip,compressed,58,58,9051191,1120163,8.63,1.07,7931028,87.62,/home/santhosh/Desktop/audio-compressed-zips/HM_NC_00034.zip
HM_NC_00054.zip,compressed,48,2,1192823,1118959,1.14,1.07,73864,6.19,/home/santhosh/Desktop/audio-compressed-zips/HM_NC_00054.zip
HN_NC_00090.zip,compressed,34,34,1571154,1125066,1.5,1.07,446088,28.39,/home/santhosh/Desktop/audio-compressed-zips/HN_NC_00090.zip
LIDO_kn0802.zip,compressed,19,19,1181824,1123163,1.13,1.07,58661,4.96,/home/santhosh/Desktop/audio-compressed-zips/LIDO_kn0802.zip
LIDO_kn1003.zip,compressed,19,19,1135758,1118794,1.08,1.07,16964,1.49,/home/santhosh/Desktop/audio-compressed-zips/LIDO_kn1003.zip
MT_NC_00011.zip,compressed,89,89,4614878,1125397,4.4,1.07,3489481,75.61,/home/santhosh/Desktop/audio-compressed-zips/MT_NC_00011.zip
MT_NC_00053.zip,compressed,42,42,2253936,1124017,2.15,1.07,1129919,50.13,/home/santhosh/Desktop/audio-compressed-zips/MT_NC_00053.zip
MT_NC_00097.zip,compressed,48,48,1901876,1125853,1.81,1.07,776023,40.8,/home/santhosh/Desktop/audio-compressed-zips/MT_NC_00097.zip
EN_NC_00122.zip,compressed,58,58,2362851,1129022,2.25,1.08,1233829,52.22,/home/santhosh/Desktop/audio-compressed-zips/EN_NC_00122.zip
EN_NC_00131.zip,compressed,75,75,2509538,1132911,2.39,1.08,1376627,54.86,/home/santhosh/Desktop/audio-compressed-zips/EN_NC_00131.zip
HI_HA_0032.zip,compressed,49,49,1973704,1136155,1.88,1.08,837549,42.44,/home/santhosh/Desktop/audio-compressed-zips/HI_HA_0032.zip
HN_NC_00084.zip,compressed,70,70,2730447,1133130,2.6,1.08,1597317,58.5,/home/santhosh/Desktop/audio-compressed-zips/HN_NC_00084.zip
HN_NC_00094.zip,compressed,48,48,2068457,1135698,1.97,1.08,932759,45.09,/home/santhosh/Desktop/audio-compressed-zips/HN_NC_00094.zip
HN_NC_00128.zip,compressed,57,57,1435245,1133995,1.37,1.08,301250,20.99,/home/santhosh/Desktop/audio-compressed-zips/HN_NC_00128.zip
LIDO_en2003.zip,compressed,16,16,1212804,1132959,1.16,1.08,79845,6.58,/home/santhosh/Desktop/audio-compressed-zips/LIDO_en2003.zip
LIDO_kn0702.zip,compressed,21,21,1185979,1135501,1.13,1.08,50478,4.26,/home/santhosh/Desktop/audio-compressed-zips/LIDO_kn0702.zip
LIDO_kn2_1006.zip,compressed,13,13,1167168,1129286,1.11,1.08,37882,3.25,/home/santhosh/Desktop/audio-compressed-zips/LIDO_kn2_1006.zip
HI_HA_0037.zip,compressed,63,63,2297093,1142965,2.19,1.09,1154128,50.24,/home/santhosh/Desktop/audio-compressed-zips/HI_HA_0037.zip
HM_NC_00013.zip,compressed,55,55,2680127,1148146,2.56,1.09,1531981,57.16,/home/santhosh/Desktop/audio-compressed-zips/HM_NC_00013.zip
LIDO_en3103.zip,compressed,24,24,1346614,1144206,1.28,1.09,202408,15.03,/home/santhosh/Desktop/audio-compressed-zips/LIDO_en3103.zip
LIDO_en3305.zip,compressed,23,23,1301322,1142250,1.24,1.09,159072,12.22,/home/santhosh/Desktop/audio-compressed-zips/LIDO_en3305.zip
LIDO_kn0703.zip,compressed,22,22,1161305,1141363,1.11,1.09,19942,1.72,/home/santhosh/Desktop/audio-compressed-zips/LIDO_kn0703.zip
LIDO_kn3000.zip,compressed,9,9,1165923,1144819,1.11,1.09,21104,1.81,/home/santhosh/Desktop/audio-compressed-zips/LIDO_kn3000.zip
HM_NC_00046.zip,compressed,60,60,1455620,1149976,1.39,1.1,305644,21,/home/santhosh/Desktop/audio-compressed-zips/HM_NC_00046.zip
HN_NC_00129.zip,compressed,37,37,1491068,1149284,1.42,1.1,341784,22.92,/home/santhosh/Desktop/audio-compressed-zips/HN_NC_00129.zip
LIDO_en2800.zip,compressed,25,25,1352389,1152045,1.29,1.1,200344,14.81,/home/santhosh/Desktop/audio-compressed-zips/LIDO_en2800.zip
LIDO_en3415.zip,compressed,38,38,1312247,1156191,1.25,1.1,156056,11.89,/home/santhosh/Desktop/audio-compressed-zips/LIDO_en3415.zip
LIDO_hi1802.zip,compressed,47,47,1670938,1152369,1.59,1.1,518569,31.03,/home/santhosh/Desktop/audio-compressed-zips/LIDO_hi1802.zip
EN_NC_00129.zip,compressed,89,89,2673149,1161882,2.55,1.11,1511267,56.54,/home/santhosh/Desktop/audio-compressed-zips/EN_NC_00129.zip
HN_NC_00095.zip,compressed,70,70,2187429,1168362,2.09,1.11,1019067,46.59,/home/santhosh/Desktop/audio-compressed-zips/HN_NC_00095.zip
HN_NC_00125.zip,compressed,28,28,1398382,1160893,1.33,1.11,237489,16.98,/home/santhosh/Desktop/audio-compressed-zips/HN_NC_00125.zip
LIDO_en2700.zip,compressed,45,45,1489335,1162427,1.42,1.11,326908,21.95,/home/santhosh/Desktop/audio-compressed-zips/LIDO_en2700.zip
LIDO_maths0400_hi.zip,compressed,37,37,1711608,1161021,1.63,1.11,550587,32.17,/home/santhosh/Desktop/audio-compressed-zips/LIDO_maths0400_hi.zip
MT_NC_00010.zip,compressed,51,51,1514168,1158677,1.44,1.11,355491,23.48,/home/santhosh/Desktop/audio-compressed-zips/MT_NC_00010.zip
MT_NC_00019.zip,compressed,69,2,1215208,1163442,1.16,1.11,51766,4.26,/home/santhosh/Desktop/audio-compressed-zips/MT_NC_00019.zip
EN_NC_00008.zip,compressed,46,46,1992427,1174620,1.9,1.12,817807,41.05,/home/santhosh/Desktop/audio-compressed-zips/EN_NC_00008.zip
HM_NC_00065.zip,compressed,65,5,1327933,1174534,1.27,1.12,153399,11.55,/home/santhosh/Desktop/audio-compressed-zips/HM_NC_00065.zip
HN_NC_00072.zip,compressed,69,69,2696304,1178692,2.57,1.12,1517612,56.28,/home/santhosh/Desktop/audio-compressed-zips/HN_NC_00072.zip
HN_NC_00139.zip,compressed,63,63,1492088,1174096,1.42,1.12,317992,21.31,/home/santhosh/Desktop/audio-compressed-zips/HN_NC_00139.zip
LIDO_hi_5102.zip,compressed,27,27,1368241,1171914,1.3,1.12,196327,14.35,/home/santhosh/Desktop/audio-compressed-zips/LIDO_hi_5102.zip
MT_NC_00089.zip,compressed,59,59,2331276,1173731,2.22,1.12,1157545,49.65,/home/santhosh/Desktop/audio-compressed-zips/MT_NC_00089.zip
HM_NC_00010.zip,compressed,52,52,8278389,1185915,7.89,1.13,7092474,85.67,/home/santhosh/Desktop/audio-compressed-zips/HM_NC_00010.zip
HM_NC_00042.zip,compressed,66,66,1493638,1186288,1.42,1.13,307350,20.58,/home/santhosh/Desktop/audio-compressed-zips/HM_NC_00042.zip
HM_NC_00095.zip,compressed,55,3,1293857,1183061,1.23,1.13,110796,8.56,/home/santhosh/Desktop/audio-compressed-zips/HM_NC_00095.zip
LIDO_hi1306.zip,compressed,36,36,1598979,1183205,1.52,1.13,415774,26,/home/santhosh/Desktop/audio-compressed-zips/LIDO_hi1306.zip
HN_NC_00137.zip,compressed,55,55,2044140,1200356,1.95,1.14,843784,41.28,/home/santhosh/Desktop/audio-compressed-zips/HN_NC_00137.zip
LIDO_kn0105.zip,compressed,24,24,1222098,1196996,1.17,1.14,25102,2.05,/home/santhosh/Desktop/audio-compressed-zips/LIDO_kn0105.zip
EN_NC_00003.zip,compressed,38,38,2131281,1207963,2.03,1.15,923318,43.32,/home/santhosh/Desktop/audio-compressed-zips/EN_NC_00003.zip
EN_NC_00096.zip,compressed,81,81,2528690,1205748,2.41,1.15,1322942,52.32,/home/santhosh/Desktop/audio-compressed-zips/EN_NC_00096.zip
EN_NC_00133.zip,compressed,61,61,2500202,1204637,2.38,1.15,1295565,51.82,/home/santhosh/Desktop/audio-compressed-zips/EN_NC_00133.zip
HN_NC_00163.zip,compressed,38,38,2704151,1208182,2.58,1.15,1495969,55.32,/home/santhosh/Desktop/audio-compressed-zips/HN_NC_00163.zip
LIDO_kn0002.zip,compressed,24,24,1254297,1201141,1.2,1.15,53156,4.24,/home/santhosh/Desktop/audio-compressed-zips/LIDO_kn0002.zip
LIDO_kn0202.zip,compressed,28,28,1261249,1208655,1.2,1.15,52594,4.17,/home/santhosh/Desktop/audio-compressed-zips/LIDO_kn0202.zip
LIDO_kn0203.zip,compressed,21,21,1225464,1205565,1.17,1.15,19899,1.62,/home/santhosh/Desktop/audio-compressed-zips/LIDO_kn0203.zip
LIDO_kn0503.zip,compressed,25,25,1226995,1204509,1.17,1.15,22486,1.83,/home/santhosh/Desktop/audio-compressed-zips/LIDO_kn0503.zip
MT_NC_00026.zip,compressed,38,38,4352418,1208323,4.15,1.15,3144095,72.24,/home/santhosh/Desktop/audio-compressed-zips/MT_NC_00026.zip
MT_NC_00092.zip,compressed,58,58,2268981,1208744,2.16,1.15,1060237,46.73,/home/santhosh/Desktop/audio-compressed-zips/MT_NC_00092.zip
EN_NC_00099.zip,compressed,70,70,1679328,1215998,1.6,1.16,463330,27.59,/home/santhosh/Desktop/audio-compressed-zips/EN_NC_00099.zip
HM_NC_00038.zip,compressed,59,59,8815713,1219312,8.41,1.16,7596401,86.17,/home/santhosh/Desktop/audio-compressed-zips/HM_NC_00038.zip
HM_NC_00059.zip,compressed,58,2,1266634,1212316,1.21,1.16,54318,4.29,/home/santhosh/Desktop/audio-compressed-zips/HM_NC_00059.zip
HN_NC_00101.zip,compressed,61,61,2851625,1218316,2.72,1.16,1633309,57.28,/home/santhosh/Desktop/audio-compressed-zips/HN_NC_00101.zip
HN_NC_00175.zip,compressed,20,20,5706358,1217492,5.44,1.16,4488866,78.66,/home/santhosh/Desktop/audio-compressed-zips/HN_NC_00175.zip
HN_NC_00194.zip,compressed,46,46,2217135,1221455,2.11,1.16,995680,44.91,/home/santhosh/Desktop/audio-compressed-zips/HN_NC_00194.zip
LIDO_hi0914.zip,compressed,23,23,1358273,1213063,1.3,1.16,145210,10.69,/home/santhosh/Desktop/audio-compressed-zips/LIDO_hi0914.zip
LIDO_hi2_PreQuiz.zip,compressed,58,58,1947851,1220286,1.86,1.16,727565,37.35,/home/santhosh/Desktop/audio-compressed-zips/LIDO_hi2_PreQuiz.zip
MT_NC_00009.zip,compressed,57,57,1524121,1218395,1.45,1.16,305726,20.06,/home/santhosh/Desktop/audio-compressed-zips/MT_NC_00009.zip
EN_NC_00009.zip,compressed,45,45,1969663,1221740,1.88,1.17,747923,37.97,/home/santhosh/Desktop/audio-compressed-zips/EN_NC_00009.zip
EN_NC_00034.zip,compressed,47,47,1646420,1230935,1.57,1.17,415485,25.24,/home/santhosh/Desktop/audio-compressed-zips/EN_NC_00034.zip
HI_HA_0023.zip,compressed,78,78,2655942,1221613,2.53,1.17,1434329,54,/home/santhosh/Desktop/audio-compressed-zips/HI_HA_0023.zip
HM_NC_00023.zip,compressed,74,74,3134201,1230612,2.99,1.17,1903589,60.74,/home/santhosh/Desktop/audio-compressed-zips/HM_NC_00023.zip
HM_NC_00051.zip,compressed,63,4,1350694,1222512,1.29,1.17,128182,9.49,/home/santhosh/Desktop/audio-compressed-zips/HM_NC_00051.zip
LIDO_en1906.zip,compressed,22,22,1266378,1228538,1.21,1.17,37840,2.99,/home/santhosh/Desktop/audio-compressed-zips/LIDO_en1906.zip
LIDO_en3203.zip,compressed,48,48,1656453,1231989,1.58,1.17,424464,25.62,/home/santhosh/Desktop/audio-compressed-zips/LIDO_en3203.zip
EN_NC_00004.zip,compressed,39,39,1826724,1233771,1.74,1.18,592953,32.46,/home/santhosh/Desktop/audio-compressed-zips/EN_NC_00004.zip
HM_NC_00082.zip,compressed,42,2,1307862,1233998,1.25,1.18,73864,5.65,/home/santhosh/Desktop/audio-compressed-zips/HM_NC_00082.zip
LIDO_en3600.zip,compressed,24,24,1372996,1236163,1.31,1.18,136833,9.97,/home/santhosh/Desktop/audio-compressed-zips/LIDO_en3600.zip
MT_NC_00046.zip,compressed,55,55,1561170,1234205,1.49,1.18,326965,20.94,/home/santhosh/Desktop/audio-compressed-zips/MT_NC_00046.zip
HI_HA_0039.zip,compressed,169,169,3397127,1246554,3.24,1.19,2150573,63.31,/home/santhosh/Desktop/audio-compressed-zips/HI_HA_0039.zip
HI_HA_0081.zip,compressed,71,71,2057583,1243796,1.96,1.19,813787,39.55,/home/santhosh/Desktop/audio-compressed-zips/HI_HA_0081.zip
LIDO_hi1702.zip,compressed,25,25,1716210,1249229,1.64,1.19,466981,27.21,/home/santhosh/Desktop/audio-compressed-zips/LIDO_hi1702.zip
MT_NC_00093.zip,compressed,77,77,2217010,1250562,2.11,1.19,966448,43.59,/home/santhosh/Desktop/audio-compressed-zips/MT_NC_00093.zip
EN_NC_00018.zip,compressed,48,48,2182257,1256684,2.08,1.2,925573,42.41,/home/santhosh/Desktop/audio-compressed-zips/EN_NC_00018.zip
EN_NC_00100.zip,compressed,65,65,2764740,1254944,2.64,1.2,1509796,54.61,/home/santhosh/Desktop/audio-compressed-zips/EN_NC_00100.zip
EN_NC_00123.zip,compressed,45,45,2966313,1256358,2.83,1.2,1709955,57.65,/home/santhosh/Desktop/audio-compressed-zips/EN_NC_00123.zip
HI_HA_0042.zip,compressed,66,66,7611662,1262873,7.26,1.2,6348789,83.41,/home/santhosh/Desktop/audio-compressed-zips/HI_HA_0042.zip
HM_NC_00029.zip,compressed,72,72,4640201,1253937,4.43,1.2,3386264,72.98,/home/santhosh/Desktop/audio-compressed-zips/HM_NC_00029.zip
HN_NC_00136.zip,compressed,69,69,2759610,1255950,2.63,1.2,1503660,54.49,/home/santhosh/Desktop/audio-compressed-zips/HN_NC_00136.zip
MT_NC_00016.zip,compressed,60,60,1644369,1258544,1.57,1.2,385825,23.46,/home/santhosh/Desktop/audio-compressed-zips/MT_NC_00016.zip
MT_NC_00086.zip,compressed,72,72,10179101,1259552,9.71,1.2,8919549,87.63,/home/santhosh/Desktop/audio-compressed-zips/MT_NC_00086.zip
EN_NC_00022.zip,compressed,51,51,3273387,1273143,3.12,1.21,2000244,61.11,/home/santhosh/Desktop/audio-compressed-zips/EN_NC_00022.zip
EN_NC_00032.zip,compressed,64,64,1852170,1270470,1.77,1.21,581700,31.41,/home/santhosh/Desktop/audio-compressed-zips/EN_NC_00032.zip
HN_NC_00148.zip,compressed,54,54,1593777,1266698,1.52,1.21,327079,20.52,/home/santhosh/Desktop/audio-compressed-zips/HN_NC_00148.zip
HN_NC_00149.zip,compressed,44,44,1401994,1272980,1.34,1.21,129014,9.2,/home/santhosh/Desktop/audio-compressed-zips/HN_NC_00149.zip
LIDO_kn0003.zip,compressed,14,14,1286759,1272760,1.23,1.21,13999,1.09,/home/santhosh/Desktop/audio-compressed-zips/LIDO_kn0003.zip
MT_NC_00037.zip,compressed,60,60,4666908,1267643,4.45,1.21,3399265,72.84,/home/santhosh/Desktop/audio-compressed-zips/MT_NC_00037.zip
MT_NC_00088.zip,compressed,49,49,2052583,1272711,1.96,1.21,779872,37.99,/home/santhosh/Desktop/audio-compressed-zips/MT_NC_00088.zip
EN_NC_00036.zip,compressed,45,45,3218990,1284088,3.07,1.22,1934902,60.11,/home/santhosh/Desktop/audio-compressed-zips/EN_NC_00036.zip
EN_NC_00101.zip,compressed,40,40,2751506,1280288,2.62,1.22,1471218,53.47,/home/santhosh/Desktop/audio-compressed-zips/EN_NC_00101.zip
HN_NC_00008.zip,compressed,79,79,1617622,1274020,1.54,1.22,343602,21.24,/home/santhosh/Desktop/audio-compressed-zips/HN_NC_00008.zip
LIDO_en2407.zip,compressed,40,40,1584791,1277212,1.51,1.22,307579,19.41,/home/santhosh/Desktop/audio-compressed-zips/LIDO_en2407.zip
LIDO_hi0810.zip,compressed,23,23,1444650,1279371,1.38,1.22,165279,11.44,/home/santhosh/Desktop/audio-compressed-zips/LIDO_hi0810.zip
HI_HA_0043.zip,compressed,67,67,8124923,1291045,7.75,1.23,6833878,84.11,/home/santhosh/Desktop/audio-compressed-zips/HI_HA_0043.zip
EN_NC_00017.zip,compressed,46,46,1682907,1296693,1.6,1.24,386214,22.95,/home/santhosh/Desktop/audio-compressed-zips/EN_NC_00017.zip
HI_HA_0002.zip,compressed,55,55,7421503,1300171,7.08,1.24,6121332,82.48,/home/santhosh/Desktop/audio-compressed-zips/HI_HA_0002.zip
HM_NC_00037.zip,compressed,73,73,10736345,1303051,10.24,1.24,9433294,87.86,/home/santhosh/Desktop/audio-compressed-zips/HM_NC_00037.zip
HM_NC_00074.zip,compressed,52,2,1375825,1301961,1.31,1.24,73864,5.37,/home/santhosh/Desktop/audio-compressed-zips/HM_NC_00074.zip
LIDO_en3200.zip,compressed,38,38,1576324,1305184,1.5,1.24,271140,17.2,/home/santhosh/Desktop/audio-compressed-zips/LIDO_en3200.zip
EN_NC_00041.zip,compressed,57,57,1751939,1310973,1.67,1.25,440966,25.17,/home/santhosh/Desktop/audio-compressed-zips/EN_NC_00041.zip
HN_NC_00188.zip,compressed,44,44,5073396,1314447,4.84,1.25,3758949,74.09,/home/santhosh/Desktop/audio-compressed-zips/HN_NC_00188.zip
EN_NC_00130.zip,compressed,90,90,2797236,1322590,2.67,1.26,1474646,52.72,/home/santhosh/Desktop/audio-compressed-zips/EN_NC_00130.zip
LIDO_en0807.zip,compressed,44,44,1488854,1321110,1.42,1.26,167744,11.27,/home/santhosh/Desktop/audio-compressed-zips/LIDO_en0807.zip
EN_NC_00007.zip,compressed,40,40,2219326,1331675,2.12,1.27,887651,40,/home/santhosh/Desktop/audio-compressed-zips/EN_NC_00007.zip
HM_NC_00072.zip,compressed,42,3,1386983,1332101,1.32,1.27,54882,3.96,/home/santhosh/Desktop/audio-compressed-zips/HM_NC_00072.zip
HN_NC_00179.zip,compressed,49,49,6467166,1333971,6.17,1.27,5133195,79.37,/home/santhosh/Desktop/audio-compressed-zips/HN_NC_00179.zip
LIDO_kn0403.zip,compressed,24,24,1350785,1327840,1.29,1.27,22945,1.7,/home/santhosh/Desktop/audio-compressed-zips/LIDO_kn0403.zip
LIDO_maths0401_hi.zip,compressed,43,43,1936693,1335849,1.85,1.27,600844,31.02,/home/santhosh/Desktop/audio-compressed-zips/LIDO_maths0401_hi.zip
MT_NC_00007.zip,compressed,59,59,4570575,1332484,4.36,1.27,3238091,70.85,/home/santhosh/Desktop/audio-compressed-zips/MT_NC_00007.zip
EN_NC_00019.zip,compressed,62,62,1827787,1338098,1.74,1.28,489689,26.79,/home/santhosh/Desktop/audio-compressed-zips/EN_NC_00019.zip
HI_HA_0022.zip,compressed,67,67,3008723,1344459,2.87,1.28,1664264,55.31,/home/santhosh/Desktop/audio-compressed-zips/HI_HA_0022.zip
HM_NC_00036.zip,compressed,76,76,11346882,1340011,10.82,1.28,10006871,88.19,/home/santhosh/Desktop/audio-compressed-zips/HM_NC_00036.zip
LIDO_hi1411_hi.zip,compressed,40,40,1799125,1337301,1.72,1.28,461824,25.67,/home/santhosh/Desktop/audio-compressed-zips/LIDO_hi1411_hi.zip
LIDO_maths0402_hi.zip,compressed,43,43,1957589,1346696,1.87,1.28,610893,31.21,/home/santhosh/Desktop/audio-compressed-zips/LIDO_maths0402_hi.zip
MT_NC_00036.zip,compressed,69,69,4685306,1347335,4.47,1.28,3337971,71.24,/home/santhosh/Desktop/audio-compressed-zips/MT_NC_00036.zip
MT_NC_00042.zip,compressed,69,69,1760320,1337243,1.68,1.28,423077,24.03,/home/santhosh/Desktop/audio-compressed-zips/MT_NC_00042.zip
MT_NC_00087.zip,compressed,74,74,10812785,1339435,10.31,1.28,9473350,87.61,/home/santhosh/Desktop/audio-compressed-zips/MT_NC_00087.zip
assess_hi0001.zip,compressed,126,126,1695940,1342784,1.62,1.28,353156,20.82,/home/santhosh/Desktop/audio-compressed-zips/assess_hi0001.zip
EN_NC_00005.zip,compressed,51,51,1784154,1347715,1.7,1.29,436439,24.46,/home/santhosh/Desktop/audio-compressed-zips/EN_NC_00005.zip
EN_NC_00132.zip,compressed,82,82,3175546,1353792,3.03,1.29,1821754,57.37,/home/santhosh/Desktop/audio-compressed-zips/EN_NC_00132.zip
HM_NC_00045.zip,compressed,70,70,1729141,1350315,1.65,1.29,378826,21.91,/home/santhosh/Desktop/audio-compressed-zips/HM_NC_00045.zip
EN_NC_00030.zip,compressed,68,68,2411900,1364927,2.3,1.3,1046973,43.41,/home/santhosh/Desktop/audio-compressed-zips/EN_NC_00030.zip
EN_NC_00038.zip,compressed,31,31,1719220,1362657,1.64,1.3,356563,20.74,/home/santhosh/Desktop/audio-compressed-zips/EN_NC_00038.zip
HI_HA_0050.zip,compressed,63,63,6608999,1368082,6.3,1.3,5240917,79.3,/home/santhosh/Desktop/audio-compressed-zips/HI_HA_0050.zip
HI_HA_0052.zip,compressed,82,82,6430273,1367935,6.13,1.3,5062338,78.73,/home/santhosh/Desktop/audio-compressed-zips/HI_HA_0052.zip
HM_NC_00007.zip,compressed,52,52,8051785,1359306,7.68,1.3,6692479,83.12,/home/santhosh/Desktop/audio-compressed-zips/HM_NC_00007.zip
LIDO_en1903.zip,compressed,40,40,1438392,1367591,1.37,1.3,70801,4.92,/home/santhosh/Desktop/audio-compressed-zips/LIDO_en1903.zip
MT_NC_00004.zip,compressed,89,89,4663144,1362500,4.45,1.3,3300644,70.78,/home/santhosh/Desktop/audio-compressed-zips/MT_NC_00004.zip
MT_NC_00027.zip,compressed,78,78,4684584,1363727,4.47,1.3,3320857,70.89,/home/santhosh/Desktop/audio-compressed-zips/MT_NC_00027.zip
EN_NC_00026.zip,compressed,39,39,1756573,1369802,1.68,1.31,386771,22.02,/home/santhosh/Desktop/audio-compressed-zips/EN_NC_00026.zip
HI_HA_0024.zip,compressed,79,79,3103857,1375921,2.96,1.31,1727936,55.67,/home/santhosh/Desktop/audio-compressed-zips/HI_HA_0024.zip
HI_HA_0080.zip,compressed,65,65,2280577,1375022,2.17,1.31,905555,39.71,/home/santhosh/Desktop/audio-compressed-zips/HI_HA_0080.zip
EN_NC_00001.zip,compressed,41,41,2234805,1383509,2.13,1.32,851296,38.09,/home/santhosh/Desktop/audio-compressed-zips/EN_NC_00001.zip
HI_HA_0009.zip,compressed,43,43,5323859,1379758,5.08,1.32,3944101,74.08,/home/santhosh/Desktop/audio-compressed-zips/HI_HA_0009.zip
Let’s Revise-1.zip,compressed,60,60,9111001,1384719,8.69,1.32,7726282,84.8,/home/santhosh/Desktop/audio-compressed-zips/Let’s Revise-1.zip
HN_NC_00170.zip,compressed,36,36,5203011,1395745,4.96,1.33,3807266,73.17,/home/santhosh/Desktop/audio-compressed-zips/HN_NC_00170.zip
LIDO_en2405.zip,compressed,57,57,1614222,1394007,1.54,1.33,220215,13.64,/home/santhosh/Desktop/audio-compressed-zips/LIDO_en2405.zip
MT_NC_00035.zip,compressed,71,71,4632966,1392749,4.42,1.33,3240217,69.94,/home/santhosh/Desktop/audio-compressed-zips/MT_NC_00035.zip
MT_NC_00085.zip,compressed,84,84,14790546,1399573,14.11,1.33,13390973,90.54,/home/santhosh/Desktop/audio-compressed-zips/MT_NC_00085.zip
HM_NC_00075.zip,compressed,52,1,1437505,1400573,1.37,1.34,36932,2.57,/home/santhosh/Desktop/audio-compressed-zips/HM_NC_00075.zip
LIDO_en2400.zip,compressed,43,43,1466839,1403452,1.4,1.34,63387,4.32,/home/santhosh/Desktop/audio-compressed-zips/LIDO_en2400.zip
MT_NC_00071.zip,compressed,30,30,4588541,1405354,4.38,1.34,3183187,69.37,/home/santhosh/Desktop/audio-compressed-zips/MT_NC_00071.zip
HI_HA_0014.zip,compressed,59,59,6593992,1414825,6.29,1.35,5179167,78.54,/home/santhosh/Desktop/audio-compressed-zips/HI_HA_0014.zip
HM_NC_00041.zip,compressed,45,45,1654626,1410696,1.58,1.35,243930,14.74,/home/santhosh/Desktop/audio-compressed-zips/HM_NC_00041.zip
HM_NC_00067.zip,compressed,90,2,1467263,1412945,1.4,1.35,54318,3.7,/home/santhosh/Desktop/audio-compressed-zips/HM_NC_00067.zip
HM_NC_00083.zip,compressed,120,12,1856419,1419136,1.77,1.35,437283,23.56,/home/santhosh/Desktop/audio-compressed-zips/HM_NC_00083.zip
HN_NC_00126.zip,compressed,98,98,3482447,1413771,3.32,1.35,2068676,59.4,/home/santhosh/Desktop/audio-compressed-zips/HN_NC_00126.zip
LIDO_en3602.zip,compressed,17,17,1531183,1417535,1.46,1.35,113648,7.42,/home/santhosh/Desktop/audio-compressed-zips/LIDO_en3602.zip
LIDO_kn_quiz00.zip,compressed,116,116,1792456,1418069,1.71,1.35,374387,20.89,/home/santhosh/Desktop/audio-compressed-zips/LIDO_kn_quiz00.zip
MT_NC_00065.zip,compressed,59,59,4595781,1414356,4.38,1.35,3181425,69.22,/home/santhosh/Desktop/audio-compressed-zips/MT_NC_00065.zip
HI_HA_0018.zip,compressed,61,61,6923259,1425777,6.6,1.36,5497482,79.41,/home/santhosh/Desktop/audio-compressed-zips/HI_HA_0018.zip
LIDO_hi_5100.zip,compressed,10,10,1477808,1425694,1.41,1.36,52114,3.53,/home/santhosh/Desktop/audio-compressed-zips/LIDO_hi_5100.zip
LIDO_kn0402.zip,compressed,25,25,1484341,1425116,1.42,1.36,59225,3.99,/home/santhosh/Desktop/audio-compressed-zips/LIDO_kn0402.zip
LIDO_kn1104.zip,compressed,44,44,1526322,1429932,1.46,1.36,96390,6.32,/home/santhosh/Desktop/audio-compressed-zips/LIDO_kn1104.zip
EN_NC_00043.zip,compressed,56,56,2095747,1438206,2,1.37,657541,31.38,/home/santhosh/Desktop/audio-compressed-zips/EN_NC_00043.zip
HM_NC_00020.zip,compressed,75,3,1520460,1435111,1.45,1.37,85349,5.61,/home/santhosh/Desktop/audio-compressed-zips/HM_NC_00020.zip
HN_NC_00134.zip,compressed,57,57,3247861,1434235,3.1,1.37,1813626,55.84,/home/santhosh/Desktop/audio-compressed-zips/HN_NC_00134.zip
EN_NC_00037.zip,compressed,50,50,3016293,1449158,2.88,1.38,1567135,51.96,/home/santhosh/Desktop/audio-compressed-zips/EN_NC_00037.zip
HI_HA_0036.zip,compressed,54,54,2657374,1449209,2.53,1.38,1208165,45.46,/home/santhosh/Desktop/audio-compressed-zips/HI_HA_0036.zip
HM_NC_00044.zip,compressed,61,61,1782970,1448994,1.7,1.38,333976,18.73,/home/santhosh/Desktop/audio-compressed-zips/HM_NC_00044.zip
HN_NC_00124.zip,compressed,79,79,3204366,1462231,3.06,1.39,1742135,54.37,/home/santhosh/Desktop/audio-compressed-zips/HN_NC_00124.zip
HN_NC_00178.zip,compressed,68,68,2824426,1453259,2.69,1.39,1371167,48.55,/home/santhosh/Desktop/audio-compressed-zips/HN_NC_00178.zip
LIDO_hi1700.zip,compressed,17,17,1766159,1454137,1.68,1.39,312022,17.67,/home/santhosh/Desktop/audio-compressed-zips/LIDO_hi1700.zip
MT_NC_00047.zip,compressed,65,65,1807728,1452291,1.72,1.39,355437,19.66,/home/santhosh/Desktop/audio-compressed-zips/MT_NC_00047.zip
HI_HA_0041.zip,compressed,66,66,8332802,1467146,7.95,1.4,6865656,82.39,/home/santhosh/Desktop/audio-compressed-zips/HI_HA_0041.zip
HM_NC_00022.zip,compressed,62,3,1541033,1464002,1.47,1.4,77031,5,/home/santhosh/Desktop/audio-compressed-zips/HM_NC_00022.zip
HM_NC_00030.zip,compressed,50,50,4639530,1466841,4.42,1.4,3172689,68.38,/home/santhosh/Desktop/audio-compressed-zips/HM_NC_00030.zip
HN_NC_00171.zip,compressed,77,77,3749854,1466022,3.58,1.4,2283832,60.9,/home/santhosh/Desktop/audio-compressed-zips/HN_NC_00171.zip
LIDO_en1904.zip,compressed,28,28,1517493,1463735,1.45,1.4,53758,3.54,/home/santhosh/Desktop/audio-compressed-zips/LIDO_en1904.zip
MT_NC_00020.zip,compressed,109,109,4667248,1472469,4.45,1.4,3194779,68.45,/home/santhosh/Desktop/audio-compressed-zips/MT_NC_00020.zip
MT_NC_00075.zip,compressed,49,49,4576637,1465888,4.36,1.4,3110749,67.97,/home/santhosh/Desktop/audio-compressed-zips/MT_NC_00075.zip
assess_en0004.zip,compressed,42,42,1758820,1465130,1.68,1.4,293690,16.7,/home/santhosh/Desktop/audio-compressed-zips/assess_en0004.zip
HI_HA_0059.zip,compressed,124,124,16213899,1476509,15.46,1.41,14737390,90.89,/home/santhosh/Desktop/audio-compressed-zips/HI_HA_0059.zip
HM_NC_00008.zip,compressed,62,62,9501250,1475646,9.06,1.41,8025604,84.47,/home/santhosh/Desktop/audio-compressed-zips/HM_NC_00008.zip
MT_NC_00002.zip,compressed,50,50,4556581,1477899,4.35,1.41,3078682,67.57,/home/santhosh/Desktop/audio-compressed-zips/MT_NC_00002.zip
HI_HA_0005.zip,compressed,60,60,7530097,1491417,7.18,1.42,6038680,80.19,/home/santhosh/Desktop/audio-compressed-zips/HI_HA_0005.zip
HI_HA_0016.zip,compressed,78,78,8476676,1487133,8.08,1.42,6989543,82.46,/home/santhosh/Desktop/audio-compressed-zips/HI_HA_0016.zip
HM_NC_00001.zip,compressed,63,63,9819630,1493992,9.36,1.42,8325638,84.79,/home/santhosh/Desktop/audio-compressed-zips/HM_NC_00001.zip
HM_NC_00002.zip,compressed,47,47,7818724,1491517,7.46,1.42,6327207,80.92,/home/santhosh/Desktop/audio-compressed-zips/HM_NC_00002.zip
HN_NC_00140.zip,compressed,45,45,1872340,1489352,1.79,1.42,382988,20.46,/home/santhosh/Desktop/audio-compressed-zips/HN_NC_00140.zip
LIDO_hi1609.zip,compressed,43,43,2144074,1486697,2.04,1.42,657377,30.66,/home/santhosh/Desktop/audio-compressed-zips/LIDO_hi1609.zip
MT_NC_00029.zip,compressed,100,100,4679992,1484861,4.46,1.42,3195131,68.27,/home/santhosh/Desktop/audio-compressed-zips/MT_NC_00029.zip
MT_NC_00082.zip,compressed,42,42,4604159,1488322,4.39,1.42,3115837,67.67,/home/santhosh/Desktop/audio-compressed-zips/MT_NC_00082.zip
HM_NC_00063.zip,compressed,53,6,1671256,1504222,1.59,1.43,167034,9.99,/home/santhosh/Desktop/audio-compressed-zips/HM_NC_00063.zip
HM_NC_00066.zip,compressed,75,4,1629368,1501186,1.55,1.43,128182,7.87,/home/santhosh/Desktop/audio-compressed-zips/HM_NC_00066.zip
HI_HA_0062.zip,compressed,77,77,10533417,1511919,10.05,1.44,9021498,85.65,/home/santhosh/Desktop/audio-compressed-zips/HI_HA_0062.zip
HI_HA_0079.zip,compressed,77,77,2479927,1507828,2.37,1.44,972099,39.2,/home/santhosh/Desktop/audio-compressed-zips/HI_HA_0079.zip
HM_NC_00047.zip,compressed,66,66,1841150,1505333,1.76,1.44,335817,18.24,/home/santhosh/Desktop/audio-compressed-zips/HM_NC_00047.zip
LIDO_en3503.zip,compressed,15,15,1613309,1512079,1.54,1.44,101230,6.27,/home/santhosh/Desktop/audio-compressed-zips/LIDO_en3503.zip
MT_NC_00015.zip,compressed,65,65,4582209,1509224,4.37,1.44,3072985,67.06,/home/santhosh/Desktop/audio-compressed-zips/MT_NC_00015.zip
MT_NC_00074.zip,compressed,52,52,4657551,1504906,4.44,1.44,3152645,67.69,/home/santhosh/Desktop/audio-compressed-zips/MT_NC_00074.zip
HI_HA_0012.zip,compressed,54,54,6740562,1515432,6.43,1.45,5225130,77.52,/home/santhosh/Desktop/audio-compressed-zips/HI_HA_0012.zip
LIDO_hi1701.zip,compressed,24,24,1998718,1522560,1.91,1.45,476158,23.82,/home/santhosh/Desktop/audio-compressed-zips/LIDO_hi1701.zip
MT_NC_00014.zip,compressed,31,30,4300419,1522283,4.1,1.45,2778136,64.6,/home/santhosh/Desktop/audio-compressed-zips/MT_NC_00014.zip
EN_NC_00021.zip,compressed,56,56,2324188,1533575,2.22,1.46,790613,34.02,/home/santhosh/Desktop/audio-compressed-zips/EN_NC_00021.zip
HM_NC_00068.zip,compressed,88,2,1587044,1532726,1.51,1.46,54318,3.42,/home/santhosh/Desktop/audio-compressed-zips/HM_NC_00068.zip
HN_NC_00135.zip,compressed,69,69,2959509,1533286,2.82,1.46,1426223,48.19,/home/santhosh/Desktop/audio-compressed-zips/HN_NC_00135.zip
LIDO_hi1901.zip,compressed,42,42,2229383,1529160,2.13,1.46,700223,31.41,/home/santhosh/Desktop/audio-compressed-zips/LIDO_hi1901.zip
HM_NC_00039.zip,compressed,81,81,12452298,1541613,11.88,1.47,10910685,87.62,/home/santhosh/Desktop/audio-compressed-zips/HM_NC_00039.zip
HI_HA_0038.zip,compressed,328,93,2954593,1552259,2.82,1.48,1402334,47.46,/home/santhosh/Desktop/audio-compressed-zips/HI_HA_0038.zip
HM_NC_00077.zip,compressed,62,3,1664902,1554106,1.59,1.48,110796,6.65,/home/santhosh/Desktop/audio-compressed-zips/HM_NC_00077.zip
LIDO_hi_5101.zip,compressed,10,10,1616194,1547468,1.54,1.48,68726,4.25,/home/santhosh/Desktop/audio-compressed-zips/LIDO_hi_5101.zip
assess_hi0004.zip,compressed,42,42,1798204,1552268,1.71,1.48,245936,13.68,/home/santhosh/Desktop/audio-compressed-zips/assess_hi0004.zip
d76af362-b21e-4981-8bda-799ff57d874e.zip,compressed,1,1,1591708,1556905,1.52,1.48,34803,2.19,/home/santhosh/Desktop/audio-compressed-zips/d76af362-b21e-4981-8bda-799ff57d874e.zip
LIDO_kn0803.zip,compressed,26,26,1584303,1562058,1.51,1.49,22245,1.4,/home/santhosh/Desktop/audio-compressed-zips/LIDO_kn0803.zip
MT_NC_00008.zip,compressed,71,71,4633316,1558111,4.42,1.49,3075205,66.37,/home/santhosh/Desktop/audio-compressed-zips/MT_NC_00008.zip
EN_NC_00025.zip,compressed,33,33,2883159,1574813,2.75,1.5,1308346,45.38,/home/santhosh/Desktop/audio-compressed-zips/EN_NC_00025.zip
HM_NC_00085.zip,compressed,134,7,1828190,1569666,1.74,1.5,258524,14.14,/home/santhosh/Desktop/audio-compressed-zips/HM_NC_00085.zip
LIDO_en2006.zip,compressed,33,33,1852726,1572029,1.77,1.5,280697,15.15,/home/santhosh/Desktop/audio-compressed-zips/LIDO_en2006.zip
HI_HA_0075.zip,compressed,91,91,2638984,1588298,2.52,1.51,1050686,39.81,/home/santhosh/Desktop/audio-compressed-zips/HI_HA_0075.zip
HN_NC_00010.zip,compressed,46,46,5124283,1582378,4.89,1.51,3541905,69.12,/home/santhosh/Desktop/audio-compressed-zips/HN_NC_00010.zip
MT_NC_00038.zip,compressed,55,55,4616550,1585740,4.4,1.51,3030810,65.65,/home/santhosh/Desktop/audio-compressed-zips/MT_NC_00038.zip
HM_NC_00099.zip,compressed,55,3,1709057,1598261,1.63,1.52,110796,6.48,/home/santhosh/Desktop/audio-compressed-zips/HM_NC_00099.zip
LIDO_en2702.zip,compressed,23,23,1705211,1594580,1.63,1.52,110631,6.49,/home/santhosh/Desktop/audio-compressed-zips/LIDO_en2702.zip
LIDO_hi1307.zip,compressed,37,37,2100124,1589741,2,1.52,510383,24.3,/home/santhosh/Desktop/audio-compressed-zips/LIDO_hi1307.zip
HI_HA_0088.zip,compressed,37,37,2349703,1600504,2.24,1.53,749199,31.88,/home/santhosh/Desktop/audio-compressed-zips/HI_HA_0088.zip
HM_NC_00064.zip,compressed,75,6,1794831,1608943,1.71,1.53,185888,10.36,/home/santhosh/Desktop/audio-compressed-zips/HM_NC_00064.zip
LIDO_hi1401.zip,compressed,61,61,2313415,1608395,2.21,1.53,705020,30.48,/home/santhosh/Desktop/audio-compressed-zips/LIDO_hi1401.zip
HM_NC_00049.zip,compressed,56,56,3144333,1618991,3,1.54,1525342,48.51,/home/santhosh/Desktop/audio-compressed-zips/HM_NC_00049.zip
HM_NC_00073.zip,compressed,53,2,1670094,1615776,1.59,1.54,54318,3.25,/home/santhosh/Desktop/audio-compressed-zips/HM_NC_00073.zip
HM_NC_00089.zip,compressed,109,3,1721873,1611077,1.64,1.54,110796,6.43,/home/santhosh/Desktop/audio-compressed-zips/HM_NC_00089.zip
LIDO_kn0102.zip,compressed,24,24,1651240,1611952,1.57,1.54,39288,2.38,/home/santhosh/Desktop/audio-compressed-zips/LIDO_kn0102.zip
HN_NC_00172.zip,compressed,71,71,3876126,1628775,3.7,1.55,2247351,57.98,/home/santhosh/Desktop/audio-compressed-zips/HN_NC_00172.zip
MT_NC_00083.zip,compressed,80,80,15667902,1624004,14.94,1.55,14043898,89.63,/home/santhosh/Desktop/audio-compressed-zips/MT_NC_00083.zip
HM_NC_00084.zip,compressed,109,7,1893959,1635435,1.81,1.56,258524,13.65,/home/santhosh/Desktop/audio-compressed-zips/HM_NC_00084.zip
MT_NC_00023.zip,compressed,49,45,4477330,1640693,4.27,1.56,2836637,63.36,/home/santhosh/Desktop/audio-compressed-zips/MT_NC_00023.zip
09a10bea-9c01-48d4-909b-7fcfe4664108.zip,unchanged (compression gave no saving),0,0,1644916,1644916,1.57,1.57,0,0,/home/santhosh/Desktop/audio-compressed-zips/09a10bea-9c01-48d4-909b-7fcfe4664108.zip
4d1b6113-fe89-41ce-a1ee-39e02fdd36cc.zip,unchanged (compression gave no saving),0,0,1644417,1644417,1.57,1.57,0,0,/home/santhosh/Desktop/audio-compressed-zips/4d1b6113-fe89-41ce-a1ee-39e02fdd36cc.zip
61f03448-fc7e-4030-bd50-67af3a35d2d5.zip,unchanged (compression gave no saving),0,0,1644707,1644707,1.57,1.57,0,0,/home/santhosh/Desktop/audio-compressed-zips/61f03448-fc7e-4030-bd50-67af3a35d2d5.zip
745b36a4-1405-464d-85f4-3f0ece7341e2.zip,unchanged (compression gave no saving),0,0,1644684,1644684,1.57,1.57,0,0,/home/santhosh/Desktop/audio-compressed-zips/745b36a4-1405-464d-85f4-3f0ece7341e2.zip
845c7b2c-fb7e-4b84-9806-72a6ca35fcc9.zip,unchanged (compression gave no saving),0,0,1644235,1644235,1.57,1.57,0,0,/home/santhosh/Desktop/audio-compressed-zips/845c7b2c-fb7e-4b84-9806-72a6ca35fcc9.zip
HI_HA_0045.zip,compressed,72,72,9098335,1649089,8.68,1.57,7449246,81.87,/home/santhosh/Desktop/audio-compressed-zips/HI_HA_0045.zip
HI_HA_0047.zip,compressed,77,77,8461388,1643005,8.07,1.57,6818383,80.58,/home/santhosh/Desktop/audio-compressed-zips/HI_HA_0047.zip
HM_NC_00097.zip,compressed,49,2,1725205,1651341,1.65,1.57,73864,4.28,/home/santhosh/Desktop/audio-compressed-zips/HM_NC_00097.zip
LIDO_en1900.zip,compressed,20,20,1679293,1642533,1.6,1.57,36760,2.19,/home/santhosh/Desktop/audio-compressed-zips/LIDO_en1900.zip
LIDO_en2002.zip,compressed,33,33,1767874,1649436,1.69,1.57,118438,6.7,/home/santhosh/Desktop/audio-compressed-zips/LIDO_en2002.zip
LIDO_en2801.zip,compressed,37,37,1895077,1651694,1.81,1.58,243383,12.84,/home/santhosh/Desktop/audio-compressed-zips/LIDO_en2801.zip
HM_NC_00018.zip,compressed,78,78,3320170,1678426,3.17,1.6,1641744,49.45,/home/santhosh/Desktop/audio-compressed-zips/HM_NC_00018.zip
HN_NC_00173.zip,compressed,65,65,3568796,1676264,3.4,1.6,1892532,53.03,/home/santhosh/Desktop/audio-compressed-zips/HN_NC_00173.zip
LIDO_hi1902.zip,compressed,42,42,2459209,1673868,2.35,1.6,785341,31.93,/home/santhosh/Desktop/audio-compressed-zips/LIDO_hi1902.zip
LIDO_hi0713.zip,compressed,105,101,2775118,1687666,2.65,1.61,1087452,39.19,/home/santhosh/Desktop/audio-compressed-zips/LIDO_hi0713.zip
LIDO_kn0303.zip,compressed,23,23,1712186,1690132,1.63,1.61,22054,1.29,/home/santhosh/Desktop/audio-compressed-zips/LIDO_kn0303.zip
HM_NC_00088.zip,compressed,73,1,1731932,1695000,1.65,1.62,36932,2.13,/home/santhosh/Desktop/audio-compressed-zips/HM_NC_00088.zip
MT_NC_00032.zip,compressed,97,97,4696827,1711510,4.48,1.63,2985317,63.56,/home/santhosh/Desktop/audio-compressed-zips/MT_NC_00032.zip
MT_NC_00050.zip,compressed,58,58,4613199,1708185,4.4,1.63,2905014,62.97,/home/santhosh/Desktop/audio-compressed-zips/MT_NC_00050.zip
HI_HA_0044.zip,compressed,103,103,10953989,1721963,10.45,1.64,9232026,84.28,/home/santhosh/Desktop/audio-compressed-zips/HI_HA_0044.zip
HM_NC_00081.zip,compressed,98,3,1828202,1717406,1.74,1.64,110796,6.06,/home/santhosh/Desktop/audio-compressed-zips/HM_NC_00081.zip
LIDO_en2000.zip,compressed,26,26,1830110,1718369,1.75,1.64,111741,6.11,/home/santhosh/Desktop/audio-compressed-zips/LIDO_en2000.zip
LIDO_hi1408.zip,compressed,170,170,4661426,1734345,4.45,1.65,2927081,62.79,/home/santhosh/Desktop/audio-compressed-zips/LIDO_hi1408.zip
HM_NC_00087.zip,compressed,123,5,1923938,1745179,1.83,1.66,178759,9.29,/home/santhosh/Desktop/audio-compressed-zips/HM_NC_00087.zip
LIDO_hi1703.zip,compressed,28,28,2353930,1742869,2.24,1.66,611061,25.96,/home/santhosh/Desktop/audio-compressed-zips/LIDO_hi1703.zip
HM_NC_00092.zip,compressed,96,3,1859477,1748681,1.77,1.67,110796,5.96,/home/santhosh/Desktop/audio-compressed-zips/HM_NC_00092.zip
MT_NC_00043.zip,compressed,78,78,4682045,1757595,4.47,1.68,2924450,62.46,/home/santhosh/Desktop/audio-compressed-zips/MT_NC_00043.zip
HM_NC_00079.zip,compressed,85,2,1857440,1783576,1.77,1.7,73864,3.98,/home/santhosh/Desktop/audio-compressed-zips/HM_NC_00079.zip
LIDO_en3800.zip,compressed,12,12,1804696,1780545,1.72,1.7,24151,1.34,/home/santhosh/Desktop/audio-compressed-zips/LIDO_en3800.zip
LIDO_en2404.zip,compressed,48,48,1946796,1794246,1.86,1.71,152550,7.84,/home/santhosh/Desktop/audio-compressed-zips/LIDO_en2404.zip
HI_HA_0008.zip,compressed,77,77,8902372,1805178,8.49,1.72,7097194,79.72,/home/santhosh/Desktop/audio-compressed-zips/HI_HA_0008.zip
HM_NC_00093.zip,compressed,102,3,1917868,1807072,1.83,1.72,110796,5.78,/home/santhosh/Desktop/audio-compressed-zips/HM_NC_00093.zip
MT_NC_00024.zip,compressed,73,73,4629759,1799320,4.42,1.72,2830439,61.14,/home/santhosh/Desktop/audio-compressed-zips/MT_NC_00024.zip
LIDO_en1902.zip,compressed,53,53,1923255,1815626,1.83,1.73,107629,5.6,/home/santhosh/Desktop/audio-compressed-zips/LIDO_en1902.zip
MT_NC_00049.zip,compressed,56,56,4604150,1811530,4.39,1.73,2792620,60.65,/home/santhosh/Desktop/audio-compressed-zips/MT_NC_00049.zip
MT_NC_00066.zip,compressed,76,76,4655719,1817629,4.44,1.73,2838090,60.96,/home/santhosh/Desktop/audio-compressed-zips/MT_NC_00066.zip
HI_HA_0001.zip,compressed,64,64,8970442,1835450,8.55,1.75,7134992,79.54,/home/santhosh/Desktop/audio-compressed-zips/HI_HA_0001.zip
HM_NC_00025.zip,compressed,88,88,4646740,1832222,4.43,1.75,2814518,60.57,/home/santhosh/Desktop/audio-compressed-zips/HM_NC_00025.zip
HM_NC_00031.zip,compressed,73,73,4565512,1834439,4.35,1.75,2731073,59.82,/home/santhosh/Desktop/audio-compressed-zips/HM_NC_00031.zip
HN_NC_00174.zip,compressed,75,75,4401713,1836323,4.2,1.75,2565390,58.28,/home/santhosh/Desktop/audio-compressed-zips/HN_NC_00174.zip
LIDO_hi1606.zip,compressed,42,42,2553133,1837593,2.43,1.75,715540,28.03,/home/santhosh/Desktop/audio-compressed-zips/LIDO_hi1606.zip
LIDO_en3304.zip,compressed,38,38,2081030,1854870,1.98,1.77,226160,10.87,/home/santhosh/Desktop/audio-compressed-zips/LIDO_en3304.zip
LIDO_maths0403_hi.zip,compressed,41,41,2428412,1852613,2.32,1.77,575799,23.71,/home/santhosh/Desktop/audio-compressed-zips/LIDO_maths0403_hi.zip
HI_HA_0015.zip,compressed,73,73,10260570,1870385,9.79,1.78,8390185,81.77,/home/santhosh/Desktop/audio-compressed-zips/HI_HA_0015.zip
HI_HA_0076.zip,compressed,62,62,2788805,1871427,2.66,1.78,917378,32.9,/home/santhosh/Desktop/audio-compressed-zips/HI_HA_0076.zip
HM_NC_00027.zip,compressed,100,100,4635953,1868605,4.42,1.78,2767348,59.69,/home/santhosh/Desktop/audio-compressed-zips/HM_NC_00027.zip
HM_NC_00028.zip,compressed,68,68,4643807,1869089,4.43,1.78,2774718,59.75,/home/santhosh/Desktop/audio-compressed-zips/HM_NC_00028.zip
HI_HA_0046.zip,compressed,87,87,9741607,1893848,9.29,1.81,7847759,80.56,/home/santhosh/Desktop/audio-compressed-zips/HI_HA_0046.zip
en6000.zip,compressed,99,99,2360196,1905915,2.25,1.82,454281,19.25,/home/santhosh/Desktop/audio-compressed-zips/en6000.zip
MT_NC_00034.zip,compressed,45,45,4639727,1924354,4.42,1.84,2715373,58.52,/home/santhosh/Desktop/audio-compressed-zips/MT_NC_00034.zip
MT_NC_00077.zip,compressed,66,66,4651088,1925086,4.44,1.84,2726002,58.61,/home/santhosh/Desktop/audio-compressed-zips/MT_NC_00077.zip
LIDO_en3204.zip,compressed,58,58,2479596,1946322,2.36,1.86,533274,21.51,/home/santhosh/Desktop/audio-compressed-zips/LIDO_en3204.zip
HI_HA_0087.zip,compressed,88,88,2793638,1974023,2.66,1.88,819615,29.34,/home/santhosh/Desktop/audio-compressed-zips/HI_HA_0087.zip
HM_NC_00026.zip,compressed,102,102,4592770,1970359,4.38,1.88,2622411,57.1,/home/santhosh/Desktop/audio-compressed-zips/HM_NC_00026.zip
LIDO_en2005.zip,compressed,36,36,2266455,1974166,2.16,1.88,292289,12.9,/home/santhosh/Desktop/audio-compressed-zips/LIDO_en2005.zip
HM_NC_00078.zip,compressed,116,8,2241181,1979490,2.14,1.89,261691,11.68,/home/santhosh/Desktop/audio-compressed-zips/HM_NC_00078.zip
LIDO_hi1904.zip,compressed,38,38,2831058,1995179,2.7,1.9,835879,29.53,/home/santhosh/Desktop/audio-compressed-zips/LIDO_hi1904.zip
pwc0001.zip,compressed,1,1,2024989,1990186,1.93,1.9,34803,1.72,/home/santhosh/Desktop/audio-compressed-zips/pwc0001.zip
HI_HA_0013.zip,compressed,58,58,8822303,2003775,8.41,1.91,6818528,77.29,/home/santhosh/Desktop/audio-compressed-zips/HI_HA_0013.zip
HM_NC_00096.zip,compressed,65,2,2072373,1998509,1.98,1.91,73864,3.56,/home/santhosh/Desktop/audio-compressed-zips/HM_NC_00096.zip
LIDO_kn0103.zip,compressed,20,20,2037923,2021081,1.94,1.93,16842,0.83,/home/santhosh/Desktop/audio-compressed-zips/LIDO_kn0103.zip
HI_HA_0033.zip,compressed,89,89,9736478,2037118,9.29,1.94,7699360,79.08,/home/santhosh/Desktop/audio-compressed-zips/HI_HA_0033.zip
MT_NC_00025.zip,compressed,158,158,4670949,2032280,4.45,1.94,2638669,56.49,/home/santhosh/Desktop/audio-compressed-zips/MT_NC_00025.zip
HI_HA_0084.zip,compressed,90,90,2782169,2087945,2.65,1.99,694224,24.95,/home/santhosh/Desktop/audio-compressed-zips/HI_HA_0084.zip
HI_HA_0085.zip,compressed,67,67,2891721,2101040,2.76,2,790681,27.34,/home/santhosh/Desktop/audio-compressed-zips/HI_HA_0085.zip
LIDO_en2500.zip,compressed,48,48,2399675,2098330,2.29,2,301345,12.56,/home/santhosh/Desktop/audio-compressed-zips/LIDO_en2500.zip
LIDO_en3306.zip,compressed,29,29,2489099,2119576,2.37,2.02,369523,14.85,/home/santhosh/Desktop/audio-compressed-zips/LIDO_en3306.zip
LIDO_en1901.zip,compressed,16,16,2174282,2137858,2.07,2.04,36424,1.68,/home/santhosh/Desktop/audio-compressed-zips/LIDO_en1901.zip
MT_NC_00067.zip,compressed,111,111,4653875,2135348,4.44,2.04,2518527,54.12,/home/santhosh/Desktop/audio-compressed-zips/MT_NC_00067.zip
HI_HA_0035.zip,compressed,73,73,11982481,2162228,11.43,2.06,9820253,81.96,/home/santhosh/Desktop/audio-compressed-zips/HI_HA_0035.zip
HI_HA_0049.zip,compressed,89,89,9808602,2160336,9.35,2.06,7648266,77.98,/home/santhosh/Desktop/audio-compressed-zips/HI_HA_0049.zip
MT_NC_00078.zip,compressed,120,120,4702705,2156749,4.48,2.06,2545956,54.14,/home/santhosh/Desktop/audio-compressed-zips/MT_NC_00078.zip
LIDO_en3302.zip,compressed,43,43,2524103,2176166,2.41,2.08,347937,13.78,/home/santhosh/Desktop/audio-compressed-zips/LIDO_en3302.zip
MT_NC_00081.zip,compressed,118,118,4702466,2196718,4.48,2.09,2505748,53.29,/home/santhosh/Desktop/audio-compressed-zips/MT_NC_00081.zip
HM_NC_00090.zip,unchanged (compression gave no saving),93,0,2200036,2200036,2.1,2.1,0,0,/home/santhosh/Desktop/audio-compressed-zips/HM_NC_00090.zip
MT_NC_00045.zip,compressed,148,148,4631427,2207744,4.42,2.11,2423683,52.33,/home/santhosh/Desktop/audio-compressed-zips/MT_NC_00045.zip
LIDO_hi1508.zip,compressed,30,30,2928333,2220797,2.79,2.12,707536,24.16,/home/santhosh/Desktop/audio-compressed-zips/LIDO_hi1508.zip
HM_NC_00058.zip,compressed,62,8,2485568,2240031,2.37,2.14,245537,9.88,/home/santhosh/Desktop/audio-compressed-zips/HM_NC_00058.zip
LIDO_en3802.zip,compressed,27,27,2355938,2245661,2.25,2.14,110277,4.68,/home/santhosh/Desktop/audio-compressed-zips/LIDO_en3802.zip
LIDO_hi1507.zip,compressed,35,35,2840658,2255346,2.71,2.15,585312,20.6,/home/santhosh/Desktop/audio-compressed-zips/LIDO_hi1507.zip
LIDO_en2414.zip,compressed,38,38,2350577,2262265,2.24,2.16,88312,3.76,/home/santhosh/Desktop/audio-compressed-zips/LIDO_en2414.zip
LIDO_en2705.zip,compressed,41,41,2421942,2272739,2.31,2.17,149203,6.16,/home/santhosh/Desktop/audio-compressed-zips/LIDO_en2705.zip
LIDO_en2001.zip,compressed,35,35,2411353,2283283,2.3,2.18,128070,5.31,/home/santhosh/Desktop/audio-compressed-zips/LIDO_en2001.zip
HI_HA_0020.zip,compressed,87,87,8889654,2315544,8.48,2.21,6574110,73.95,/home/santhosh/Desktop/audio-compressed-zips/HI_HA_0020.zip
LIDO_en2609.zip,compressed,23,23,2371844,2320809,2.26,2.21,51035,2.15,/home/santhosh/Desktop/audio-compressed-zips/LIDO_en2609.zip
HM_NC_00070.zip,compressed,91,4,2474859,2346677,2.36,2.24,128182,5.18,/home/santhosh/Desktop/audio-compressed-zips/HM_NC_00070.zip
HI_HA_0011.zip,compressed,70,70,9325019,2392600,8.89,2.28,6932419,74.34,/home/santhosh/Desktop/audio-compressed-zips/HI_HA_0011.zip
LIDO_hi1900.zip,compressed,38,38,3094043,2422485,2.95,2.31,671558,21.7,/home/santhosh/Desktop/audio-compressed-zips/LIDO_hi1900.zip
HI_HA_0051.zip,compressed,79,79,9834812,2430439,9.38,2.32,7404373,75.29,/home/santhosh/Desktop/audio-compressed-zips/HI_HA_0051.zip
HM_NC_00098.zip,compressed,87,4,2652446,2504718,2.53,2.39,147728,5.57,/home/santhosh/Desktop/audio-compressed-zips/HM_NC_00098.zip
LIDO_en3401.zip,compressed,24,24,2639441,2508887,2.52,2.39,130554,4.95,/home/santhosh/Desktop/audio-compressed-zips/LIDO_en3401.zip
LIDO_hi1608.zip,compressed,36,36,3113497,2508708,2.97,2.39,604789,19.42,/home/santhosh/Desktop/audio-compressed-zips/LIDO_hi1608.zip
MT_NC_00070.zip,compressed,88,88,4696785,2501037,4.48,2.39,2195748,46.75,/home/santhosh/Desktop/audio-compressed-zips/MT_NC_00070.zip
LIDO_hi1903.zip,compressed,39,39,3255135,2521624,3.1,2.4,733511,22.53,/home/santhosh/Desktop/audio-compressed-zips/LIDO_hi1903.zip
MT_NC_00098.zip,compressed,82,82,4663787,2513091,4.45,2.4,2150696,46.11,/home/santhosh/Desktop/audio-compressed-zips/MT_NC_00098.zip
HI_HA_0083.zip,compressed,89,89,3230064,2530480,3.08,2.41,699584,21.66,/home/santhosh/Desktop/audio-compressed-zips/HI_HA_0083.zip
LIDO_en2902.zip,compressed,37,37,2804560,2533314,2.67,2.42,271246,9.67,/home/santhosh/Desktop/audio-compressed-zips/LIDO_en2902.zip
HI_HA_0048.zip,compressed,119,119,12357899,2583945,11.79,2.46,9773954,79.09,/home/santhosh/Desktop/audio-compressed-zips/HI_HA_0048.zip
LIDO_en3502.zip,compressed,21,21,2734123,2599178,2.61,2.48,134945,4.94,/home/santhosh/Desktop/audio-compressed-zips/LIDO_en3502.zip
LIDO_en2004.zip,compressed,42,42,2896838,2612244,2.76,2.49,284594,9.82,/home/santhosh/Desktop/audio-compressed-zips/LIDO_en2004.zip
LIDO_hi1603.zip,compressed,36,36,3406083,2606246,3.25,2.49,799837,23.48,/home/santhosh/Desktop/audio-compressed-zips/LIDO_hi1603.zip
HI_HA_0082.zip,compressed,89,89,3358880,2645192,3.2,2.52,713688,21.25,/home/santhosh/Desktop/audio-compressed-zips/HI_HA_0082.zip
be1804a3-e420-4662-8f18-8862a127c966.zip,compressed,33,1,2668647,2655401,2.55,2.53,13246,0.5,/home/santhosh/Desktop/audio-compressed-zips/be1804a3-e420-4662-8f18-8862a127c966.zip
HN_NC_00154.zip,compressed,81,81,4731813,2713001,4.51,2.59,2018812,42.66,/home/santhosh/Desktop/audio-compressed-zips/HN_NC_00154.zip
LIDO_en2901.zip,compressed,32,32,2948925,2713722,2.81,2.59,235203,7.98,/home/santhosh/Desktop/audio-compressed-zips/LIDO_en2901.zip
HI_HA_0078.zip,compressed,80,80,3617914,2737589,3.45,2.61,880325,24.33,/home/santhosh/Desktop/audio-compressed-zips/HI_HA_0078.zip
HI_HA_0019.zip,compressed,83,83,9901568,2743796,9.44,2.62,7157772,72.29,/home/santhosh/Desktop/audio-compressed-zips/HI_HA_0019.zip
HI_HA_0077.zip,compressed,70,70,3619560,2762260,3.45,2.63,857300,23.69,/home/santhosh/Desktop/audio-compressed-zips/HI_HA_0077.zip
LIDO_en2604.zip,compressed,39,39,3052808,2765279,2.91,2.64,287529,9.42,/home/santhosh/Desktop/audio-compressed-zips/LIDO_en2604.zip
LIDO_en3601.zip,compressed,23,23,3024447,2868556,2.88,2.74,155891,5.15,/home/santhosh/Desktop/audio-compressed-zips/LIDO_en3601.zip
HI_HA_0017.zip,compressed,76,76,9715999,2886797,9.27,2.75,6829202,70.29,/home/santhosh/Desktop/audio-compressed-zips/HI_HA_0017.zip
d108024b-7c51-4564-90f8-d9ea90dc27c6.zip,compressed,46,1,2983596,2970350,2.85,2.83,13246,0.44,/home/santhosh/Desktop/audio-compressed-zips/d108024b-7c51-4564-90f8-d9ea90dc27c6.zip
LIDO_en3501.zip,compressed,15,15,3059140,2978224,2.92,2.84,80916,2.65,/home/santhosh/Desktop/audio-compressed-zips/LIDO_en3501.zip
MT_NC_00073.zip,compressed,107,107,4647403,3003456,4.43,2.86,1643947,35.37,/home/santhosh/Desktop/audio-compressed-zips/MT_NC_00073.zip
LIDO_en0505.zip,compressed,35,35,3048918,3006182,2.91,2.87,42736,1.4,/home/santhosh/Desktop/audio-compressed-zips/LIDO_en0505.zip
LIDO_en2501.zip,compressed,43,43,3222819,3025052,3.07,2.88,197767,6.14,/home/santhosh/Desktop/audio-compressed-zips/LIDO_en2501.zip
LIDO_hi1402.zip,compressed,441,406,3493939,3134994,3.33,2.99,358945,10.27,/home/santhosh/Desktop/audio-compressed-zips/LIDO_hi1402.zip
HI_HA_0086.zip,compressed,127,127,3689197,3159327,3.52,3.01,529870,14.36,/home/santhosh/Desktop/audio-compressed-zips/HI_HA_0086.zip
LIDO_en3500.zip,compressed,19,19,3282148,3185492,3.13,3.04,96656,2.94,/home/santhosh/Desktop/audio-compressed-zips/LIDO_en3500.zip
MT_NC_00040.zip,compressed,137,137,4690316,3232710,4.47,3.08,1457606,31.08,/home/santhosh/Desktop/audio-compressed-zips/MT_NC_00040.zip
LIDO_en3400.zip,compressed,32,32,3591054,3432611,3.42,3.27,158443,4.41,/home/santhosh/Desktop/audio-compressed-zips/LIDO_en3400.zip
LIDO_en2903.zip,compressed,45,45,3937433,3604487,3.76,3.44,332946,8.46,/home/santhosh/Desktop/audio-compressed-zips/LIDO_en2903.zip
LIDO_en2503.zip,compressed,36,36,3857522,3700411,3.68,3.53,157111,4.07,/home/santhosh/Desktop/audio-compressed-zips/LIDO_en2503.zip
MT_NC_00044.zip,compressed,190,175,4649486,3888045,4.43,3.71,761441,16.38,/home/santhosh/Desktop/audio-compressed-zips/MT_NC_00044.zip
LIDO_en3303.zip,compressed,45,45,4587039,4113235,4.37,3.92,473804,10.33,/home/santhosh/Desktop/audio-compressed-zips/LIDO_en3303.zip
MT_NC_00068.zip,compressed,218,184,4651790,4171907,4.44,3.98,479883,10.32,/home/santhosh/Desktop/audio-compressed-zips/MT_NC_00068.zip
LIDO_hi1415.zip,unchanged (compression gave no saving),579,0,4301671,4301671,4.1,4.1,0,0,/home/santhosh/Desktop/audio-compressed-zips/LIDO_hi1415.zip
HI_HA_0034.zip,compressed,317,305,8952098,5435105,8.54,5.18,3516993,39.29,/home/santhosh/Desktop/audio-compressed-zips/HI_HA_0034.zip
MT_NC_00060.zip,compressed,278,228,8803674,6482193,8.4,6.18,2321481,26.37,/home/santhosh/Desktop/audio-compressed-zips/MT_NC_00060.zip
mz_pt5_0004.zip,compressed,116,1,9586728,9573482,9.14,9.13,13246,0.14,/home/santhosh/Desktop/audio-compressed-zips/mz_pt5_0004.zip
MT_NC_00084.zip,compressed,538,510,13690318,9605563,13.06,9.16,4084755,29.84,/home/santhosh/Desktop/audio-compressed-zips/MT_NC_00084.zip
mz_pt5_0003.zip,compressed,89,1,11671166,11657920,11.13,11.12,13246,0.11,/home/santhosh/Desktop/audio-compressed-zips/mz_pt5_0003.zip
mz_pt5_0001.zip,compressed,94,1,11755814,11742568,11.21,11.2,13246,0.11,/home/santhosh/Desktop/audio-compressed-zips/mz_pt5_0001.zip
